election,country,ISO,year,date,office,numresponses,COUNTRYDATA,PR,CL,fhcategory,development,gdp_pc_ppp,region,region9,oecd,OVERALLINTEGRITY,PEI_add_original_m,PEI_add_original,PEI_add_new_m,PEI_add_new,PEI_concept_m,PEI_contestation_m,PEI_participation_m,PEI_deliberation_m,PEI_adjudication_m,PEI_concept,PEI_contestation,PEI_participation,PEI_deliberation,PEI_adjudication,rating,LAWS,lawsunfair,lawsunfair2,favoredincumbent,favoredincumbent2,citizens,citizens2,certainty,changes,equal,enfranchised,laws,laws_m,laws_new,laws_new_m,PROCEDURES,managed,votinginfo,fairofficials,legalelections,procedures,procedures_m,procedures_new,procedures_new_m,BOUNDARIES,bdiscrim,bdiscrim2,bfavored,bfavored2,bimpartial,boundaries,boundaries_m,boundaries_new,boundaries_new_m,VOTERREGISTRATION,reglisted,reglisted2,reginaccurate,reginaccurate2,ineligible,ineligible2,unlikelyreg,unlikelyreg2,votereg,votereg_m,voterreg_new,voterreg_new_m,PARTYREGISTRATION,oppprevent,oppprevent2,womenopp,minorityopp,leaderselect,leaderselect2,rallies,rallies2,equalopp,partytargeted,partytargeted2,partyreg,partyreg_m,partyreg_new,partyreg_new_m,MEDIACOVERAGE,balanced,tv,tv2,fairaccess,faircoverage,socialmedia,disinformation,disinformation2,informed,media,media_m,media_new,media_new_m,CAMPAIGNFINANCE,subsidies,donations,accounts,rich,rich2,resources,resources2,bribed,bribed2,finance,finance_m,finance_new,finance_new_m,VOTINGPROCESS,violence,violence2,fraudulent,fraudulent2,easy,choice,disabled,expats,internet,gaps,gaps2,encouraged,identification,identification2,voting,voting_m,voting_new,voting_new_m,VOTECOUNT,secure,delay,faircount,intlmonitors,intlmonitors2,domesticmonitors,domesticmonitors2,count,count_m,count_new,count_new_m,VOTINGRESULTS,challenged,challenged2,protestspeace,protestspeace2,protestsviolent,protestsviolent2,disputes,effective,results,results_m,results_new,results_new_m,ELECTIONAUTHORITIES,impartial,info,scrutiny,performance,targeted,targeted2,EMBs,EMBs_m,EMBs_new,EMBs_new_m,GENERALQUESTIONS,familiarity,important,ORGCONFIDENCE,courts,government,parliament,armedforces,electoralauth,BACKGROUND,expertdomestic,currentlylive,electionlive,employment,public,university,nonprofit,agency,private,occupation,agegroup,sex,education,born,lived,candidate,rep,activist,ngo,voted,norole,monitor,monitorint,official,citizen,leftrightscale,difficulty,VIGNETTES,vignettea,vignetteb,vignettec,vignetted,vignettee,vignettef,ROTATING,freetovote,fearviolence,fearviolence2,ballotconfidential,freefairelect,cashforvotes,cashforvotes2,patronage,patronage2,audit,hacking,campaignnews,govtnews,fakenews,fakenews2,hatespeech,hatespeech2,informedchoices,foreigninterference,foreigninterference2,mediamonitors,cyberattacks,cyberattacks2,diversenews,journalisticstandards,partisanjournalists,partisanjournalists2,fakesocial,fakesocial2,emergency,emergency2,safetyvoters,safetyworkers,safetyworkers2,opportunitycampaign,opportunitycampaign2,incumbentcampaign,incumbentcampaign2,postponed,postponed2,hesitant,hesitant2,support,shortage,shortage2,resourced,resourced2
AFG_14062014_P2,Afghanistan,AFG,2014.0,2014-06-14,Presidential,6.0,,6,6,0,1,1875.4474,3,3,0,,30.846088,,,,35.2853,35.805553,21.354166,56.666668,27.314816,33.32176,32.708332,21.180555,52.083332,27.314816,2.3333333,,2.6666667,3.3333333,3.5,2.5,2.6666667,3.3333333,,,,,61.11111,51.38889,,,,1.6666666,2.8333333,1.6666666,1.6666666,23.958334,23.958334,23.958334,23.958334,,3.0,3.0,3.5,2.5,2.5,41.666664,41.666668,41.666664,41.666668,,4.0,2.0,4.1666665,1.8333334,4.6,1.4,,,18.333332,18.61111,,,,3.6,2.4,1.5,2.5,3.6,2.4,3.4,2.6,,,,35.0,32.0,,,,2.6666667,2.8,3.2,3.6,3.8,4.0,,,,61.25,61.333332,,,,1.6666666,2.0,2.0,4.1666665,1.8333334,4.2,1.8,,,12.5,21.5,,,,4.6666665,1.3333334,4.8333335,1.1666666,3.1666667,3.6,2.25,2.0,1.3333334,,,,,,29.166668,31.319445,,,,1.5,2.0,1.4,3.5,2.5,3.8333333,2.1666667,20.0,22.833334,20.0,22.833334,,4.8333335,1.1666666,3.5,2.5,4.0,2.0,2.5,,26.041666,26.041666,,,,2.0,2.8,1.6666666,1.8333334,,,28.75,26.875,,,,8.0,,,3.1666667,2.8333333,4.0,4.5,3.5,,,,,3.0,0.16666667,1.0,0.16666667,0.16666667,0.16666667,,,,,,,0.0,0.0,0.0,0.0,0.0,0.8333333,0.16666667,0.16666667,0.16666667,0.0,4.5,8.0,,4.5,7.8333335,7.6666665,,,,,,,,,,,,,,,,,,,,,,,,,,,,,,,,,,,,,,,,,,,,,,,,,,,
AFG_20102018_L1,Afghanistan,AFG,2018.0,2018-10-20,Legislative,8.0,,5,6,0,1,1803.9874267578125,3,3,0,,28.932823,,,,38.68663,44.64732,14.588294,66.74107,28.76984,40.008682,43.671875,19.401043,67.96875,28.993055,3.0,,3.0,3.0,3.25,2.75,3.6666667,2.3333333,,,,,50.0,42.36111,,,,1.4285715,2.0,2.5714285,2.142857,25.892857,25.892857,25.892857,25.892857,,4.25,1.75,3.3333333,2.6666667,2.4,36.11111,31.805557,36.11111,31.805557,,4.571429,1.4285715,4.0,2.0,4.428571,1.5714285,,,14.285714,16.666666,,,,3.625,2.375,3.375,3.75,2.5,3.5,2.2857144,3.7142856,,,,56.25,58.571426,,,,3.75,2.5714285,3.4285715,3.125,4.125,4.571429,,,,69.166664,70.0,,,,2.8,2.2857144,1.875,3.8333333,2.1666667,3.7142856,2.2857144,3.75,2.25,33.75,32.065475,33.333336,31.929564,,4.5,1.5,4.857143,1.1428572,2.25,3.75,2.0,1.2,1.1666666,,,,,,20.0,24.345238,,,,2.25,1.25,1.875,3.5714285,2.4285715,3.5,2.5,26.428572,26.517857,26.428572,26.517857,,4.0,2.0,3.25,2.75,3.25,2.75,2.0,,34.375,34.375,,,,1.75,2.2857144,2.0,1.5,,,24.107143,22.098215,,,,9.375,,,2.875,3.375,3.25,6.375,2.5,,,,,3.0,0.375,0.75,0.375,0.25,0.125,,,,,,,0.0,0.125,0.0,0.0,0.25,0.375,0.0,0.375,0.25,0.375,3.75,7.625,,,,,5.125,4.125,2.5,,,,,,,,,,,,,,,2.625,2.625,2.2,2.2,3.4285715,3.6666667,3.6666667,3.25,2.4,2.4,3.25,3.5,2.875,2.875,3.2857144,3.2857144,,,,,,,,,,,,,,,,,,
AFG_28092019_P1,Afghanistan,AFG,2019.0,2019-09-28,Presidential,2.0,,5,6,0,1,2152.1902428294497,3,3,0,,27.040817,,,,40.399303,46.666668,9.027778,78.125,27.777777,40.46875,46.770836,9.201389,78.125,27.777777,3.5,,3.0,3.0,4.0,2.0,3.0,3.0,,,,,41.666664,41.666664,,,,1.5,3.0,2.5,2.0,31.25,31.25,31.25,31.25,,3.0,3.0,3.0,3.0,3.0,50.0,50.0,50.0,50.0,,5.0,1.0,4.5,1.5,3.5,2.5,,,16.666666,16.666666,,,,2.5,3.5,3.5,3.5,2.0,4.0,3.0,3.0,,,,62.5,62.5,,,,4.0,2.5,3.5,3.5,4.0,5.0,,,,75.0,75.0,,,,2.0,2.0,1.5,3.5,2.5,5.0,1.0,4.0,2.0,20.0,20.0,20.833334,20.833334,,5.0,1.0,5.0,1.0,2.5,4.5,2.0,1.0,1.0,,,,,,33.333332,25.0,,,,1.5,1.0,1.5,3.0,3.0,2.5,3.5,27.5,27.5,27.5,27.5,,5.0,1.0,4.5,1.5,3.0,3.0,1.5,,18.75,18.75,,,,2.0,3.0,2.0,2.0,,,31.25,31.25,,,,10.0,,,2.5,3.5,3.0,3.5,3.0,,,,,2.0,0.0,1.0,0.0,0.0,0.0,,,,,,,0.0,0.0,0.0,0.0,0.0,0.0,0.0,1.0,0.0,0.0,4.0,9.0,,,,,9.5,5.0,1.5,,,,,,,,,,,,,,,2.0,2.0,3.0,3.0,4.0,4.0,4.0,4.0,2.0,2.0,4.5,4.0,3.0,3.0,4.0,4.0,,,,,,,,,,,,,,,,,,
ALB_23062013_L1,Albania,ALB,2013.0,2013-06-23,Legislative,19.0,,3,3,1,2,10584.447,4,5,0,,53.325325,50.0,,,52.775856,41.547646,47.45934,52.540203,69.556244,53.042305,41.24452,49.06798,51.31579,70.54094,6.4210525,,3.5263157,2.4736843,3.1052632,2.8947368,2.1578948,3.8421052,,,,,51.754387,51.754387,,,,3.5789473,3.6842105,3.4210527,3.6842105,64.802635,64.802635,64.802635,64.802635,,2.8,3.2,2.6,3.4,3.090909,55.0,55.757576,55.0,55.757576,,2.3333333,3.6666667,2.5789473,3.4210527,2.9444444,3.0555556,,,59.25926,59.52729,,,,1.9444444,4.0555553,2.2105262,3.4736843,4.4210525,1.5789474,2.5263157,3.4736843,,,,49.166668,48.961987,,,,2.3888888,3.3157895,2.6842105,3.0,2.368421,3.8333333,,,,44.117645,46.374268,,,,2.9473684,2.3529413,1.4210526,4.111111,1.8888888,4.1764708,1.8235294,,,25.666666,27.168903,,,,3.1666667,2.8333333,3.1333334,2.8666666,4.105263,3.6666667,2.1875,2.5,1.3571428,,,,,,57.5,50.66429,,,,4.2222223,3.2222223,3.6111112,1.4210526,4.5789475,1.4736842,4.5263157,75.29412,75.80409,75.29412,75.80409,,1.8947369,4.105263,1.6875,4.3125,1.3529412,4.647059,3.5294118,,78.333336,78.71396,,,,2.6842105,3.8421052,3.2941177,3.1111112,,,55.882355,55.822155,,,,8.526316,,,3.5789473,4.388889,4.631579,5.263158,4.4736843,,,,,2.8823528,0.15789473,0.7368421,0.5263158,0.21052632,0.10526316,,,,,,,0.0,0.0,0.0,0.15789473,0.36842105,0.47368422,0.05263158,0.0,0.05263158,0.84210527,5.882353,9.473684,,3.4210527,6.7777777,6.9444447,,,,,,,,,,,,,,,,,,,,,,,,,,,,,,,,,,,,,,,,,,,,,,,,,,,
ALB_25062017_L1,Albania,ALB,2017.0,2017-06-25,Legislative,17.0,,3,3,1,3,11928.536,4,5,0,,51.03593,48.03207,,,49.528687,40.99755,41.382404,48.965992,66.76879,49.978043,41.047794,45.098038,47.42647,66.33987,6.2352943,,4.2352943,1.7647059,3.5,2.5,2.7058823,3.2941177,,,,,37.5,37.990196,,,,3.5294118,4.1875,3.0,3.5625,65.0,64.24632,65.0,64.24632,,3.8,2.2,3.3,2.7,3.0,40.0,40.833336,40.0,40.833336,,1.9166666,4.0833335,2.0769231,3.9230769,2.5384614,3.4615386,,,71.52778,70.56624,,,,2.3333333,3.6666667,3.3529413,3.6470587,4.875,1.125,2.5625,3.4375,,,,51.07143,51.145832,,,,2.6875,3.3529413,2.6470587,3.1176472,2.4117646,3.7333333,,,,46.785713,47.98652,,,,3.2666667,2.9333334,1.882353,3.8125,2.1875,3.5,2.5,3.8823528,2.1176472,38.076923,38.849266,35.897434,37.03125,,2.5,3.5,3.5,2.5,4.1764708,3.25,2.857143,1.5,1.2857143,,,,,,44.907406,49.09839,,,,3.764706,3.5882354,3.1176472,2.125,3.875,2.0588236,3.9411764,66.25,66.43382,66.25,66.43382,,2.8823528,3.1176472,1.9375,4.0625,1.5882353,4.4117646,3.8235295,,71.09375,71.346504,,,,2.8235295,3.8823528,3.0625,3.4117646,,,57.421875,57.37592,,,,9.0,,,3.4705882,4.352941,4.647059,6.2352943,5.2352943,,,,,2.9411764,0.05882353,0.8235294,0.3529412,0.05882353,0.05882353,,,,,,,0.0,0.0,0.05882353,0.1764706,0.5882353,0.3529412,0.0,0.0,0.0,0.9411765,4.647059,9.235294,,,,,7.470588,5.9411764,3.7058823,,,,,3.8235295,,,,,,14.0,14.823529,2.8235295,8.470589,3.0588236,3.0588236,,,,,,,,,,,,,,,,,,,,,,,,,,,,,,,,
ALB_25042021_L1,Albania,ALB,2021.0,2021-04-25,Legislative,7.0,,3,3,1,3,15646.041522634432,4,5,0,,40.07653,35.034016,,,38.30456,29.27976,31.478174,44.642857,47.81746,35.9003,28.422619,31.944445,34.82143,48.412697,4.0,,4.8333335,1.1666666,4.714286,1.2857143,3.7142856,2.2857144,,,,,16.666666,14.484127,,,,2.4285715,3.0,2.5714285,2.8333333,45.833332,42.708332,45.833332,42.708332,,4.6,1.4,4.5,1.5,2.25,18.75,17.916666,18.75,17.916666,,2.6666667,3.3333333,2.5714285,3.4285715,2.6666667,3.3333333,,,56.944443,59.126984,,,,2.3333333,3.6666667,3.857143,4.1666665,5.0,1.0,3.1666667,2.8333333,,,,50.0,52.61905,,,,1.5714285,4.428571,1.5714285,2.3333333,2.142857,3.6,,,,31.0,31.095238,,,,2.4285715,2.5,1.8333334,4.714286,1.2857143,4.714286,1.2857143,4.428571,1.5714285,20.0,21.666666,19.166666,20.436508,,3.4,2.6,4.0,2.0,3.5714285,4.0,2.8333333,1.4285715,3.0,,,,,,42.708336,43.47222,,,,3.8333333,3.142857,2.2857144,2.2857144,3.7142856,2.5,3.5,58.333332,57.38095,58.333332,57.38095,,4.142857,1.8571428,3.1666667,2.8333333,1.8333334,4.1666665,2.5,,45.833332,45.982143,,,,3.0,3.4285715,3.0,2.7142856,,,50.892857,50.892857,,,,9.571428,,,3.4285715,2.857143,3.2857144,4.571429,3.857143,,,,,1.0,0.2857143,0.85714287,0.71428573,0.14285715,0.0,,,,,,,0.0,0.0,0.14285715,0.14285715,0.42857143,0.2857143,0.14285715,0.0,0.0,1.0,5.857143,9.571428,,,,,6.285714,4.142857,4.0,,,,,,,,,,,,,,,,,,,,,,,,,,,,,,,,,,,,,,,,,,,,,,,,
DZA_17042014_P1,Algeria,DZA,2014.0,2014-04-17,Presidential,8.0,,6,5,0,3,14202.866,1,8,0,,43.669827,40.30612,,,43.65625,29.565475,61.664185,39.84375,43.551586,43.66211,28.945312,63.151043,39.84375,42.708332,3.75,,3.875,2.125,4.375,1.625,3.75,2.25,,,,,25.0,25.0,,,,2.75,3.6666667,2.625,2.875,55.208332,49.479168,55.208332,49.479168,,3.4,2.6,3.4,2.6,2.2,36.666668,36.666664,36.666668,36.666664,,3.8,2.2,3.6666667,2.3333333,3.25,2.75,,,33.333332,35.694443,,,,3.4285715,2.5714285,2.5,2.5714285,3.5714285,2.4285715,4.0,2.0,,,,33.0,35.357143,,,,2.625,4.0,2.0,1.875,3.25,4.0,,,,43.75,43.75,,,,2.7142856,1.75,1.625,3.7142856,2.2857144,4.375,1.625,,,21.25,25.0,,,,2.8333333,3.1666667,3.5,2.5,3.875,2.875,3.0,4.714286,1.6,,,,,,70.833336,58.878967,,,,3.375,4.125,2.8,2.857143,3.142857,2.7142856,3.2857144,61.0,58.642857,61.0,58.642857,,3.75,2.25,2.875,3.125,2.375,3.625,2.5,,41.666668,46.875,,,,1.875,3.25,2.125,2.375,,,35.15625,35.15625,,,,8.5,,,3.625,3.5,3.125,4.25,3.375,,,,,2.7142856,0.125,0.875,0.125,0.0,0.0,,,,,,,0.0,0.0,0.0,0.0,0.25,0.75,0.0,0.0,0.0,0.375,4.25,8.875,,2.75,6.0,5.5,,,,,,,,,,,,,,,,,,,,,,,,,,,,,,,,,,,,,,,,,,,,,,,,,,,
DZA_04052017_L1,Algeria,DZA,2017.0,2017-05-04,Legislative,12.0,,6,5,0,3,15074.925,1,8,0,,37.816624,44.89796,,,43.158634,34.417297,55.157825,41.145832,41.91358,43.425926,35.104168,56.944443,41.145832,40.50926,4.1666665,,3.4545455,2.5454545,4.1666665,1.8333334,3.090909,2.909091,,,,,35.60606,35.732323,,,,3.0833333,2.7272727,2.7,3.0,46.875,46.941288,46.875,46.941288,,3.0,3.0,3.5,2.5,2.875,44.791664,44.791668,44.791664,44.791668,,3.5,2.5,3.3,2.7,3.3333333,2.6666667,,,41.666668,40.555557,,,,3.3333333,2.6666667,3.0,3.5833333,3.4545455,2.5454545,4.090909,1.9090909,,,,42.272728,43.522728,,,,2.75,4.0,2.0,2.5,2.8333333,4.090909,,,,44.090908,45.871212,,,,2.6666667,2.1,1.5,3.75,2.25,4.2727275,1.7272727,3.8,2.2,26.5,26.219696,25.462963,26.849747,,2.6363637,3.3636363,3.8,2.2,3.5,2.9166667,2.3333333,4.2727275,1.8571428,,,,,,54.166668,52.44318,,,,2.6666667,3.25,2.5555556,3.3,2.7,3.4444444,2.5555556,43.75,43.63889,43.75,43.63889,,4.0833335,1.9166666,2.5454545,3.4545455,1.9090909,4.090909,2.5833333,,51.704544,50.284092,,,,2.1666667,3.1666667,2.0833333,2.3636363,,,34.090908,36.126892,,,,8.181818,,,4.0833335,3.6666667,3.0,5.4166665,3.75,,,,,2.8333333,0.083333336,0.9166667,0.0,0.0,0.0,,,,,,,0.0,0.0,0.083333336,0.0,0.16666667,0.8333333,0.0,0.0,0.0,0.33333334,4.0833335,9.0,,,,,7.3333335,4.5833335,2.3333333,,,,,3.090909,,,,,,42.166668,42.416668,2.75,2.5833333,2.9166667,2.9166667,,,,,,,,,,,,,,,,,,,,,,,,,,,,,,,,
DZA_12122019_P1,Algeria,DZA,2019.0,2019-12-12,Presidential,4.0,,6,5,0,2,12008.264830338043,1,8,0,,50.0,,,,51.006947,45.34722,61.921295,39.583336,57.175926,48.84549,42.083332,63.88889,39.583332,56.944443,4.6666665,,3.75,2.25,4.25,1.75,3.75,2.25,,,,,27.083334,27.083334,,,,3.0,4.0,2.75,3.75,59.375,59.375,59.375,59.375,,2.0,4.0,2.0,4.0,4.0,75.0,75.0,75.0,75.0,,2.5,3.5,2.5,3.5,2.5,3.5,,,62.5,62.5,,,,3.5,2.5,3.6666667,3.5,4.0,2.0,3.0,3.0,,,,65.0,48.333332,,,,3.6666667,4.0,2.0,3.3333333,3.6666667,1.5,,,,45.0,45.833332,,,,3.0,2.6666667,2.6666667,3.5,2.5,4.0,2.0,3.5,2.5,35.0,39.166668,35.416668,38.88889,,2.3333333,3.6666667,4.0,2.0,4.0,2.3333333,2.5,4.3333335,2.0,,,,,,58.333332,53.47222,,,,2.6666667,4.0,2.6666667,3.0,3.0,2.6666667,3.3333333,55.0,53.333332,55.0,53.333332,,3.3333333,2.6666667,3.0,3.0,1.6666666,4.3333335,3.0,,56.25,56.25,,,,2.6666667,3.6666667,3.0,3.0,,,52.083332,52.083336,,,,8.333333,,,5.0,5.0,4.0,6.0,4.6666665,,,,,2.0,0.0,0.75,0.0,0.0,0.0,,,,,,,0.0,0.0,0.0,0.0,0.25,0.5,0.0,0.0,0.0,0.25,5.3333335,9.0,,,,,9.333333,6.3333335,3.3333333,,,,,,,,,,,,,,,2.0,2.0,2.0,2.0,3.6666667,2.0,2.0,2.6666667,1.5,1.5,3.3333333,3.6666667,3.6666667,3.6666667,3.0,3.0,,,,,,,,,,,,,,,,,,
DZA_07092024_P1,Algeria,DZA,2024.0,2024-09-07,Presidential,7.0,,6,5,0,3,15159.0,1,8,0,,42.042942,61.22449,43.707756,62.903225,40.16931,33.58962,53.10615,30.952381,43.0291,38.209324,30.530754,52.217262,30.555555,43.92361,4.285714,,3.6666667,2.3333333,4.1666665,1.8333334,3.3333333,2.6666667,3.8,2.6,3.1666667,3.6666667,31.944445,31.944445,50.0,46.666668,,3.0,3.5714285,2.5,3.1666667,53.125,51.488094,53.125,51.488094,,2.6666667,3.3333333,4.25,1.75,2.25,41.666668,36.11111,41.666668,36.11111,,3.0,3.0,2.8,3.2,2.6,3.4,3.25,2.75,55.0,55.0,57.8125,52.1875,,4.142857,1.8571428,3.0,3.3333333,4.1666665,1.8333334,3.6666667,2.3333333,1.8333334,2.6666667,3.3333333,36.666668,36.785713,37.5,37.585033,,2.1666667,4.1666665,1.8333334,2.1666667,2.6666667,2.8333333,3.0,3.0,2.0,33.333332,33.333332,34.523808,34.52381,,2.2,2.0,1.8333334,3.3333333,2.6666667,4.1666665,1.8333334,3.6,2.4,29.0,27.666666,31.25,28.88889,,2.5,3.5,3.2,2.8,3.6666667,2.3333333,2.5,4.4,2.0,4.0,2.0,3.1666667,3.5,2.5,75.0,55.0,57.5,42.166668,,3.2,3.3333333,2.8,3.4,2.6,3.75,2.25,45.0,45.916668,45.0,45.916668,,3.8333333,2.1666667,2.0,4.0,1.3333334,4.6666665,3.1666667,2.4,62.5,62.5,54.0,57.0,,2.1666667,3.0,2.3333333,2.3333333,2.0,4.0,36.458332,36.458332,48.75,44.166668,,6.714286,2.0,,5.571429,4.285714,3.857143,5.714286,4.571429,,0.0,0.0,0.0,1.2857143,,1.0,,,1.0,5.714286,4.571429,0.2857143,5.0,1.0,2.0,0.0,0.0,0.0,0.0,0.14285715,0.85714287,0.0,0.0,0.0,1.0,4.285714,9.0,,4.571429,5.285714,3.142857,,,,,,,,,,,,,,,,,,,,,,,,,,,,,,,,,,,,,,,,,,,,,,,,,,,
AGO_31082012_L1,Angola,AGO,2012.0,2012-08-31,Legislative,11.0,,6,5,0,3,6109.1367,1,1,0,,33.291527,43.367348,,,33.80666,32.126892,28.88889,41.477272,32.733585,33.964645,32.765152,31.818182,41.477272,29.79798,,,4.0,2.0,4.2727275,1.7272727,3.4545455,2.5454545,,,,,25.833332,27.272726,,,,2.2727273,2.909091,2.2,2.5,36.11111,36.761364,36.11111,36.761364,,3.75,2.25,4.0,2.0,3.0,31.25,35.416668,31.25,35.416668,,4.3333335,1.6666666,4.3,1.7,4.0,2.0,,,22.222221,19.722221,,,,3.1818182,2.8181818,3.2,3.5,3.7272727,2.2727273,3.4545455,2.5454545,,,,46.0,46.68182,,,,1.6363636,4.4545455,1.5454545,2.1,2.1818182,3.9,,,,33.0,31.818182,,,,2.1818182,1.6,1.9090909,4.0,2.0,4.181818,1.8181819,,,23.5,22.545454,,,,3.3,2.7,4.0,2.0,2.9,3.7272727,2.2,2.0,1.2857143,,,,,,41.666668,39.696968,,,,2.2222223,3.7272727,2.3,4.125,1.875,4.5,1.5,35.714287,33.122475,35.714287,33.122475,,4.181818,1.8181819,3.6363637,2.3636363,2.0,4.0,2.6666667,,39.583332,42.803032,,,,1.9090909,3.4545455,1.9090909,2.2727273,,,34.659092,34.659092,,,,8.0,,,3.2727273,2.7272727,2.909091,4.090909,3.090909,,,,,2.6363637,0.18181819,0.8181818,0.27272728,0.0,0.18181819,,,,,,,0.0,0.0,0.0,0.09090909,0.0,0.90909094,0.0,0.0,0.0,0.09090909,3.909091,8.454545,,,,,,,,,,,,,,,,,,,,,,,,,,,,,,,,,,,,,,,,,,,,,,,,,,,,,,,
AGO_23082017_L1,Angola,AGO,2017.0,2017-08-23,Legislative,12.0,,6,6,0,2,6499.067104,1,1,0,,34.36745,25.255102,,,39.843803,38.069443,38.277565,42.708332,40.319866,40.68866,38.246525,39.90162,42.708332,41.898148,4.25,,3.1818182,2.8181818,3.8181818,2.1818182,2.6363637,3.3636363,,,,,44.696968,44.696968,,,,2.5,2.7,2.4545455,2.5,38.125,38.465908,38.125,38.465908,,3.4,2.6,3.6,2.4,3.2,43.333332,43.333332,43.333332,43.333332,,3.909091,2.090909,3.7272727,2.2727273,3.7777777,2.2222223,,,32.407406,29.882154,,,,2.5,3.5,3.0,3.0,3.7272727,2.2727273,2.7,3.3,,,,51.875,50.363636,,,,1.5,4.3333335,1.6666666,1.8333334,2.1666667,3.909091,,,,30.454546,30.378788,,,,2.75,2.7,1.7777778,4.0,2.0,3.8181818,2.1818182,4.0,2.0,30.0,32.04798,32.63889,30.873316,,2.6363637,3.3636363,3.4,2.6,3.9166667,3.8333333,3.1111112,2.090909,1.4444444,,,,,,56.25,53.815235,,,,2.7272727,2.5454545,2.2727273,2.8181818,3.1818182,3.5,2.5,44.5,41.136364,44.5,41.136364,,4.0,2.0,3.0,3.0,2.0,4.0,2.6666667,,46.52778,47.916668,,,,2.5,3.1666667,2.3333333,2.4166667,,,40.104168,40.104168,,,,7.8333335,,,3.4166667,3.25,3.5833333,4.1666665,3.6666667,,,,,2.5555556,0.083333336,0.75,0.5,0.16666667,0.083333336,,,,,,,0.0,0.0,0.0,0.0,0.0,1.0,0.0,0.0,0.0,0.0,4.4166665,8.5,,,,,6.9166665,5.1666665,3.0,,,,,3.0,,,,,,25.666666,10.416667,2.5833333,2.0833333,26.583334,26.583334,,,,,,,,,,,,,,,,,,,,,,,,,,,,,,,,
AGO_24082022_P1,Angola,AGO,2022.0,2022-08-24,Presidential,3.0,,6,5,0,2,6491.12557839236,1,1,0,,31.207483,28.571428,,,39.646988,29.652779,48.61111,47.916668,32.407406,39.592014,29.20139,48.84259,47.916668,32.407406,3.3333333,,4.3333335,1.6666666,4.6666665,1.3333334,3.6666667,2.3333333,,,,,19.444445,19.444445,,,,1.6666666,2.0,2.0,2.0,22.916666,22.916666,22.916666,22.916666,,2.3333333,3.6666667,2.6666667,3.3333333,2.6666667,55.555553,55.555553,55.555553,55.555553,,4.0,2.0,4.3333335,1.6666666,4.5,1.5,,,16.666666,18.055555,,,,3.0,3.0,2.3333333,2.5,4.5,1.5,4.0,2.0,,,,37.5,31.666666,,,,1.3333334,4.3333335,1.6666666,1.6666666,2.3333333,4.6666665,,,,33.333332,33.333332,,,,2.0,1.6666666,2.0,3.5,2.5,4.3333335,1.6666666,3.5,2.5,25.0,24.166666,27.083334,26.38889,,4.0,2.0,4.0,2.0,2.6666667,4.3333335,3.0,4.3333335,1.0,,,,,,54.166668,51.38889,,,,1.6666666,3.0,1.6666666,4.0,2.0,3.3333333,2.6666667,30.0,30.0,30.0,30.0,,4.6666665,1.3333334,4.0,2.0,3.0,3.0,2.6666667,,31.25,31.25,,,,1.6666666,3.0,2.0,2.5,,,43.75,32.291668,,,,8.333333,,,2.6666667,3.0,3.0,2.6666667,3.3333333,,1.6666666,,,1.0,0.0,1.0,0.33333334,0.0,0.0,,,,,,,0.0,0.0,0.0,0.0,0.0,1.0,0.0,0.0,0.0,0.0,3.3333333,9.333333,,,,,9.0,5.0,3.0,,,,,,,,,,,,,,,,,,,,,,,,,,,,,,,3.3333333,2.6666667,2.6666667,2.5,3.5,2.5,3.5,3.0,3.0,1.5,4.5,1.5,4.5,2.0,2.0,4.0,1.0,5.0
ATG_21032018_L1,Antigua and Barbuda,ATG,2018.0,2018-03-21,Legislative,2.0,,2,2,2,4,21490.943359375,2,9,0,,,,,,41.28472,27.291668,22.916666,46.875,68.05556,41.423615,27.5,30.902779,46.875,60.416664,5.5,,3.5,2.5,3.5,2.5,2.0,4.0,,,,,50.0,50.0,,,,4.0,4.0,3.5,4.0,71.875,71.875,71.875,71.875,,3.5,2.5,3.5,2.5,2.5,37.5,37.5,37.5,37.5,,4.0,2.0,4.0,2.0,,,,,,,,,,2.0,4.0,2.5,3.0,5.0,1.0,3.0,3.0,,,,42.5,42.5,,,,3.5,5.0,1.0,2.0,3.0,5.0,,,,45.0,47.5,,,,1.0,1.0,1.0,5.0,1.0,4.5,1.5,5.0,1.0,0.0,2.5,0.0,2.0833333,,1.5,4.5,4.0,2.0,4.0,3.5,1.0,1.0,1.0,,,,,,41.666668,41.666668,,,,,4.5,4.0,2.0,4.0,2.0,4.0,,,,,,2.5,3.5,1.5,4.5,1.5,4.5,4.0,,62.5,78.125,,,,2.0,4.0,1.5,3.0,,,40.625,40.625,,,,7.5,,,6.5,3.0,3.0,3.0,4.0,,,,,3.0,0.0,1.0,0.0,0.0,0.0,,,,,,,0.0,0.0,0.0,0.0,0.0,1.0,0.0,0.0,0.0,0.5,2.0,9.5,,,,,10.0,4.5,1.0,,,,,,,,,,,,,,,2.0,2.0,2.0,2.0,1.0,4.0,4.0,2.5,2.0,2.0,2.0,2.5,4.0,4.0,2.5,2.5,,,,,,,,,,,,,,,,,,
ARG_27102013_L1,Argentina,ARG,2013.0,2013-10-27,Legislative,16.0,,2,2,2,3,20161.496,2,9,0,,63.30024,59.94898,,,68.75028,61.144344,72.633354,63.046875,78.17656,68.31923,61.796875,71.54948,62.5,77.43056,7.9375,,2.3125,3.6875,2.75,3.25,1.5625,4.4375,,,,,69.791664,69.791664,,,,4.4375,4.25,4.25,4.3125,82.8125,82.8125,82.8125,82.8125,,2.2,3.8,2.4,3.6,3.857143,68.333336,68.809525,68.333336,68.809525,,2.4285715,3.5714285,2.2307692,3.7692308,2.1666667,3.8333333,,,70.833336,68.11661,,,,1.75,4.25,4.1875,3.7333333,2.8666666,3.1333334,2.2,3.8,,,,73.84615,70.520836,,,,2.6875,2.6,3.4,4.0,3.2,2.4166667,,,,53.636364,53.520832,,,,3.4,2.5,1.9285715,2.3125,3.6875,4.3125,1.6875,,,39.583332,41.017857,,,,2.0,4.0,2.2307692,3.7692308,3.875,4.0,3.5384614,4.142857,1.5555556,,,,,,69.791664,72.18979,,,,4.0,4.0625,4.1875,2.0,4.0,1.7333333,4.266667,77.916664,77.583336,77.916664,77.583336,,2.0,4.0,2.125,3.875,1.5625,4.4375,4.090909,,77.84091,77.52131,,,,3.7333333,3.857143,3.6666667,3.8666666,,,68.75,69.52381,,,,9.4375,,,6.4,4.6,4.8,3.8,6.5625,,,,,2.7857144,0.25,0.625,0.125,0.125,0.0625,,,,,,,0.0,0.0,0.0625,0.0625,0.375,0.25,0.0625,0.0,0.125,0.9375,4.0,8.4375,,4.4375,6.25,6.9375,,,,,,,,,,,,,,,,,,,,,,,,,,,,,,,,,,,,,,,,,,,,,,,,,,,
ARG_22112015_L1,Argentina,ARG,2015.0,2015-11-22,Legislative,21.0,,2,2,2,3,20337.717,2,9,0,,60.952423,59.183674,,,66.9838,58.452076,70.495056,67.559525,71.42857,67.68477,58.586308,70.78373,67.559525,73.809525,7.714286,,2.7,3.3,2.4761906,3.5238094,1.6666666,4.3333335,,,,,68.75,67.97619,,,,3.6190476,4.0,3.9,4.2380953,73.125,73.48214,73.125,73.48214,,2.2857144,3.7142856,2.4285715,3.5714285,3.1111112,59.52381,61.64021,59.52381,61.64021,,2.2941177,3.7058823,2.2222223,3.7777777,2.4705882,3.5294118,,,66.666664,66.7756,,,,1.4210526,4.5789475,3.95,3.2941177,3.0555556,2.9444444,1.8095238,4.1904764,,,,70.0,69.789925,,,,2.6666667,2.5238094,3.4761906,3.6666667,2.9047618,3.2222223,,,,55.0,54.68254,,,,3.1052632,2.8,1.5263158,2.631579,3.368421,4.6190476,1.3809524,,,35.0,35.904762,,,,2.0,4.0,2.45,3.55,4.142857,4.3333335,2.8888888,4.0555553,1.6666666,,,,,,70.833336,70.710976,,,,3.6842105,3.7142856,3.8421052,2.125,3.875,1.875,4.125,70.0,71.20301,70.0,71.20301,,1.9,4.1,2.2105262,3.7894738,1.4736842,4.5263157,3.5,,69.53125,74.47369,,,,3.65,3.7,3.5,3.7,,,66.31944,65.9375,,,,9.095238,,,5.571429,5.714286,5.85,3.8095238,6.2380953,,,,,2.952381,0.0952381,0.95238096,0.14285715,0.04761905,0.0952381,,,,,,,0.0,0.0,0.0,0.0952381,0.5714286,0.0,0.0,0.0,0.04761905,0.9047619,4.2380953,8.714286,,4.5238094,8.047619,8.095238,,,,,,,,,,,,,,,,,,,,,,,,,,,,,,,,,,,,,,,,,,,,,,,,,,,
ARG_22102017_L1,Argentina,ARG,2017.0,2017-10-22,Legislative,18.0,,2,2,2,3,19934.37249,2,9,0,,65.10167,58.67347,,,68.71588,56.821186,74.4158,61.805557,81.820984,69.21827,57.332176,75.01929,61.805557,82.71605,8.111111,,2.4705882,3.5294118,2.4117646,3.5882354,1.5882353,4.4117646,,,,,71.07843,71.07843,,,,4.0,4.111111,3.8823528,4.5,78.30882,78.08415,78.30882,78.08415,,2.3333333,3.6666667,2.1111112,3.8888888,3.0,62.962963,62.962963,62.962963,62.962963,,2.3846154,3.6153846,2.142857,3.857143,2.5,3.5,,,65.90909,66.43773,,,,1.7058823,4.2941175,3.5,3.5,3.3333333,2.6666667,2.0625,3.9375,,,,66.78571,64.491425,,,,2.6111112,3.6111112,2.3888888,3.3888888,2.8823528,2.4,,,,37.5,43.35621,,,,3.75,2.3333333,1.5,2.6666667,3.3333333,3.7692308,2.2307692,2.3333333,3.6666667,40.833332,40.73718,45.13889,45.05876,,1.7647059,4.2352943,2.6666667,3.3333333,4.0,4.4444447,3.6666667,4.4,1.3636364,,,,,,74.583336,75.332245,,,,4.1666665,3.8333333,3.9444444,1.4666667,4.5333333,1.4666667,4.5333333,81.0,80.05556,81.0,80.05556,,1.6111112,4.388889,1.7647059,4.2352943,1.2777778,4.7222223,4.0,,80.681816,83.41503,,,,3.7777777,3.8333333,3.8888888,4.0555553,,,72.22222,72.22222,,,,9.055555,,,4.4444447,5.888889,5.6666665,3.8823528,6.7058825,,,,,2.8888888,0.22222222,1.0,0.16666667,0.0,0.16666667,,,,,,,0.0,0.0,0.055555556,0.055555556,0.5,0.3888889,0.0,0.0,0.0,0.8333333,4.352941,9.176471,,,,,9.0,6.611111,3.4444444,,,,,4.3333335,,,,,,34.944443,19.555555,2.9444444,2.8888888,3.0555556,3.0555556,,,,,,,,,,,,,,,,,,,,,,,,,,,,,,,,
ARG_27102019_P1,Argentina,ARG,2019.0,2019-10-27,Presidential,10.0,,2,2,2,3,22997.391756263278,2,9,0,,70.407875,64.03061,,,73.37111,63.78869,75.43981,66.875,87.38095,73.514755,63.364582,75.208336,66.875,88.61111,8.6,,1.8,4.2,1.8,4.2,1.6,4.4,,,,,81.666664,81.666664,,,,4.5,4.5,4.5,4.8,89.375,89.375,89.375,89.375,,1.5714285,4.428571,1.7142857,4.285714,4.142857,82.14285,82.14285,82.14285,82.14285,,2.0,4.0,1.7,4.3,1.7777778,4.2222223,,,79.62963,79.35185,,,,1.1,4.9,3.8,3.25,3.5,2.5,1.8,4.2,,,,69.375,68.25,,,,2.8,2.9,3.1,3.3,2.6,2.142857,,,,47.857143,44.714287,,,,3.9,2.6,1.7,1.9,4.1,4.3,1.7,1.9,4.1,45.0,45.0,50.416668,50.416668,,2.0,4.0,2.3,3.7,4.4,4.4,3.3333333,4.111111,1.0,,,,,,75.92593,74.76852,,,,4.2,3.9,4.6,1.4,4.6,1.3,4.7,85.0,85.0,85.0,85.0,,1.7,4.3,1.6,4.4,1.2,4.8,4.285714,,83.92857,86.16071,,,,4.3,4.2222223,3.9,4.2,,,78.47222,78.888885,,,,9.7,,,5.4,5.6,6.1,4.8,7.4,,,,,1.0,0.2,1.0,0.1,0.0,0.1,,,,,,,0.0,0.0,0.0,0.0,0.6,0.5,0.0,0.0,0.0,0.9,4.5,9.5,,,,,9.5,6.4,3.0,,,,,,,,,,,,,,,3.1,3.1,3.375,3.375,3.8888888,3.3,3.3,3.2,2.1111112,2.1111112,3.5,2.5,4.0,4.0,4.0,4.0,,,,,,,,,,,,,,,,,,
ARG_14112021_L1,Argentina,ARG,2021.0,2021-11-14,Legislative,9.0,,2,2,2,3,23627.394294419475,2,9,0,,65.71004,66.581635,,,68.04681,64.62963,69.010414,63.194443,75.35274,68.56964,65.86806,69.29012,63.194443,75.92593,8.666667,,1.8888888,4.111111,2.0,4.0,1.2222222,4.7777777,,,,,82.40741,82.40741,,,,4.2222223,4.0,4.4444447,4.4444447,81.94444,81.94444,81.94444,81.94444,,2.0,4.0,2.3333333,3.6666667,3.1666667,65.27778,65.27778,65.27778,65.27778,,2.125,3.875,1.875,4.125,2.0,4.0,,,76.190475,75.0,,,,1.4444444,4.5555553,4.5555553,3.7777777,2.875,3.125,1.7777778,4.2222223,,,,76.875,76.18056,,,,3.1111112,2.5,3.5,3.3333333,3.1111112,2.5714285,,,,49.166668,53.134922,,,,3.25,2.625,1.75,1.7777778,4.2222223,4.111111,1.8888888,2.125,3.875,43.125,43.680557,49.404762,48.37963,,1.875,4.125,2.25,3.75,4.111111,3.75,3.125,3.5555556,1.4,,,,,,69.64286,68.40278,,,,4.2222223,4.2222223,4.2222223,2.3333333,3.6666667,2.0,4.0,76.666664,76.666664,76.666664,76.666664,,1.7777778,4.2222223,1.6666666,4.3333335,1.2222222,4.7777777,3.857143,,80.35714,82.440475,,,,3.7777777,4.0,3.5555556,4.0,,,70.3125,70.833336,,,,9.333333,,,5.125,4.4444447,5.0,3.5555556,6.7777777,,,,,1.1111112,0.22222222,1.0,0.11111111,0.0,0.22222222,,,,,,,0.0,0.0,0.0,0.0,0.6666667,0.33333334,0.0,0.0,0.0,0.7777778,4.111111,8.777778,,,,,8.333333,7.888889,4.4444447,,,,,,,,,,,,,,,,,,,,,,,,,,,,,,,,,,,,,,,,,,,,,,,,
ARG_19112023_P2,Argentina,ARG,2023.0,2023-11-19,Presidential,13.0,,2,2,2,3,27127.0,2,9,0,,65.51546,59.69388,68.54573,60.080647,66.122955,60.703506,68.0812,59.188034,76.5191,66.39356,61.354168,67.948715,59.188034,77.083336,8.307693,,1.6923077,4.3076925,2.4615386,3.5384614,1.5384616,4.4615383,3.7692308,3.8181818,3.6153846,4.0,77.5641,77.5641,74.35065,73.25175,,4.3846154,4.4615383,4.3846154,4.4615383,85.57692,85.57692,85.57692,85.57692,,2.4,3.6,2.6,3.4,3.2,60.0,60.0,60.0,60.0,,2.0,4.0,1.9,4.1,2.0,4.0,1.9,4.1,74.07407,75.833336,76.5625,76.25,,1.6923077,4.3076925,4.1538463,3.3846154,2.8461537,3.1538463,2.0,4.0,3.3846154,2.8461537,3.1538463,70.0,70.0,66.20879,66.20879,,2.0,3.0,3.0,3.6153846,2.3076923,2.9230769,4.0,2.0,3.3846154,44.23077,44.23077,43.68132,43.68132,,3.8181818,2.8,1.6666666,2.4166667,3.5833333,4.4166665,1.5833334,2.7692308,3.2307692,40.0,42.257576,43.229168,44.509518,,1.9166666,4.0833335,2.4615386,3.5384614,4.3076925,4.3846154,4.0,4.0,1.5555556,2.3076923,3.6923077,3.4615386,2.0,4.0,76.85185,76.30876,63.125,63.669872,,4.4615383,4.4615383,4.6153846,1.5833334,4.4166665,1.5833334,4.4166665,87.27273,86.85898,87.27273,86.85898,,1.6153846,4.3846154,2.1666667,3.8333333,1.3333334,4.6666665,3.625,3.5833333,83.92857,78.1851,81.42857,75.464745,,4.3076925,4.3076925,4.0833335,4.3076925,2.0,4.0,81.770836,81.29006,80.0,80.03205,,9.384615,,,6.3076925,5.076923,5.6153846,5.5384617,7.769231,,0.0,0.0,0.0,1.3076923,1.0,1.0,1.0,1.0,1.0,,,,,,,0.0,0.0,0.0,0.15384616,0.61538464,0.3846154,0.0,0.0,0.0,1.0,4.769231,9.153846,,,,,4.230769,6.0,2.0,,,,,,,,,,,,,,,,,,,,,,,,,,,,,,,,,,,,,,,,,,,,,,,,
ARM_18022013_P1,Armenia,ARM,2013.0,2013-02-18,Presidential,11.0,,5,4,1,2,7997.3872,3,5,0,,45.009476,37.7551,,,41.05054,46.034092,29.291801,44.886364,43.9899,41.863163,46.24053,32.386364,44.886364,43.939396,4.142857,,2.6363637,3.3636363,3.1818182,2.8181818,2.7272727,3.2727273,,,,,53.78788,53.78788,,,,3.2727273,3.8181818,2.1818182,2.6363637,49.43182,49.43182,49.43182,49.43182,,2.6,3.4,3.6,2.4,2.4,43.333332,43.333336,43.333332,43.333336,,3.875,2.125,3.9,2.1,4.5555553,1.4444444,,,21.875,22.24537,,,,2.8181818,3.1818182,2.4444444,2.8333333,2.7777777,3.2222223,2.6363637,3.3636363,,,,49.0,50.227272,,,,2.8181818,4.0,2.0,3.2727273,2.6363637,4.4,,,,51.0,50.636364,,,,2.8888888,2.7777777,2.2,3.8,2.2,4.6363635,1.3636364,,,31.428572,32.151516,,,,3.5454545,2.4545455,4.2727275,1.7272727,3.9,3.1818182,2.5714285,1.75,1.8571428,,,,,,36.666668,39.93777,,,,3.2,3.909091,2.4545455,1.9090909,4.090909,2.8,3.2,56.11111,59.272728,56.11111,59.272728,,4.4545455,1.5454545,4.3636365,1.6363636,2.7272727,3.2727273,2.3636363,,30.113636,30.113636,,,,2.090909,3.3636363,2.5454545,2.6363637,,,41.477272,41.477272,,,,8.090909,,,3.7272727,3.7272727,3.8181818,4.909091,3.3636363,,,,,2.8888888,0.0,0.8181818,0.45454547,0.09090909,0.18181819,,,,,,,0.09090909,0.0,0.0,0.0,0.36363637,0.54545456,0.18181819,0.0,0.09090909,0.54545456,4.6363635,8.090909,,4.142857,5.857143,6.857143,,,,,,,,,,,,,,,,,,,,,,,,,,,,,,,,,,,,,,,,,,,,,,,,,,,
ARM_02042017_L1,Armenia,ARM,2017.0,2017-04-02,Legislative,12.0,,5,4,1,2,8817.9541,3,5,0,,52.514477,47.959183,,,48.730892,46.461864,39.24663,57.670456,51.544613,49.600693,47.274303,42.100693,55.208332,53.819443,5.3333335,,3.0,3.0,3.75,2.25,2.0833333,3.9166667,,,,,51.38889,51.38889,,,,2.9166667,3.0,2.4166667,2.75,44.270832,44.270832,44.270832,44.270832,,2.125,3.875,2.4285715,3.5714285,3.5,65.47619,66.22024,65.47619,66.22024,,2.3333333,3.6666667,2.9,3.1,3.2222223,2.7777777,,,55.555557,54.537037,,,,2.3333333,3.6666667,3.25,3.5833333,3.4,2.6,2.4545455,3.5454545,,,,62.22222,58.227272,,,,3.4545455,3.5,2.5,3.1666667,3.0833333,4.0833335,,,,54.545456,56.439392,,,,2.7777777,2.3,2.2727273,4.7,1.3,4.2727275,1.7272727,4.7,1.3,25.625,26.88889,19.642857,23.657408,,3.4545455,2.5454545,3.5,2.5,2.8333333,3.6363637,3.0,2.4444444,2.4285715,,,,,,41.666668,45.66498,,,,3.090909,3.5,2.9166667,2.1818182,3.8181818,2.5454545,3.4545455,58.0,58.901516,58.0,58.901516,,3.0833333,2.9166667,2.0833333,3.9166667,1.6666666,4.3333335,2.9,,63.75,62.916668,,,,2.75,3.3333333,3.3333333,2.6666667,,,50.520832,50.520832,,,,8.333333,,,4.25,4.3333335,4.0,5.8333335,3.8333333,,,,,2.8333333,0.083333336,0.9166667,0.33333334,0.083333336,0.0,,,,,,,0.0,0.0,0.0,0.16666667,0.41666666,0.41666666,0.0,0.0,0.0,0.6666667,5.25,8.666667,,,,,9.0,5.4166665,3.1666667,,,,,3.0833333,,,,,,34.833332,42.666668,2.75,10.416667,3.0,3.0,,,,,,,,,,,,,,,,,,,,,,,,,,,,,,,,
ARM_02122018_L1,Armenia,ARM,2018.0,2018-12-02,Legislative,14.0,,5,4,1,3,8787.580078125,3,5,0,,66.584785,62.755104,,,67.7172,66.42429,55.85595,73.66071,74.92785,69.26525,67.6116,58.010914,73.66071,77.77778,8.571428,,2.9285715,3.0714285,2.7142856,3.2857144,2.0714285,3.9285715,,,,,60.714287,60.714287,,,,4.285714,4.142857,4.142857,4.571429,82.14286,82.14286,82.14286,82.14286,,2.1818182,3.8181818,2.7272727,3.2727273,3.2727273,61.363636,61.363636,61.363636,61.363636,,2.1818182,3.8181818,2.4285715,3.5714285,2.0,4.0,,,74.07407,69.91342,,,,1.5714285,4.428571,4.0,3.8461537,3.0,3.0,1.5,4.5,,,,75.0,73.87363,,,,3.857143,2.357143,3.642857,3.9230769,3.642857,3.909091,,,,69.545456,69.87512,,,,3.5,3.5555556,3.090909,2.5,3.5,2.6153846,3.3846154,1.6428572,4.357143,56.42857,60.1554,60.714283,64.11759,,1.8571428,4.142857,2.0769231,3.9230769,3.857143,4.142857,3.0,2.0,2.5,,,,,,62.916668,62.774727,,,,4.357143,4.428571,4.285714,1.5714285,4.428571,1.7142857,4.285714,83.92857,83.92857,83.92857,83.92857,,1.7857143,4.214286,1.6153846,4.3846154,1.3846154,4.6153846,3.1818182,,76.25,77.47565,,,,4.0,4.285714,4.0,4.214286,,,77.40385,78.125,,,,8.714286,,,3.857143,7.5,6.5,7.0,6.785714,,,,,2.857143,0.14285715,0.9285714,0.42857143,0.071428575,0.14285715,,,,,,,0.0,0.071428575,0.0,0.071428575,0.5714286,0.2857143,0.0,0.0,0.0,0.85714287,4.5,8.285714,,,,,9.071428,6.357143,4.0,,,,,,,,,,,,,,,2.357143,2.357143,3.357143,3.357143,3.6153846,2.2307692,2.2307692,3.3076923,1.6666666,1.6666666,3.3076923,3.0769231,2.8461537,2.8461537,3.0769231,3.0769231,,,,,,,,,,,,,,,,,,
ARM_20062021_L1,Armenia,ARM,2021.0,2021-06-20,Legislative,6.0,,4,4,1,3,14630.24422333557,3,5,0,,62.443314,58.928574,,,63.323494,63.375,41.93287,66.041664,81.94444,66.96614,64.739586,51.38889,69.791664,81.94444,7.1666665,,2.3333333,3.6666667,2.1666667,3.8333333,1.6666666,4.3333335,,,,,73.61111,73.61111,,,,4.0,4.2,4.3333335,3.8333333,77.5,77.291664,77.5,77.291664,,1.3333334,4.6666665,1.3333334,4.6666665,2.0,69.44444,69.44444,69.44444,69.44444,,2.0,4.0,3.3333333,2.6666667,1.75,4.25,,,66.666664,65.97222,,,,1.6666666,4.3333335,2.3333333,3.5,3.25,2.75,2.0,4.0,,,,57.5,59.583332,,,,2.5,2.6,3.4,3.6,2.8,4.4,,,,57.5,58.5,,,,3.1666667,3.1666667,2.6666667,2.3333333,3.6666667,3.3333333,2.6666667,3.1666667,2.8333333,45.0,51.666668,43.055553,50.694443,,2.0,4.0,2.8,3.2,4.3333335,4.3333335,2.75,1.25,2.0,,,,,,56.944443,57.77778,,,,4.1666665,4.5,3.8333333,1.1666666,4.8333335,1.8333334,4.1666665,82.5,82.5,82.5,82.5,,3.8,2.2,3.5,2.5,1.3333334,4.6666665,4.6666665,,64.0625,62.708332,,,,3.5,3.8333333,4.0,4.0,,,70.0,70.833336,,,,8.333333,,,5.0,5.6666665,4.8333335,5.3333335,6.6666665,,,,,1.8333334,0.0,0.8333333,0.5,0.0,0.0,,,,,,,0.0,0.0,0.0,0.0,0.8333333,0.16666667,0.0,0.0,0.0,1.0,4.3333335,8.833333,,,,,9.666667,6.5,1.5,,,,,,,,,,,,,,,,,,,,,,,,,,,,,,,,,,,,,,,,,,,,,,,,
AUS_07092013_L1,Australia,AUS,2013.0,2013-09-07,Legislative,16.0,,1,1,2,4,45668.688,5,3,1,,69.22147,,,,71.42539,63.53966,76.17109,59.765625,86.2252,71.770836,62.994793,76.5625,59.765625,87.760414,8.8125,,2.25,3.75,3.0,3.0,1.9375,4.0625,,,,,65.104164,65.104164,,,,4.4375,4.375,4.6666665,4.75,88.75,88.93229,88.75,88.93229,,2.3,3.7,2.5,3.5,4.2,71.875,70.0,71.875,70.0,,3.6666667,2.3333333,2.4545455,3.5454545,2.0,4.0,,,62.5,57.32323,,,,1.3846154,4.6153846,3.5625,3.5,2.375,3.625,2.2,3.8,,,,71.666664,70.51442,,,,1.9375,2.0,4.0,3.1875,2.4,2.8888888,,,,45.555557,47.069443,,,,3.6875,3.0,3.1,2.75,3.25,2.6923077,3.3076923,,,52.142857,56.72596,,,,1.3333334,4.6666665,2.1666667,3.8333333,3.75,3.8125,4.6,4.3333335,1.6666666,,,,,,80.95238,79.14931,,,,4.3333335,3.9375,4.4375,1.5,4.5,1.7,4.3,86.25,82.541664,86.25,82.541664,,2.8666666,3.1333334,2.0833333,3.9166667,1.25,4.75,4.142857,,72.5,74.64286,,,,4.5,4.5625,4.5625,4.5,,,88.28125,88.28125,,,,8.642858,,,8.4375,7.1875,7.375,6.9333334,8.9375,,,,,3.0,0.1875,1.0,0.0,0.0,0.0,,,,,,,0.0,0.0,0.0,0.0,0.5625,0.4375,0.0,0.0,0.0,0.6875,3.625,8.6875,,4.8125,7.5625,8.266666,,,,,,,,,,,,,,,,,,,,,,,,,,,,,,,,,,,,,,,,,,,,,,,,,,,
AUS_02072016_L1,Australia,AUS,2016.0,2016-07-02,Legislative,17.0,,1,1,2,4,46789.926,5,3,1,,68.36461,69.13265,,,71.99524,65.14443,77.43016,58.088234,87.31812,71.87398,64.6201,76.838234,58.455883,87.581696,8.705882,,2.5882354,3.4117646,2.8823528,3.1176472,1.6470588,4.352941,,,,,65.68627,65.68627,,,,4.2352943,4.352941,4.75,4.75,87.5,88.05147,87.5,88.05147,,2.1333334,3.8666666,2.1333334,3.8666666,4.1875,74.44444,74.34028,74.44444,74.34028,,3.5,2.5,2.1538463,3.8461537,2.0,4.0,,,61.666668,61.21795,,,,1.25,4.75,4.0,3.5714285,2.25,3.75,1.4666667,4.5333333,,,,77.5,78.02381,,,,2.2941177,3.0,3.0,3.0,2.7058823,2.6,,,,38.0,43.0,,,,3.4117646,2.4375,2.8125,2.5882354,3.4117646,3.2,2.8,1.5882353,4.4117646,48.076923,49.367645,53.525642,55.355392,,1.4117647,4.5882354,1.8461539,4.1538463,3.8235295,4.0,4.125,4.3333335,1.9230769,,,,,,78.40909,79.26643,,,,4.5,3.3529413,4.529412,1.8571428,4.142857,1.3333334,4.6666665,85.0,80.95938,85.0,80.95938,,2.9411764,3.0588236,2.0769231,3.9230769,1.2142857,4.785714,4.375,,78.645836,75.89134,,,,4.8235292,4.529412,4.25,4.352941,,,87.109375,87.224266,,,,9.294118,,,8.411765,6.529412,7.0588236,7.470588,8.6470585,,,,,2.625,0.1764706,1.0,0.0,0.0,0.11764706,,,,,,,0.0,0.0,0.0,0.0,0.7647059,0.0,0.0,0.0,0.0,0.88235295,3.7058823,8.176471,,5.2941175,7.647059,8.3529415,,,,,4.2941175,1.4117647,1.4117647,4.529412,4.5882354,7.0,7.0,13.588235,13.588235,,,,,,,,,,,,,,,,,,,,,,,,,,,,,,,,,,,,,,
AUS_18052019_L1,Australia,AUS,2019.0,2019-05-18,Legislative,5.0,,1,1,2,4,51748.3977215322,5,3,0,,63.188774,65.688774,,,65.21875,55.458332,74.44444,55.0,75.97222,64.34722,54.333332,73.05556,55.0,75.0,7.6,,2.4,3.6,3.8,2.2,2.2,3.8,,,,,55.0,55.0,,,,4.6,4.0,4.8,4.4,86.25,86.25,86.25,86.25,,2.6,3.4,2.6,3.4,3.6,61.666664,61.666664,61.666664,61.666664,,3.2,2.8,2.0,4.0,2.25,3.75,,,64.583336,62.916668,,,,1.5,4.5,3.2,3.0,2.25,3.75,1.4,4.6,,,,67.5,70.25,,,,1.8,3.0,3.0,2.4,2.8,2.2,,,,36.0,36.0,,,,3.0,2.6,2.8,4.0,2.0,3.4,2.6,2.4,3.6,40.0,40.0,44.166668,44.166668,,1.4,4.6,1.5,4.5,4.2,4.0,3.8,4.0,2.4,,,,,,78.125,79.58333,,,,4.4,4.2,4.4,2.75,3.25,1.5,4.5,80.0,78.75,80.0,78.75,,2.8,3.2,1.8,4.2,1.4,4.6,3.8,,73.75,73.75,,,,4.4,3.8,4.0,4.4,,,78.75,78.75,,,,9.0,,,8.2,5.4,6.8,7.0,9.2,,,,,2.0,0.2,1.0,0.2,0.0,0.2,,,,,,,0.0,0.0,0.0,0.0,0.8,0.2,0.0,0.0,0.0,1.0,3.6,8.0,,,,,9.0,5.4,1.2,,,,,,,,,,,,,,,2.6,2.6,3.0,3.0,2.2,2.6,2.6,3.8,1.8,1.8,2.6,2.6,3.8,3.8,4.4,4.4,,,,,,,,,,,,,,,,,,
AUS_21052022_L1,Australia,AUS,2022.0,2022-05-21,Legislative,8.0,,1,1,2,4,56281.3786512376,5,3,1,,71.64723,72.244896,,,75.3342,66.61458,80.642365,64.84375,89.236115,74.67665,67.10937,80.642365,64.84375,86.111115,9.125,,2.875,3.125,2.25,3.75,1.75,4.25,,,,,67.708336,67.708336,,,,5.0,5.0,5.0,5.0,100.0,100.0,100.0,100.0,,1.875,4.125,1.75,4.25,4.5,82.291664,82.291664,82.291664,82.291664,,2.875,3.125,1.875,4.125,1.75,4.25,,,70.833336,70.833336,,,,1.375,4.625,3.75,3.625,2.5,3.5,1.5,4.5,,,,75.0,75.0,,,,2.375,2.5,3.5,3.5,2.625,2.4285715,,,,48.57143,47.142857,,,,3.75,2.875,3.0,2.75,3.25,3.75,2.25,1.625,4.375,48.57143,50.625,54.761906,56.25,,1.375,4.625,1.625,4.375,4.625,4.25,4.5,4.125,2.8,,,,,,85.416664,85.416664,,,,4.25,4.375,4.375,2.0,4.0,1.5,4.5,89.0,82.5,89.0,82.5,,1.625,4.375,2.0,4.0,1.375,4.625,4.5,,81.25,84.375,,,,4.25,4.25,4.125,4.25,,,80.46875,80.46875,,,,9.25,,,8.5,7.25,7.25,7.375,9.25,,1.25,,,1.875,0.125,1.0,0.125,0.0,0.125,,,,,,,0.0,0.0,0.0,0.0,0.5,0.5,0.0,0.0,0.0,0.75,4.0,8.5,,,,,9.625,6.0,3.375,,,,,,,,,,,,,,,,,,,,,,,,,,,,,,,2.5,3.5,4.375,1.5,4.5,2.1666667,3.8333333,2.0,4.0,1.875,4.125,1.6666666,4.3333335,4.0,3.0,3.0,2.3333333,3.6666667
AUT_29092013_L1,Austria,AUT,2013.0,2013-09-29,Legislative,16.0,,1,1,2,4,47721.738,4,6,1,,76.14389,66.15646,,,78.40218,66.813515,90.45447,72.135414,84.20533,79.81716,67.27213,89.84375,73.4375,88.71528,8.933333,,2.0625,3.9375,1.9375,4.0625,1.6875,4.3125,,,,,77.604164,77.604164,,,,4.3333335,4.5,4.785714,4.866667,90.17857,90.53571,90.17857,90.53571,,1.7272727,4.2727275,1.9090909,4.090909,4.181818,79.545456,79.545456,79.545456,79.545456,,1.8181819,4.181818,1.3846154,4.6153846,1.3846154,4.6153846,,,87.121216,86.77156,,,,1.625,4.375,3.75,3.1875,2.9285715,3.0714285,1.5,4.5,,,,68.92857,69.41964,,,,3.2,2.5333333,3.4666667,3.6,3.7857144,2.75,,,,53.75,59.011906,,,,3.8,3.2727273,2.8,2.5625,3.4375,3.2,2.8,,,54.090908,55.551136,,,,1.1875,4.8125,1.1428572,4.857143,4.4375,4.4375,4.2727275,4.642857,1.7272727,,,,,,91.666664,89.41762,,,,4.714286,4.8125,4.6875,1.3571428,4.642857,1.5333333,4.4666667,92.69231,91.61905,92.69231,91.61905,,1.5714285,4.428571,1.6363636,4.3636365,1.1538461,4.8461537,3.7142856,,81.25,83.45405,,,,4.5333333,4.6,4.4615383,4.6,,,87.98077,88.71795,,,,9.0625,,,8.133333,6.266667,6.6666665,5.866667,8.133333,,,,,2.8,0.0625,1.0,0.0,0.0625,0.0625,,,,,,,0.0,0.0,0.0,0.0,0.4375,0.5,0.0625,0.0625,0.0625,0.5,3.6923077,8.133333,,5.1875,7.5625,7.4375,,,,,,,,,,,,,,,,,,,,,,,,,,,,,,,,,,,,,,,,,,,,,,,,,,,
AUT_04122016_P2,Austria,AUT,2016.0,2016-12-04,Presidential,17.0,,1,1,2,4,50077.832,4,6,1,,81.543076,72.95918,,,81.363014,79.99171,89.20216,81.903595,74.354576,82.21762,78.70711,89.62418,79.411766,81.12745,9.294118,,1.7142857,4.285714,1.6153846,4.3846154,1.7647059,4.2352943,,,,,82.69231,82.54687,,,,4.0625,4.352941,4.75,4.7058825,85.833336,86.69577,85.833336,86.69577,,1.1666666,4.8333335,1.1666666,4.8333335,3.75,84.72222,86.80556,84.72222,86.80556,,1.7857143,4.214286,1.625,4.375,2.0,4.0,,,81.94444,79.91071,,,,1.3333334,4.6666665,3.9411764,3.625,2.1333334,3.8666666,1.7058823,4.2941175,,,,76.666664,76.96814,,,,3.4705882,1.7777778,4.2222223,4.470588,3.9411764,2.875,,,,73.0,69.89788,,,,4.0,3.625,3.2666667,1.3529412,4.647059,2.125,3.875,1.4705882,4.529412,68.63636,72.06863,70.833336,74.76307,,1.4117647,4.5882354,1.2941177,4.7058825,4.5882354,4.7058825,4.3846154,4.7058825,1.0833334,,,,,,89.42308,90.32806,,,,4.7058825,4.9411764,4.882353,1.5625,4.4375,1.6875,4.3125,90.666664,91.39706,90.666664,91.39706,,1.6470588,4.352941,1.5882353,4.4117646,1.2352941,4.7647057,2.9,,76.875,77.68382,,,,4.529412,4.470588,4.2,4.470588,,,85.833336,85.44118,,,,9.6470585,,,8.941176,7.7058825,8.117647,7.8235292,8.470589,,,,,2.375,0.11764706,0.88235295,0.1764706,0.11764706,0.05882353,,,,,,,0.0,0.0,0.0,0.11764706,0.7058824,0.0,0.0,0.05882353,0.05882353,0.8235294,3.7142856,8.705882,,5.117647,7.2941175,7.9411764,,,,,4.470588,2.0588236,2.0588236,4.470588,4.5882354,7.2352943,7.2352943,1.8235294,1.8235294,,,,,,,,,,,,,,,,,,,,,,,,,,,,,,,,,,,,,,
AUT_22052016_P2,Austria,AUT,2016.0,2016-05-22,Presidential,16.0,,1,1,2,4,50077.832,4,6,1,,73.28678,73.46939,,,82.83197,79.68998,91.55175,81.43229,78.65385,82.31011,80.325516,91.75347,78.515625,78.645836,7.5625,,1.3571428,4.642857,1.2857143,4.714286,1.3125,4.6875,,,,,91.666664,92.03869,,,,3.0,4.3125,4.4375,3.0,67.1875,67.1875,67.1875,67.1875,,1.4444444,4.5555553,1.375,4.625,3.1818182,80.208336,78.01978,80.208336,78.01978,,1.4285715,4.571429,1.8125,4.1875,2.5625,3.4375,,,76.190475,76.6369,,,,1.1538461,4.8461537,4.285714,3.8461537,2.7692308,3.2307692,1.2857143,4.714286,,,,78.63636,79.61539,,,,3.3125,1.75,4.25,3.8125,3.3125,3.0,,,,65.55556,63.4375,,,,4.125,4.0,3.3333333,1.5625,4.4375,1.625,4.375,1.0,5.0,75.38461,76.354164,79.48718,80.295135,,1.125,4.875,1.7333333,4.266667,4.4375,4.733333,4.642857,4.8125,1.2307693,,,,,,90.97222,90.6994,,,,4.5625,4.3125,4.2,1.3846154,4.6153846,1.4,4.6,84.583336,86.45192,84.583336,86.45192,,4.625,1.375,2.3333333,3.6666667,1.1875,4.8125,4.866667,,66.51786,67.00521,,,,3.875,4.375,4.5,2.9375,,,73.046875,73.046875,,,,9.375,,,9.0,7.875,8.0,7.375,7.5625,,,,,2.6875,0.125,0.875,0.125,0.0,0.125,,,,,,,0.0,0.0,0.0,0.0,0.625,0.0,0.0,0.0,0.0,0.6875,3.9285715,9.25,,5.5625,7.3125,9.0,,,,,4.3125,1.3125,1.3125,4.6,4.75,13.3125,13.3125,1.875,1.875,,,,,,,,,,,,,,,,,,,,,,,,,,,,,,,,,,,,,,
AUT_15102017_L1,Austria,AUT,2017.0,2017-10-15,Legislative,21.0,,1,1,2,4,50077.83261,4,6,1,,70.199455,75.765305,,,78.60539,68.04511,91.16715,74.55357,80.65573,79.70321,67.98611,91.00529,74.10714,85.71429,9.047619,,1.9047619,4.095238,2.0,4.0,1.5238096,4.4761906,,,,,79.7619,79.7619,,,,4.4761906,4.428571,4.6190476,4.6190476,88.39286,88.39286,88.39286,88.39286,,1.8888888,4.111111,1.7777778,4.2222223,3.7,75.0,75.27778,75.0,75.27778,,1.4736842,4.5263157,1.6,4.4,1.55,4.45,,,85.96491,86.4693,,,,1.2857143,4.714286,3.952381,3.5714285,3.0,3.0,1.4761904,4.5238094,,,,73.809525,73.809525,,,,3.1904762,2.5,3.5,3.142857,3.2857144,2.625,,,,48.0,53.720238,,,,3.85,3.15,2.5,2.0952382,3.9047618,2.631579,3.368421,1.5714285,4.428571,58.94737,58.865913,63.157894,63.340645,,1.0952381,4.904762,1.1578947,4.8421054,4.6666665,4.6190476,4.6,4.6666665,1.3529412,,,,,,93.589745,92.913536,,,,4.8095236,4.4761906,4.857143,1.5,4.5,1.6666666,4.3333335,89.166664,89.88095,89.166664,89.88095,,1.4,4.6,2.8947368,3.1052632,1.2,4.8,3.625,,75.0,75.81415,,,,4.55,4.4,4.470588,4.6666665,,,90.07353,88.04534,,,,9.142858,,,8.904762,6.9,7.7619047,7.428571,9.142858,,,,,2.6666667,0.04761905,0.9047619,0.04761905,0.0952381,0.0952381,,,,,,,0.0,0.0,0.0,0.04761905,0.61904764,0.2857143,0.0,0.0,0.04761905,0.8095238,3.857143,8.952381,,,,,9.571428,5.7619047,2.3809524,,,,,4.714286,,,,,,42.904762,22.238094,3.9047618,3.7619047,6.857143,6.857143,,,,,,,,,,,,,,,,,,,,,,,,,,,,,,,,
AUT_29092019_L1,Austria,AUT,2019.0,2019-09-29,Legislative,3.0,,1,1,2,4,58076.34880144799,4,6,1,,,,,,85.51215,74.6875,95.833336,72.916664,98.61111,85.68576,74.6875,96.52778,72.916664,98.61111,9.0,,2.0,4.0,2.3333333,3.6666667,1.3333334,4.6666665,,,,,77.77778,77.77778,,,,5.0,4.6666665,5.0,5.0,97.916664,97.916664,97.916664,97.916664,,,,,,,,,,,,2.0,4.0,1.6666666,4.3333335,1.0,5.0,,,83.333336,86.111115,,,,1.0,5.0,3.6666667,3.6666667,2.3333333,3.6666667,1.0,5.0,,,,80.0,80.0,,,,3.0,2.6666667,3.3333333,4.3333335,3.6666667,2.0,,,,52.5,56.666668,,,,3.6666667,2.6666667,2.6666667,1.6666666,4.3333335,2.3333333,3.6666667,1.0,5.0,60.0,60.0,66.66667,66.66667,,1.0,5.0,1.0,5.0,4.6666665,4.6666665,5.0,5.0,1.0,,,,,,95.83333,97.22222,,,,5.0,5.0,5.0,1.0,5.0,1.0,5.0,100.0,100.0,100.0,100.0,,1.0,5.0,3.0,3.0,1.0,5.0,,,,,,,,5.0,4.6666665,4.6666665,4.6666665,,,93.75,93.75,,,,9.666667,,,9.666667,6.0,7.3333335,8.333333,9.666667,,,,,1.6666666,0.0,1.0,0.0,0.0,0.0,,,,,,,0.0,0.0,0.0,0.0,0.0,1.0,0.0,0.0,0.0,0.33333334,4.5,8.333333,,,,,10.0,3.3333333,1.0,,,,,,,,,,,,,,,1.0,1.0,2.5,2.5,3.5,1.0,1.0,4.5,1.0,1.0,3.5,3.5,3.0,3.0,2.5,2.5,,,,,,,,,,,,,,,,,,
AUT_09102022_P1,Austria,AUT,2022.0,2022-10-09,Presidential,9.0,,1,1,2,4,58430.6402512873,4,6,1,,85.144104,,,,88.24198,81.85351,98.66071,77.083336,95.37037,88.581215,81.79398,98.84259,77.083336,96.604935,10.0,,1.2857143,4.714286,1.0,5.0,1.3333334,4.6666665,,,,,97.61905,94.84127,,,,5.0,5.0,5.0,5.0,100.0,100.0,100.0,100.0,,1.0,5.0,1.0,5.0,4.75,97.916664,97.916664,97.916664,97.916664,,1.0,5.0,1.0,5.0,1.0,5.0,,,100.0,100.0,,,,1.1111112,4.888889,3.7777777,3.7777777,1.875,4.125,1.1111112,4.888889,,,,80.625,82.291664,,,,3.8888888,2.0,4.0,3.7777777,3.6666667,1.3333334,,,,58.333332,58.333332,,,,3.75,3.7777777,2.75,1.3333334,4.6666665,1.5,4.5,1.0,5.0,73.75,72.22222,78.125,76.85185,,1.0,5.0,1.0,5.0,5.0,4.2222223,4.857143,4.875,1.125,,,,,,95.833336,95.64319,,,,5.0,5.0,5.0,1.0,5.0,1.0,5.0,100.0,100.0,100.0,100.0,,1.625,4.375,1.375,4.625,1.125,4.875,4.6666665,,81.25,90.885414,,,,4.7777777,4.4444447,4.3333335,4.888889,,,90.27778,90.27778,,,,9.666667,,,9.5,6.25,7.5,7.5,9.5,,1.25,,,1.375,0.0,0.7777778,0.11111111,0.0,0.22222222,,,,,,,0.0,0.0,0.0,0.0,0.6666667,0.22222222,0.0,0.0,0.11111111,0.6666667,3.5714285,8.777778,,,,,9.888889,5.2222223,2.2222223,,,,,,,,,,,,,,,,,,,,,,,,,,,,,,,1.0,5.0,4.6,1.5,4.5,1.3333334,4.6666665,1.3333334,4.6666665,1.0,5.0,1.0,5.0,4.5,1.0,5.0,1.0,5.0
AUT_29092024_L1,Austria,AUT,2024.0,2024-09-29,Legislative,6.0,,1,1,2,4,65015.0,4,6,1,,78.53061,84.69388,75.78629,86.29032,69.90394,70.796295,70.625,60.648148,77.546295,70.7147,70.40509,72.11806,60.648148,79.6875,9.666667,,1.5,4.5,1.3333334,4.6666665,1.0,5.0,4.1666665,3.75,3.5,4.0,93.05556,93.05556,90.47619,80.65476,,4.1666665,4.0,4.0,4.1666665,77.083336,77.083336,77.083336,77.083336,,1.2,4.8,1.2,4.8,4.4,91.666664,91.666664,91.666664,91.666664,,1.2,4.8,1.3333334,4.6666665,1.0,5.0,1.1666666,4.8333335,95.833336,95.55556,96.875,95.625,,1.8333334,4.1666665,3.5,3.3333333,3.0,3.0,1.3333334,4.6666665,3.5,3.1666667,2.8333333,68.333336,68.333336,64.28571,64.28571,,3.6666667,2.8333333,3.1666667,4.0,4.0,2.5,3.5,2.5,2.5,57.5,61.666668,55.357143,54.761906,,3.5,3.1666667,3.0,1.8333334,4.1666665,2.6,3.4,2.1666667,3.8333333,56.25,61.166668,58.333336,62.77778,,1.5,4.5,1.3333334,4.6666665,4.6666665,4.6666665,4.4,4.6666665,1.2,3.0,3.0,2.75,1.2,4.8,89.166664,89.861115,73.75,70.291664,,4.3333335,4.1666665,4.3333335,2.0,4.0,2.0,4.0,77.0,79.166664,77.0,79.166664,,1.3333334,4.6666665,3.2,2.8,1.5,4.5,4.0,4.5,68.75,74.791664,70.0,77.333336,,4.6666665,4.5,4.3333335,4.6666665,1.25,4.75,88.541664,88.541664,91.25,89.583336,,9.166667,2.0,,9.0,7.6666665,8.333333,7.3333335,9.666667,,0.0,0.0,0.0,1.3333334,,1.0,1.0,,,6.0,4.4,0.16666667,5.0,1.0,3.1666667,0.0,0.0,0.0,0.0,0.6666667,0.33333334,0.0,0.0,0.0,1.0,3.6,9.0,,1.0,5.1666665,1.5,,,,,,,,,,,,,,,,,,,,,,,,,,,,,,,,,,,,,,,,,,,,,,,,,,,
AZE_09102013_P1,Azerbaijan,AZE,2013.0,2013-10-09,Presidential,10.0,,6,6,0,3,17171.762,3,5,0,,42.95558,44.557823,,,37.732143,37.132275,48.703705,27.5,37.592594,35.564236,35.520836,42.291668,27.5,36.944447,2.9,,3.5555556,2.4444444,3.5555556,2.4444444,2.7777777,3.2222223,,,,,42.592594,42.592594,,,,2.7,3.25,1.5555556,2.2222223,32.291668,35.79861,32.291668,35.79861,,2.4,3.6,2.4,3.6,2.8,58.333332,58.333332,58.333332,58.333332,,3.625,2.375,3.375,2.625,3.1666667,2.8333333,,,37.5,40.27778,,,,4.4,1.6,3.3,3.2857144,2.5555556,3.4444444,4.0,2.0,,,,41.42857,43.150795,,,,1.9,4.5,1.5,1.7,2.0,4.111111,,,,31.25,31.055555,,,,2.25,2.0,2.4285715,3.6666667,2.3333333,4.2222223,1.7777778,,,28.0,28.948412,,,,3.2,2.8,4.3,1.7,3.7777777,2.5,3.6,3.5,1.6,,,,,,54.166664,49.49074,,,,2.6666667,4.0,1.9,2.875,3.125,3.625,2.375,46.666668,45.333332,46.666668,45.333332,,3.7,2.3,3.2222223,2.7777777,2.4444444,3.5555556,2.5555556,,44.642857,44.930553,,,,2.3,3.375,2.7,2.1,,,41.40625,40.46875,,,,7.2222223,,,2.5,3.0,2.5,3.7,2.7,,,,,2.6,0.1,0.8,0.1,0.1,0.0,,,,,,,0.0,0.0,0.0,0.0,0.3,0.8,0.1,0.0,0.1,0.5,4.3,8.3,,4.0,5.6,7.1,,,,,,,,,,,,,,,,,,,,,,,,,,,,,,,,,,,,,,,,,,,,,,,,,,,
AZE_01112015_L1,Azerbaijan,AZE,2015.0,2015-11-01,Legislative,7.0,,6,6,0,3,17779.773,3,5,0,,27.767857,27.806122,,,24.092756,18.454365,42.896828,15.178572,19.84127,24.144344,18.452381,42.113094,15.178572,20.833334,2.142857,,4.285714,1.7142857,4.285714,1.7142857,3.2857144,2.7142856,,,,,26.190475,26.190475,,,,2.4285715,2.5,1.1428572,1.6666666,21.25,23.363096,21.25,23.363096,,4.5,1.5,4.2,1.8,2.25,22.916666,21.25,22.916666,21.25,,4.2,1.8,4.0,2.0,3.4,2.6,,,28.333334,28.333332,,,,4.285714,1.7142857,3.142857,3.4285715,3.8,2.2,4.571429,1.4285715,,,,36.0,34.57143,,,,1.7142857,5.0,1.0,1.0,1.2857143,3.1666667,,,,16.666666,15.833333,,,,1.2857143,1.2857143,1.4285715,4.285714,1.7142857,4.8333335,1.1666666,,,10.0,9.404762,,,,3.3333333,2.6666667,4.571429,1.4285715,3.6666667,1.8571428,3.3333333,3.4,1.25,,,,,,44.444443,43.134922,,,,2.4285715,3.8333333,2.142857,4.285714,1.7142857,3.857143,2.142857,38.333332,36.309525,38.333332,36.309525,,3.0,3.0,2.1666667,3.8333333,2.0,4.0,2.0,,51.5625,55.208332,,,,1.2857143,1.7142857,1.2857143,1.5714285,,,11.607142,11.607142,,,,8.0,,,1.1428572,2.142857,1.2857143,4.571429,1.7142857,,,,,2.7142856,0.0,0.85714287,0.2857143,0.14285715,0.0,,,,,,,0.0,0.14285715,0.0,0.0,0.14285715,0.0,0.0,0.0,0.0,0.42857143,4.428571,8.714286,,4.142857,7.714286,6.285714,,,,,,,,,,,,,,,,,,,,,,,,,,,,,,,,,,,,,,,,,,,,,,,,,,,
AZE_11042018_P1,Azerbaijan,AZE,2018.0,2018-04-11,Presidential,5.0,,7,6,0,3,15847.4189453125,3,5,0,,41.624153,31.12245,,,32.50289,33.854164,49.907406,17.5,28.75,31.583336,30.083336,50.416668,17.5,28.333334,2.6,,4.0,2.0,4.25,1.75,3.0,3.0,,,,,35.416668,31.25,,,,2.6,3.75,1.8,2.0,43.75,38.4375,43.75,38.4375,,2.5,3.5,3.3333333,2.6666667,3.0,58.333332,51.38889,58.333332,51.38889,,3.6666667,2.3333333,4.0,2.0,3.5,2.5,,,41.666668,31.944445,,,,4.4,1.6,3.25,3.75,3.5,2.5,4.4,1.6,,,,40.0,38.5,,,,1.6,4.4,1.6,2.4,2.4,3.6,,,,33.0,33.0,,,,2.75,2.0,2.4,3.6,2.4,4.2,1.8,4.0,2.0,23.333334,31.75,20.833334,30.625,,2.3333333,3.6666667,4.25,1.75,3.4,1.8,3.3333333,3.75,1.6666666,,,,,,47.22222,48.75,,,,2.4,3.4,2.2,3.25,2.75,3.0,3.0,47.5,43.75,47.5,43.75,,3.4,2.6,3.0,3.0,1.5,4.5,2.0,,56.25,50.625,,,,1.6,2.6,1.6,1.6,,,21.25,21.25,,,,8.8,,,3.0,2.6,2.6,4.6,2.6,,,,,2.4,0.0,0.8,0.2,0.2,0.0,,,,,,,0.0,0.0,0.0,0.0,0.4,0.6,0.0,0.0,0.0,0.4,4.8,8.6,,,,,9.8,4.4,1.0,,,,,,,,,,,,,,,2.25,2.25,2.8,2.8,1.8,1.6,1.6,3.4,1.3333334,1.3333334,1.6,1.8,3.5,3.5,3.5,3.5,,,,,,,,,,,,,,,,,,
AZE_09022020_L1,Azerbaijan,AZE,2020.0,2020-02-09,Legislative,2.0,,7,6,0,3,14478.524451937723,3,5,0,,36.22449,,,,33.038197,37.708336,59.72222,25.0,9.722222,32.274307,37.083336,57.986115,25.0,9.027778,1.0,,2.0,4.0,4.0,2.0,4.0,2.0,,,,,41.666664,41.666664,,,,2.0,4.0,1.0,1.5,25.0,28.125,25.0,28.125,,4.0,2.0,1.0,5.0,5.0,75.0,75.0,75.0,75.0,,2.0,4.0,5.0,1.0,3.0,3.0,,,41.666668,41.666668,,,,4.5,1.5,3.5,3.0,3.0,3.0,3.5,2.5,,,,42.5,42.5,,,,1.0,3.0,3.0,1.5,1.5,4.0,,,,30.0,30.0,,,,1.5,1.0,2.0,3.5,2.5,1.5,4.5,2.5,3.5,32.5,32.5,37.5,37.5,,3.0,3.0,4.5,1.5,3.0,2.0,2.0,5.0,1.0,,,,,,41.666668,43.75,,,,1.5,4.0,1.0,4.0,2.0,4.0,2.0,25.0,27.5,25.0,27.5,,3.5,2.5,1.0,5.0,2.0,4.0,1.0,,62.5,53.125,,,,1.0,3.0,1.0,1.0,,,12.5,12.5,,,,9.0,,,1.5,1.5,1.0,2.5,1.0,,,,,2.0,0.0,1.0,0.0,0.0,0.0,,,,,,,0.0,0.0,0.0,0.0,0.5,0.5,0.0,0.0,0.0,0.5,4.5,6.5,,,,,10.0,3.0,1.0,,,,,,,,,,,,,,,,,,,,,,,,,,,,,,,,,,,,,,,,,,,,,,,,
AZE_01092024_L1,Azerbaijan,AZE,2024.0,2024-09-01,Legislative,3.0,,7,7,0,3,21262.0,3,5,0,,,,,,35.789932,30.416668,52.5,27.777777,32.46528,38.049767,35.069443,48.61111,36.574074,31.944445,3.6666667,,3.5,2.5,4.0,2.0,3.3333333,2.6666667,2.6666667,1.0,2.6666667,3.5,37.5,34.72222,14.285714,35.714283,,2.3333333,2.6666667,2.0,2.3333333,33.333332,33.333332,33.333332,33.333332,,2.0,4.0,2.0,4.0,5.0,83.333336,83.333336,83.333336,83.333336,,4.0,2.0,3.3333333,2.6666667,3.3333333,2.6666667,3.3333333,2.6666667,25.0,36.11111,25.0,37.5,,5.0,1.0,3.0,2.6666667,3.5,2.5,4.5,1.5,2.3333333,3.6666667,2.3333333,20.0,28.333334,17.857143,29.761906,,1.0,4.5,1.5,1.5,1.5,4.0,4.5,1.5,2.3333333,22.5,22.5,19.642857,22.619047,,1.5,1.5,1.5,3.0,3.0,4.0,2.0,3.3333333,2.6666667,17.5,22.5,18.75,25.694443,,3.0,3.0,3.6666667,2.3333333,3.6666667,2.6666667,,4.5,2.0,2.0,4.0,2.0,,,,,,,,2.3333333,3.5,2.3333333,3.6666667,2.3333333,3.6666667,2.3333333,52.5,39.166668,52.5,39.166668,,3.6666667,2.3333333,2.5,3.5,1.0,5.0,2.5,2.6666667,59.375,58.333332,57.5,55.0,,1.6666666,2.3333333,2.0,2.3333333,1.3333334,4.6666665,27.083334,27.083334,40.0,40.0,,8.0,1.0,,3.3333333,3.6666667,3.3333333,4.3333335,3.0,,0.0,0.0,0.0,1.3333334,1.0,1.0,1.0,1.0,1.0,6.0,4.0,0.6666667,4.6666665,,2.3333333,0.0,0.0,0.0,0.0,0.0,1.0,0.0,0.0,0.0,,6.0,9.666667,,3.6666667,5.0,1.3333334,,,,,,,,,,,,,,,,,,,,,,,,,,,,,,,,,,,,,,,,,,,,,,,,,,,
AZE_07022024_P1,Azerbaijan,AZE,2024.0,2024-02-07,Presidential,5.0,,7,7,0,3,21262.0,3,5,0,,45.15306,,44.48253,,39.275177,37.694443,48.555557,30.833332,40.01736,40.77778,37.75,55.916664,30.0,39.444443,4.0,,2.25,3.75,3.2,2.8,2.8,3.2,2.5,2.25,3.0,3.4,62.5,56.25,59.52381,49.642857,,3.2,3.25,2.2,3.0,56.25,47.8125,56.25,47.8125,,2.0,4.0,2.0,4.0,2.6666667,63.88889,63.88889,63.88889,63.88889,,2.5,3.5,2.5,3.5,2.5,3.5,2.25,3.75,62.5,62.5,64.0625,64.0625,,3.8,2.2,2.2,3.2,4.25,1.75,4.6,1.4,2.6,2.6,3.4,20.0,28.75,26.785715,34.82143,,1.4,4.8,1.2,1.4,1.5,4.25,3.5,2.5,2.8,20.0,23.75,23.809525,28.75,,1.25,2.0,1.5,2.0,4.0,4.2,1.8,2.4,3.6,28.333334,27.75,33.333336,33.958332,,2.3333333,3.6666667,5.0,1.0,4.2,2.2,3.0,4.0,1.25,3.6666667,2.3333333,1.5,2.6666667,3.3333333,45.833332,50.27778,30.0,38.083332,,1.75,4.5,2.2,3.4,2.6,3.75,2.25,40.0,41.5,40.0,41.5,,2.4,3.6,1.6666666,4.3333335,1.25,4.75,2.3333333,2.75,65.625,68.85417,55.0,63.833332,,1.6,3.4,1.8,2.0,2.2,3.8,28.125,30.0,36.25,38.0,,8.8,1.25,,2.5,4.4,3.6,7.25,2.0,,0.0,0.0,0.0,1.2,1.0,1.0,1.0,1.0,1.0,6.0,3.4,0.6,5.0,1.0,2.8,0.0,0.0,0.0,0.0,0.2,0.8,0.0,0.0,0.0,1.0,5.2,9.2,,4.25,4.75,2.25,,,,,,,,,,,,,,,,,,,,,,,,,,,,,,,,,,,,,,,,,,,,,,,,,,,
BHS_10052017_L1,Bahamas,BHS,2017.0,2017-05-10,Legislative,6.0,,1,1,2,4,23173.033,2,9,0,,47.512756,47.19388,,,56.194443,46.51389,50.833332,61.875,65.55556,57.387154,46.5625,53.125,63.541668,66.31944,6.6666665,,3.3333333,2.6666667,3.1666667,2.8333333,3.3333333,2.6666667,,,,,43.055553,43.055553,,,,3.0,3.2,3.3333333,3.8333333,53.75,58.541668,53.75,58.541668,,3.1666667,2.8333333,3.2,2.8,2.2,40.0,40.27778,40.0,40.27778,,4.0,2.0,3.8,2.2,3.4,2.6,,,31.666668,31.666668,,,,2.8333333,3.1666667,2.5,2.3333333,3.5,2.5,2.4,3.6,,,,44.0,45.5,,,,3.5,2.6,3.4,3.0,3.5,3.1666667,,,,55.0,57.833332,,,,3.4,3.5,2.8333333,3.5,2.5,3.8333333,2.1666667,3.6,2.4,48.0,47.0,45.833336,45.0,,2.6,3.4,2.8,3.2,3.0,3.5,2.0,3.8,1.8,,,,,,48.61111,53.75,,,,3.3333333,4.0,4.1666665,2.4,3.6,2.6,3.4,62.5,67.5,62.5,67.5,,2.6666667,3.3333333,2.0,4.0,1.5,4.5,3.5,,70.3125,70.833336,,,,3.6,3.5,3.6,3.0,,,54.6875,60.625,,,,7.1666665,,,6.6666665,5.5,5.3333335,6.3333335,6.1666665,,,,,2.6666667,0.0,1.0,0.16666667,0.0,0.0,,,,,,,0.0,0.0,0.0,0.16666667,0.33333334,0.5,0.0,0.0,0.0,0.5,4.6666665,8.833333,,,,,8.333333,5.8333335,4.0,,,,,3.3333333,,,,,,50.333332,19.833334,3.8333333,3.1666667,2.5,2.5,,,,,,,,,,,,,,,,,,,,,,,,,,,,,,,,
BHS_16092021_L1,Bahamas,BHS,2021.0,2021-09-16,Legislative,3.0,,1,1,2,4,34107.849831047635,2,9,0,,,,,,56.591434,39.791664,55.092594,50.0,81.48148,58.260994,40.45139,61.11111,50.0,81.48148,7.3333335,,3.0,3.0,3.5,2.5,3.0,3.0,,,,,54.166664,45.833332,,,,2.6666667,3.3333333,4.6666665,4.6666665,70.833336,70.833336,70.833336,70.833336,,3.5,2.5,3.5,2.5,2.5,37.5,37.5,37.5,37.5,,4.0,2.0,4.0,2.0,,,,,,,,,,1.6666666,4.3333335,2.0,2.6666667,3.0,3.0,2.3333333,3.6666667,,,,50.0,53.333332,,,,3.0,3.6666667,2.3333333,2.5,3.3333333,3.5,,,,35.0,48.333332,,,,1.5,2.0,1.0,4.0,2.0,4.0,2.0,4.0,2.0,20.0,17.5,12.5,18.75,,1.6666666,4.3333335,3.0,3.0,3.3333333,3.3333333,2.6666667,4.0,1.0,,,,,,64.583336,61.11111,,,,4.0,4.3333335,4.3333335,2.0,4.0,1.6666666,4.3333335,82.5,80.0,82.5,80.0,,1.6666666,4.3333335,1.3333334,4.6666665,1.3333334,4.6666665,4.0,,85.416664,85.416664,,,,4.0,4.0,4.0,3.3333333,,,70.833336,70.833336,,,,7.3333335,,,7.6666665,6.0,5.6666665,6.3333335,7.6666665,,,,,1.0,0.6666667,1.0,0.33333334,0.0,0.33333334,,,,,,,0.0,0.0,0.0,0.0,0.6666667,0.33333334,0.0,0.0,0.0,0.6666667,4.3333335,9.0,,,,,9.666667,4.6666665,1.0,,,,,,,,,,,,,,,,,,,,,,,,,,,,,,,,,,,,,,,,,,,,,,,,
BHR_29112014_L2,Bahrain,BHR,2014.0,2014-11-29,Legislative,6.0,,6,6,0,4,46734.523,3,7,0,,30.450682,26.360544,,,31.4294,27.395834,48.26389,17.1875,32.87037,33.734085,26.71875,51.38889,19.791666,37.037037,2.5,,4.0,2.0,4.75,1.25,4.3333335,1.6666666,,,,,16.666666,15.972221,,,,2.6,3.3333333,2.1666667,2.2,35.0,39.375,35.0,39.375,,5.0,1.0,3.0,3.0,1.3333334,20.0,19.444445,20.0,19.444445,,4.25,1.75,4.25,1.75,4.75,1.25,,,14.583334,14.583333,,,,4.3333335,1.6666666,3.6666667,2.5,3.1666667,2.8333333,4.25,1.75,,,,33.75,37.083332,,,,1.8333334,4.75,1.25,1.8,2.1666667,4.3333335,,,,30.0,31.916666,,,,1.6,1.8,2.2,3.8,2.2,4.0,2.0,,,23.75,24.0,,,,3.4,2.6,3.75,2.25,3.1666667,1.8333334,3.6,3.8,1.75,,,,,,42.708332,46.875,,,,3.4,3.6,2.3333333,4.4,1.6,3.6,2.4,28.333334,41.666668,28.333334,41.666668,,3.2,2.8,2.8,3.2,2.8,3.2,2.8,,50.0,50.0,,,,1.3333334,3.1666667,1.8333334,2.6,,,28.75,30.833334,,,,7.8,,,2.6666667,1.8333334,1.5,3.0,2.6666667,,,,,3.0,0.0,1.0,0.16666667,0.0,0.0,,,,,,,0.0,0.0,0.0,0.16666667,0.0,0.8333333,0.0,0.0,0.0,0.16666667,3.6,9.166667,,3.3333333,8.333333,7.1666665,,,,,,,,,,,,,,,,,,,,,,,,,,,,,,,,,,,,,,,,,,,,,,,,,,,
BHR_01122018_L2,Bahrain,BHR,2018.0,2018-12-01,Legislative,5.0,,7,6,0,4,43290.703125,3,7,0,,33.503403,33.503403,,,42.1059,27.868057,50.381943,36.5625,53.61111,42.475693,31.291668,50.833332,35.0,52.77778,4.2,,3.5,2.5,3.75,2.25,3.8,2.2,,,,,35.416668,32.916668,,,,3.8,3.2,2.6,3.2,55.0,55.0,55.0,55.0,,4.5,1.5,3.8,2.2,2.0,20.833332,22.5,20.833332,22.5,,4.0,2.0,3.6,2.4,3.0,3.0,,,36.666668,36.666668,,,,4.4,1.6,3.2,2.2,3.6666667,2.3333333,3.6,2.4,,,,30.0,33.666668,,,,2.8,3.75,2.25,2.0,2.8,3.4,,,,50.0,41.25,,,,2.0,1.6666666,1.5,3.5,2.5,4.0,2.0,3.5,2.5,21.666666,23.333334,23.61111,25.694445,,2.8,3.2,3.2,2.8,3.2,2.4,3.25,3.5,3.0,,,,,,51.041664,51.458332,,,,3.2,3.2,3.2,3.0,3.0,3.4,2.6,41.666668,51.0,41.666668,51.0,,3.75,2.25,2.5,3.5,2.8,3.2,3.5,,51.5625,52.8125,,,,2.4,3.2,2.6,2.6,,,42.5,42.5,,,,8.5,,,5.0,5.0,4.75,5.5,4.5,,,,,2.8,0.0,0.6,0.2,0.0,0.6,,,,,,,0.0,0.0,0.0,0.0,0.2,0.8,0.0,0.0,0.0,0.4,4.2,7.8,,,,,9.4,4.6,3.4,,,,,,,,,,,,,,,3.5,3.5,4.2,4.2,2.4,4.0,4.0,3.2,2.6666667,2.6666667,2.4,2.4,3.5,3.5,3.6,3.6,,,,,,,,,,,,,,,,,,
BHR_12112022_L1,Bahrain,BHR,2022.0,2022-11-12,Legislative,4.0,,7,6,0,4,54256.7714345513,3,7,0,,44.30272,,,,42.777775,33.090275,57.696762,37.5,42.824074,37.632378,29.869791,41.493057,37.5,41.666668,3.0,,3.5,2.5,4.5,1.5,4.0,2.0,,,,,25.0,25.0,,,,2.6666667,3.0,1.6666666,3.0,39.583332,39.583332,39.583332,39.583332,,4.0,2.0,3.6666667,2.3333333,1.6666666,25.0,25.0,25.0,25.0,,4.25,1.75,4.0,2.0,3.0,3.0,,,45.833336,31.25,,,,4.75,1.25,3.5,3.75,4.0,2.0,4.0,2.0,,,,38.333332,37.5,,,,1.75,3.75,2.25,2.75,1.5,2.25,,,,27.5,27.5,,,,2.25,2.6666667,1.25,2.0,4.0,4.3333335,1.6666666,3.6666667,2.3333333,35.0,34.166668,37.5,34.02778,,3.0,3.0,4.0,2.0,3.6666667,3.0,4.5,4.5,1.6666666,,,,,,79.166664,61.11111,,,,4.5,4.3333335,3.3333333,4.6666665,1.3333334,3.6666667,2.3333333,85.0,54.166668,85.0,54.166668,,3.25,2.75,2.75,3.25,2.0,4.0,3.25,,54.166668,57.8125,,,,2.0,3.0,2.0,2.5,,,34.375,34.375,,,,9.5,,,4.0,3.25,3.5,3.5,2.75,,1.75,,,2.0,0.25,1.0,0.0,0.25,0.0,,,,,,,0.25,0.25,0.0,0.0,0.25,0.5,0.0,0.0,0.0,0.5,5.0,9.75,,,,,7.25,4.0,3.25,,,,,,,,,,,,,,,,,,,,,,,,,,,,,,,2.0,4.0,4.0,2.0,4.0,3.0,3.0,3.0,3.0,2.0,4.0,2.5,3.5,4.5,2.0,4.0,2.0,4.0
BGD_05012014_L1,Bangladesh,BGD,2014.0,2014-01-05,Legislative,16.0,,3,4,1,1,3131.7896,3,4,0,,34.705173,29.251701,,,33.874146,31.312428,29.223484,32.421875,42.53879,34.626194,32.03776,29.427084,32.421875,44.618057,3.0625,,3.2666667,2.7333333,4.0666666,1.9333333,2.8125,3.1875,,,,,36.309525,40.45139,,,,2.6875,3.0,2.6875,2.9375,44.166668,45.703125,44.166668,45.703125,,3.3846154,2.6153846,3.5384614,2.4615386,2.6923077,40.27778,39.74359,40.27778,39.74359,,3.3333333,2.6666667,3.0666666,2.9333334,3.0714285,2.9285715,,,47.023808,46.07143,,,,3.4,2.6,3.125,2.625,4.125,1.875,3.625,2.375,,,,36.666668,38.0,,,,2.9375,3.375,2.625,2.5,3.1333334,3.4,,,,45.714287,47.979168,,,,1.8181819,2.1538463,1.625,4.125,1.875,4.1875,1.8125,,,18.181818,21.42264,,,,4.5625,1.4375,4.6875,1.3125,3.2,1.8125,2.2727273,2.3636363,1.5555556,,,,,,24.166666,26.661932,,,,2.642857,3.3125,2.4666667,2.857143,3.142857,2.8666666,3.1333334,48.46154,48.49107,48.46154,48.49107,,3.6,2.4,3.2,2.8,3.4666667,2.5333333,2.3846154,,31.25,38.23718,,,,2.0625,3.25,2.0714285,2.0625,,,29.017857,34.04018,,,,9.357142,,,4.0625,3.0625,3.25,5.375,3.25,,,,,2.8461537,0.0625,0.875,0.0,0.0,0.0,,,,,,,0.0,0.0,0.0,0.0,0.125,0.8125,0.0625,0.0,0.0625,0.8125,4.5,9.066667,,5.0,9.0,8.4,,,,,,,,,,,,,,,,,,,,,,,,,,,,,,,,,,,,,,,,,,,,,,,,,,,
BGD_07012024_L1,Bangladesh,BGD,2024.0,2024-01-07,Legislative,9.0,,5,5,1,2,8242.0,3,4,0,,39.65546,47.70408,40.232975,51.814514,36.64655,32.30572,46.73611,31.17284,36.37153,36.42747,32.037037,46.73611,31.17284,35.76389,3.25,,2.5555556,3.4444444,2.8888888,3.1111112,2.4444444,3.5555556,3.3333333,2.2222223,4.0,3.3333333,59.25926,59.25926,59.821426,57.142857,,2.3333333,3.4444444,2.0,2.7777777,40.97222,40.97222,40.97222,40.97222,,2.857143,3.142857,2.857143,3.142857,2.875,53.57143,51.339287,53.57143,51.339287,,3.875,2.125,3.5555556,2.4444444,3.0,3.0,2.8888888,3.1111112,40.27778,38.078705,42.708332,41.75347,,4.125,1.875,3.7777777,3.4444444,4.2222223,1.7777778,4.0,2.0,2.625,4.2222223,1.7777778,38.75,39.375,36.734695,36.70635,,2.1111112,3.7777777,2.2222223,1.8888888,2.1111112,3.5555556,3.7777777,2.2222223,2.2222223,34.444443,34.444443,33.333332,33.333332,,1.7142857,1.875,1.4444444,3.8888888,2.1111112,4.0,2.0,3.375,2.625,20.714285,20.724207,26.38889,24.041006,,3.6666667,2.3333333,4.111111,1.8888888,3.5555556,2.3333333,3.1666667,2.5,2.3333333,3.5555556,2.4444444,2.6666667,3.4444444,2.5555556,45.833332,40.74074,36.25,33.61111,,2.625,3.125,2.25,3.375,2.625,3.25,2.75,45.0,41.875,45.0,41.875,,3.625,2.375,3.0,3.0,2.625,3.375,2.2222223,2.3333333,43.75,43.57639,43.57143,41.52778,,1.875,3.375,2.25,2.125,2.75,3.25,35.15625,35.15625,39.375,39.375,,7.625,2.375,,4.0,3.125,2.625,3.375,3.375,,0.0,0.0,0.0,1.25,,1.0,,,,6.0,4.25,0.25,5.0,1.0,4.375,0.0,0.0,0.0,0.0,0.22222222,0.6666667,0.0,0.0,0.0,1.0,5.375,8.625,,5.25,4.75,2.25,,,,,,,,,,,,,,,,,,,,,,,,,,,,,,,,,,,,,,,,,,,,,,,,,,,
BRB_21022013_L1,Barbados,BRB,2013.0,2013-02-21,Legislative,3.0,,1,1,2,4,15870.048,2,9,0,,55.35714,64.28571,,,56.822918,41.875,62.5,60.416668,62.5,63.043983,58.194443,63.88889,66.666664,63.425926,6.6666665,,2.3333333,3.6666667,2.3333333,3.6666667,2.3333333,3.6666667,,,,,66.666664,66.666664,,,,3.0,4.0,3.5,3.3333333,56.25,61.458332,56.25,61.458332,,2.5,3.5,2.0,4.0,3.5,66.666664,66.666664,66.666664,66.666664,,3.5,2.5,3.0,3.0,2.5,3.5,,,50.0,50.0,,,,1.6666666,4.3333335,3.6666667,3.0,4.5,1.5,3.5,2.5,,,,40.0,50.0,,,,4.3333335,4.0,2.0,1.5,4.0,4.5,,,,55.0,56.666668,,,,2.0,1.5,1.5,3.0,3.0,4.5,1.5,,,22.5,22.5,,,,2.0,4.0,4.0,2.0,4.5,3.6666667,4.0,4.0,1.0,,,,,,75.0,67.361115,,,,4.0,3.6666667,5.0,1.0,5.0,1.5,4.5,100.0,85.833336,100.0,85.833336,,1.5,4.5,1.6666666,4.3333335,1.0,5.0,3.0,,78.125,80.208336,,,,4.0,4.0,3.0,4.0,,,68.75,68.75,,,,7.6666665,,,7.0,6.0,6.3333335,5.6666665,6.0,,,,,3.0,0.0,1.0,0.0,0.0,0.0,,,,,,,0.0,0.0,0.0,0.0,0.0,1.0,0.0,0.0,0.0,0.0,3.6666667,8.666667,,4.3333335,9.0,8.333333,,,,,,,,,,,,,,,,,,,,,,,,,,,,,,,,,,,,,,,,,,,,,,,,,,,
BRB_24052018_L1,Barbados,BRB,2018.0,2018-05-24,Legislative,8.0,,1,1,2,4,16978.068359375,2,9,0,,62.880424,62.2449,,,61.480736,63.188988,60.45387,54.6875,67.5926,63.64258,64.46615,61.458336,54.6875,73.958336,7.625,,2.125,3.875,2.125,3.875,1.875,4.125,,,,,73.958336,73.958336,,,,3.25,4.0,4.125,4.25,72.65625,72.65625,72.65625,72.65625,,2.0,4.0,1.8,4.2,3.5,71.666664,72.5,71.666664,72.5,,4.125,1.875,3.375,2.625,2.125,3.875,,,44.791668,44.791668,,,,1.0,5.0,4.25,4.125,2.5714285,3.4285715,1.2857143,4.714286,,,,81.42857,82.58929,,,,3.0,3.75,2.25,3.125,3.125,3.5714285,,,,50.0,50.357143,,,,2.0,2.2857144,1.625,3.25,2.75,2.875,3.125,3.857143,2.142857,32.142857,33.928574,31.547619,33.035713,,1.0,5.0,1.5714285,4.428571,4.375,3.75,2.7142856,3.5,1.3333334,,,,,,71.66667,74.03274,,,,4.375,2.75,4.5,2.6666667,3.3333333,1.75,4.25,75.0,71.041664,75.0,71.041664,,1.0,5.0,1.6666666,4.3333335,1.0,5.0,3.0,,87.5,83.333336,,,,3.75,4.375,4.0,3.5,,,74.10714,72.65625,,,,9.0,,,7.0,6.625,6.625,7.125,7.25,,,,,3.0,0.25,1.0,0.0,0.125,0.25,,,,,,,0.0,0.0,0.0,0.0,0.625,0.375,0.0,0.0,0.0,0.625,5.0,8.125,,,,,9.0,6.375,3.5,,,,,,,,,,,,,,,2.375,2.375,3.875,3.875,3.5,2.5,2.5,2.6666667,1.1666666,1.1666666,3.375,2.875,2.375,2.375,3.7142856,3.7142856,,,,,,,,,,,,,,,,,,
BRB_19012022_L1,Barbados,BRB,2022.0,2022-01-19,Legislative,4.0,,1,1,2,4,15110.9573312342,2,9,0,,62.287415,,,,60.781246,58.402775,48.263885,59.375,77.083336,60.65321,60.49479,51.21528,59.375,71.52778,7.75,,2.5,3.5,3.25,2.75,2.75,3.25,,,,,54.166668,54.166668,,,,4.5,4.5,4.25,4.0,82.8125,82.8125,82.8125,82.8125,,2.3333333,3.6666667,3.0,3.0,3.75,58.333332,61.805557,58.333332,61.805557,,2.5,3.5,2.5,3.5,2.0,4.0,,,75.0,66.666664,,,,1.75,4.25,5.0,4.25,3.0,3.0,2.25,3.75,,,,76.25,76.25,,,,3.25,3.25,2.75,3.0,3.25,1.3333334,,,,36.666668,42.916668,,,,2.6666667,2.3333333,2.3333333,2.5,3.5,3.6666667,2.3333333,3.25,2.75,25.0,40.833336,22.916666,41.319443,,1.75,4.25,2.0,4.0,4.5,3.75,2.0,1.75,1.0,,,,,,29.166666,59.375,,,,4.25,4.5,4.25,1.75,4.25,1.75,4.25,82.5,82.5,82.5,82.5,,2.5,3.5,1.3333334,4.6666665,1.3333334,4.6666665,4.3333335,,87.5,82.291664,,,,4.0,3.75,3.25,4.0,,,68.75,68.75,,,,9.5,,,6.25,6.25,6.25,6.25,7.5,,1.0,,,1.0,0.75,1.0,0.0,0.5,0.5,,,,,,,0.0,0.0,0.25,0.0,0.75,0.25,0.0,0.0,0.0,1.0,4.25,9.75,,,,,8.0,5.5,3.5,,,,,,,,,,,,,,,,,,,,,,,,,,,,,,,4.0,2.0,3.6666667,1.5,4.5,4.3333335,1.6666666,4.3333335,1.6666666,2.3333333,3.6666667,4.6666665,1.3333334,2.0,2.0,4.0,3.0,3.0
BLR_23092012_L1,Belarus,BLR,2012.0,2012-09-23,Legislative,7.0,,7,6,0,3,17801.918,4,5,0,,22.168367,25.0,,,29.74107,24.738094,60.79365,11.607142,21.825397,28.198164,24.449404,55.80357,10.714286,21.825397,,,4.3333335,1.6666666,4.5,1.5,4.714286,1.2857143,,,,,11.111111,12.103174,,,,3.2857144,2.6666667,1.4285715,2.2857144,32.291668,35.416668,32.291668,35.416668,,4.3333335,1.6666666,3.6666667,2.3333333,2.3333333,27.777777,27.777777,27.777777,27.777777,,3.1666667,2.8333333,3.1666667,2.8333333,3.4,2.6,,,46.666668,43.88889,,,,4.857143,1.1428572,3.1666667,3.0,2.8333333,3.1666667,5.0,1.0,,,,25.0,32.38095,,,,1.0,4.0,2.0,1.4285715,1.8571428,3.5714285,,,,23.333334,24.285715,,,,1.5714285,1.5,1.3333334,2.2,3.8,5.0,1.0,,,15.0,21.02381,,,,3.0,3.0,4.285714,1.7142857,3.2857144,1.4285715,3.6,4.8,1.8333334,,,,,,52.777775,49.285713,,,,1.8571428,4.0,1.0,4.428571,1.5714285,4.714286,1.2857143,25.0,23.571428,25.0,23.571428,,3.857143,2.142857,2.0,4.0,1.5,4.5,1.8571428,,54.166668,53.125,,,,1.0,2.2857144,1.5714285,1.7142857,,,16.071428,16.071428,,,,8.142858,,,2.4285715,2.7142856,2.5714285,3.0,2.5714285,,,,,3.0,0.14285715,0.2857143,0.5714286,0.0,0.0,,,,,,,0.0,0.0,0.0,0.42857143,0.14285715,0.5714286,0.0,0.0,0.0,0.2857143,5.571429,9.0,,,,,,,,,,,,,,,,,,,,,,,,,,,,,,,,,,,,,,,,,,,,,,,,,,,,,,,
BLR_11102015_P1,Belarus,BLR,2015.0,2015-10-11,Presidential,11.0,,7,6,0,3,18344.816,4,5,0,,44.02955,32.65306,,,38.52947,37.730114,55.844833,25.0,35.54293,38.788666,34.857956,59.94318,25.0,35.353535,3.0,,3.875,2.125,4.0,2.0,3.6363637,2.3636363,,,,,29.166666,29.07197,,,,3.0,3.3636363,1.7272727,2.5454545,41.477272,41.477272,41.477272,41.477272,,3.0,3.0,3.0,3.0,3.25,61.11111,52.083332,61.11111,52.083332,,3.375,2.625,3.4285715,2.5714285,3.5714285,2.4285715,,,37.5,38.541668,,,,3.909091,2.090909,3.5454545,3.25,2.75,3.25,3.909091,2.090909,,,,46.666668,46.136364,,,,1.6363636,4.5454545,1.4545455,1.9090909,2.0,3.5,,,,20.625,27.5,,,,2.090909,1.8181819,2.2,2.6666667,3.3333333,4.6363635,1.3636364,,,30.0,29.030302,,,,2.2,3.8,4.625,1.375,3.909091,2.4545455,3.75,3.9,1.1666666,,,,,,50.0,54.952652,,,,2.3636363,3.9,1.5454545,3.7272727,2.2727273,4.181818,1.8181819,34.0,34.5,34.0,34.5,,3.6,2.4,2.0,4.0,1.3636364,4.6363635,2.75,,61.607143,61.164772,,,,1.4,3.3636363,1.8181819,2.3636363,,,28.125,30.90909,,,,8.727273,,,2.3636363,2.7272727,2.3636363,3.090909,2.1818182,,,,,2.9,0.09090909,0.6363636,0.45454547,0.0,0.09090909,,,,,,,0.0,0.0,0.0,0.0,0.18181819,0.0,0.0,0.0,0.0,0.45454547,5.181818,8.636364,,2.090909,6.181818,6.090909,,,,,,,,,,,,,,,,,,,,,,,,,,,,,,,,,,,,,,,,,,,,,,,,,,,
BLR_11092016_L1,Belarus,BLR,2016.0,2016-09-11,Legislative,8.0,,7,6,0,3,18060.412,4,5,0,,52.722706,,,,47.90559,49.706844,67.22553,35.15625,39.53373,44.22309,41.5625,59.895832,35.15625,40.27778,3.5,,3.2857144,2.7142856,3.5714285,2.4285715,3.25,2.75,,,,,44.444443,40.773808,,,,3.7142856,3.857143,2.142857,2.857143,54.166668,53.57143,54.166668,53.57143,,1.0,5.0,1.5,4.5,4.3333335,91.66667,90.27778,91.66667,90.27778,,3.6,2.4,3.0,3.0,3.4,2.6,,,43.75,41.666668,,,,4.0,2.0,3.375,3.25,2.0,4.0,3.375,2.625,,,,60.0,51.25,,,,2.125,4.25,1.75,2.25,2.4285715,3.5,,,,27.5,35.267857,,,,2.5714285,2.2,2.0,1.8,4.2,4.25,1.75,1.8,4.2,43.333332,38.607143,50.0,45.50595,,1.8571428,4.142857,4.1666665,1.8333334,4.1666665,2.875,3.8,4.3333335,1.2,,,,,,69.44444,63.12996,,,,2.5,3.875,2.1666667,3.375,2.625,3.625,2.375,44.166668,42.708332,44.166668,42.708332,,4.142857,1.8571428,2.1666667,3.8333333,1.7142857,4.285714,2.4285715,,53.75,52.529762,,,,2.0,3.875,2.375,2.75,,,43.75,43.75,,,,7.75,,,4.375,4.625,3.75,5.25,3.625,,,,,3.0,0.25,0.875,0.25,0.0,0.0,,,,,,,0.0,0.0,0.0,0.0,0.375,0.0,0.0,0.0,0.0,0.375,5.125,7.75,,3.625,7.375,7.5,,,,,3.25,2.625,2.625,27.125,2.5,26.625,26.625,26.875,26.875,,,,,,,,,,,,,,,,,,,,,,,,,,,,,,,,,,,,,,
BLR_17112019_L1,Belarus,BLR,2019.0,2019-11-17,Legislative,3.0,,7,6,0,3,20092.88037138745,4,5,1,,,,,,21.018518,24.583336,45.37037,2.0833333,12.037037,22.060186,25.277777,46.75926,4.1666665,12.037037,2.0,,3.0,3.0,4.0,2.0,4.3333335,1.6666666,,,,,,30.555555,,,,1.3333334,3.3333333,1.0,1.0,16.666666,16.666666,16.666666,16.666666,,5.0,1.0,5.0,1.0,,,,,,,4.5,1.5,4.5,1.5,4.0,2.0,,,25.0,16.666666,,,,5.0,1.0,2.6666667,2.6666667,2.6666667,3.3333333,4.6666665,1.3333334,,,,30.0,30.0,,,,1.3333334,5.0,1.0,1.3333334,1.3333334,4.3333335,,,,15.0,21.666666,,,,1.0,1.0,1.5,2.0,4.0,4.5,1.5,4.0,2.0,20.0,20.0,25.0,20.833334,,3.6666667,2.3333333,5.0,1.0,3.6666667,1.0,4.0,4.0,1.0,,,,,,41.666668,41.666668,,,,1.0,3.6666667,1.0,4.0,2.0,5.0,1.0,18.333334,18.333334,18.333334,18.333334,,4.3333335,1.6666666,3.3333333,2.6666667,1.3333334,4.6666665,2.0,,43.75,43.75,,,,1.3333334,3.6666667,1.3333334,1.3333334,,,22.916666,22.916666,,,,8.333333,,,1.3333334,1.0,1.0,3.3333333,1.3333334,,,,,1.6666666,0.33333334,1.0,0.33333334,0.0,0.0,,,,,,,0.0,0.0,0.0,0.0,0.33333334,0.6666667,0.0,0.33333334,0.0,0.33333334,4.3333335,8.333333,,,,,10.0,5.3333335,1.0,,,,,,,,,,,,,,,4.0,4.0,2.3333333,2.3333333,1.3333334,2.5,2.5,3.5,1.5,1.5,1.0,1.3333334,4.5,4.5,1.0,1.0,,,,,,,,,,,,,,,,,,
BLR_09082020_P1,Belarus,BLR,2020.0,2020-08-09,Presidential,6.0,,7,6,0,3,20237.551129186475,4,5,0,,26.211735,,,,27.057291,37.1875,47.84722,17.5,5.6944447,27.210648,35.694443,51.666668,17.5,5.0925927,1.2,,4.0,2.0,4.0,2.0,4.1666665,1.8333334,,,,,25.0,23.61111,,,,1.5,3.3333333,1.0,1.3333334,19.791666,19.791666,19.791666,19.791666,,2.75,3.25,2.75,3.25,4.0,52.77778,62.5,52.77778,62.5,,4.5,1.5,4.5,1.5,4.6666665,1.3333334,,,12.5,11.111112,,,,5.0,1.0,3.6,2.75,2.3333333,3.6666667,4.8,1.2,,,,35.0,36.083332,,,,1.4,5.0,1.0,2.0,1.8,4.5,,,,25.0,28.5,,,,2.0,1.75,2.0,1.0,5.0,5.0,1.0,3.5,2.5,45.0,33.75,45.833332,34.375,,4.0,2.0,4.6,1.4,3.8,2.2,3.5,4.2,1.25,,,,,,54.166664,46.25,,,,1.4,3.0,1.0,4.75,1.25,5.0,1.0,13.333333,13.25,13.333333,13.25,,5.0,1.0,4.75,1.25,4.0,2.0,1.2,,15.625,9.0625,,,,1.0,2.2,1.2,2.2,,,16.25,16.25,,,,9.0,,,2.0,2.2,1.8,3.0,1.2,,,,,1.4,0.16666667,0.6666667,0.16666667,0.0,0.0,,,,,,,0.0,0.0,0.0,0.0,0.0,0.8333333,0.0,0.0,0.0,0.16666667,5.2,7.8,,,,,9.8,5.2,1.2,,,,,,,,,,,,,,,,,,,,,,,,,,,,,,,,,,,,,,,,,,,,,,,,
BLR_25022024_L1,Belarus,BLR,2024.0,2024-02-25,Legislative,3.0,,7,7,0,3,27718.0,4,5,0,,28.571428,28.571428,29.233871,31.25,20.775463,25.185184,30.486113,8.333334,19.097221,20.92014,23.819445,32.77778,8.333334,18.75,1.0,,3.5,2.5,4.6666665,1.3333334,4.6666665,1.3333334,3.3333333,2.0,1.6666666,1.6666666,20.833334,18.055555,28.571428,24.404762,,2.3333333,3.0,1.3333334,2.3333333,40.625,31.25,40.625,31.25,,4.0,2.0,4.0,2.0,2.0,25.0,25.0,25.0,25.0,,3.5,2.5,3.0,3.0,2.5,3.5,3.5,2.5,50.0,50.0,46.875,46.875,,4.6666665,1.3333334,3.0,2.0,4.0,2.0,4.6666665,1.3333334,2.6666667,4.3333335,1.6666666,23.333334,23.333334,25.0,25.0,,1.3333334,5.0,1.0,1.3333334,1.3333334,4.6666665,4.3333335,1.6666666,1.3333334,23.333334,23.333334,20.238094,20.238094,,1.3333334,1.5,2.0,1.6666666,4.3333335,3.6666667,2.3333333,1.3333334,4.6666665,37.5,32.5,45.833336,42.36111,,3.0,3.0,4.6666665,1.3333334,3.3333333,1.3333334,2.0,1.3333334,3.0,4.5,1.5,2.6666667,3.0,3.0,22.916668,26.38889,22.5,23.75,,1.3333334,4.3333335,1.0,4.5,1.5,4.6666665,1.3333334,22.5,22.5,22.5,22.5,,4.0,2.0,2.0,4.0,2.0,4.0,1.3333334,1.3333334,46.875,45.833332,37.5,38.333332,,1.0,2.6666667,1.3333334,1.0,2.3333333,3.6666667,12.5,12.5,23.333334,23.333334,,9.333333,1.3333334,,1.0,1.6666666,1.6666666,2.0,1.0,,0.0,,0.0,2.0,,1.0,1.0,,1.0,5.6666665,2.3333333,1.0,5.0,1.0,2.6666667,0.0,0.0,0.0,0.0,0.0,1.0,0.0,0.0,0.0,1.0,5.6666665,9.0,,1.0,4.0,4.0,,,,,,,,,,,,,,,,,,,,,,,,,,,,,,,,,,,,,,,,,,,,,,,,,,,
BEL_25052014_L1,Belgium,BEL,2014.0,2014-05-25,Legislative,12.0,,1,1,2,4,44794.773,4,6,1,,69.78819,62.755104,,,76.25014,68.58396,76.488846,78.125,81.80275,76.82075,68.56771,77.951385,78.125,82.638885,8.666667,,2.75,3.25,2.4166667,3.5833333,1.9166666,4.0833335,,,,,65.97222,65.97222,,,,3.6666667,4.3333335,4.5833335,4.4166665,81.25,81.25,81.25,81.25,,2.7,3.3,2.4,3.6,3.2,59.166668,59.166664,59.166668,59.166664,,2.0,4.0,1.8,4.2,1.9,4.1,,,77.5,77.5,,,,1.5833334,4.4166665,4.1666665,3.9166667,3.0833333,2.9166667,1.75,4.25,,,,73.333336,73.333336,,,,3.8333333,2.0,4.0,3.9166667,3.75,2.1111112,,,,62.22222,63.055557,,,,3.1666667,3.3636363,3.25,1.5833334,4.4166665,2.4545455,3.5454545,,,64.5,63.71212,,,,1.4166666,4.5833335,1.6,4.4,4.0833335,4.3333335,3.5555556,3.7272727,1.4444444,,,,,,75.59524,77.845116,,,,4.5,3.4166667,4.0,1.5555556,4.4444447,1.5454545,4.4545455,77.22222,79.078285,77.22222,79.078285,,2.909091,3.090909,1.4545455,4.5454545,1.25,4.75,4.1666665,,76.25,78.456436,,,,4.4545455,4.25,3.8,3.9166667,,,76.875,77.632576,,,,8.9,,,7.3636365,7.3636365,7.4545455,5.909091,8.454545,,,,,3.0,0.16666667,1.0,0.0,0.0,0.0,,,,,,,0.0,0.0,0.0,0.0,0.8333333,0.25,0.0,0.0,0.0,0.8333333,3.4545455,7.6363635,,4.4166665,7.5,7.0,,,,,,,,,,,,,,,,,,,,,,,,,,,,,,,,,,,,,,,,,,,,,,,,,,,
BEL_26052019_L1,Belgium,BEL,2019.0,2019-05-26,Legislative,10.0,,1,1,2,4,54278.38945056356,4,6,1,,69.86338,63.265305,,,76.22617,67.99306,83.09992,72.916664,80.89506,76.33073,68.239586,82.84722,70.625,83.61111,9.2,,2.5,3.5,2.4,3.6,1.9,4.1,,,,,68.333336,68.333336,,,,4.8,4.6,4.8,4.8,93.75,93.75,93.75,93.75,,2.0,4.0,2.2,3.8,3.0,65.0,65.0,65.0,65.0,,2.2222223,3.7777777,1.8888888,4.111111,1.75,4.25,,,78.125,76.15741,,,,1.8888888,4.111111,4.0,3.8,3.2,2.8,1.7,4.3,,,,70.55556,70.05556,,,,3.4,2.4,3.6,3.0,3.4,2.4,,,,45.0,54.0,,,,3.7,3.875,3.4444444,1.5,4.5,2.5,3.5,1.4444444,4.5555553,74.166664,70.09722,76.388885,73.229164,,1.6,4.4,1.25,4.75,4.6,4.3333335,4.125,4.25,1.75,,,,,,88.19444,85.24306,,,,4.4444447,4.4,4.6666665,1.8,4.2,1.7,4.3,85.55556,85.05556,85.55556,85.05556,,1.8,4.2,1.8,4.2,1.3,4.7,3.6666667,,79.166664,79.791664,,,,4.5,4.2222223,4.2222223,4.5555553,,,82.03125,84.375,,,,9.5,,,8.1,6.8,7.3,7.5,9.0,,,,,1.3,0.0,0.9,0.0,0.0,0.0,,,,,,,0.0,0.0,0.0,0.0,0.6,0.3,0.0,0.0,0.0,0.7,4.0,8.5,,,,,9.6,6.1,3.4,,,,,,,,,,,,,,,1.9,1.9,2.8,2.8,3.9,1.8888888,1.8888888,3.0,1.375,1.375,3.6,3.3,2.5,2.5,3.2857144,3.2857144,,,,,,,,,,,,,,,,,,
BEL_09062024_L1,Belgium,BEL,2024.0,2024-06-09,Legislative,10.0,,1,1,2,4,64186.0,4,6,1,,75.08402,81.63265,78.24981,75.40323,77.00631,74.21528,77.56886,79.16667,77.07445,78.10532,75.520836,77.72222,79.62963,78.854164,8.555555,,3.1,2.9,1.5,4.5,1.5,4.5,4.1,4.0,3.9,4.7,74.166664,74.166664,75.5102,77.14286,,4.2,4.2,4.6666665,4.2,82.638885,82.916664,82.638885,82.916664,,2.5,3.5,1.8333334,4.1666665,4.1666665,73.611115,73.61111,73.611115,73.61111,,1.125,4.875,1.4444444,4.5555553,2.2,3.8,1.6666666,4.3333335,91.666664,85.25463,89.84375,84.77431,,1.4444444,4.5555553,4.5555553,4.4444447,3.6666667,2.3333333,1.5555556,4.4444447,4.111111,2.0,4.0,76.666664,76.666664,76.5873,76.5873,,4.2222223,1.5555556,4.4444447,4.111111,3.8888888,2.8333333,3.2857144,2.7142856,3.8888888,71.666664,72.5,67.85714,68.225624,,3.6666667,3.6666667,4.0,1.3333334,4.6666665,2.25,3.75,1.125,4.875,72.5,73.75,77.08333,77.604164,,1.2222222,4.7777777,1.7777778,4.2222223,4.5555553,4.7777777,3.875,4.3333335,1.2222222,2.0,4.0,3.0,2.0,4.0,84.89583,85.59028,69.0,68.854164,,4.5555553,4.6666665,4.6666665,1.8333334,4.1666665,1.4285715,4.571429,90.833336,88.13492,90.833336,88.13492,,2.7777777,3.2222223,1.75,4.25,1.2222222,4.7777777,3.625,3.857143,75.0,74.21875,69.0,73.66071,,4.3333335,4.4444447,4.1666665,4.2222223,1.4444444,4.5555553,81.25,82.291664,84.166664,83.611115,,9.222222,3.0,,8.333333,8.0,8.222222,7.7777777,8.875,,0.0,0.0,0.0,1.4444444,,1.0,,,,6.0,3.2222223,0.33333334,5.2222223,1.0,4.5555553,0.0,0.0,0.0,0.0,0.8,0.1,0.0,0.0,0.0,1.0,4.111111,8.222222,,4.5555553,5.2222223,1.6666666,,,,,,,,,,,,,,,,,,,,,,,,,,,,,,,,,,,,,,,,,,,,,,,,,,,
BLZ_04112015_L1,Belize,BLZ,2015.0,2015-11-04,Legislative,7.0,,1,2,2,2,8583.1387,2,9,0,,54.02636,,,,58.00744,44.79762,52.251984,69.64286,65.3373,58.71032,42.67857,56.845238,69.64286,65.67461,6.857143,,4.0,2.0,4.0,2.0,2.1666667,3.8333333,,,,,40.27778,40.27778,,,,3.5714285,3.2857144,3.7142856,3.8333333,62.5,65.02976,62.5,65.02976,,3.6666667,2.3333333,3.6666667,2.3333333,2.6666667,36.11111,36.11111,36.11111,36.11111,,3.5,2.5,2.8,3.2,4.0,2.0,,,50.0,39.166668,,,,1.6,4.4,3.0,3.4285715,3.4,2.6,1.75,4.25,,,,63.75,63.392857,,,,2.857143,2.5714285,3.4285715,3.1666667,3.3333333,3.3333333,,,,62.0,55.595238,,,,1.5,2.25,1.6,3.4285715,2.5714285,4.4,1.6,,,12.5,22.607143,,,,2.3333333,3.6666667,3.0,3.0,3.7142856,4.428571,2.3333333,3.0,1.0,,,,,,54.166668,58.92857,,,,4.0,4.0,4.1666665,2.0,4.0,2.75,3.25,80.0,72.083336,80.0,72.083336,,2.857143,3.142857,2.5,3.5,1.75,4.25,3.4,,60.416668,64.33036,,,,3.8333333,4.142857,3.5714285,3.857143,,,70.833336,71.27976,,,,7.285714,,,5.857143,5.142857,5.0,5.714286,6.0,,,,,3.0,0.14285715,1.0,0.14285715,0.14285715,0.0,,,,,,,0.0,0.14285715,0.0,0.0,0.5714286,0.0,0.0,0.0,0.14285715,0.5714286,4.285714,8.0,,6.285714,7.857143,9.142858,,,,,,,,,,,,,,,,,,,,,,,,,,,,,,,,,,,,,,,,,,,,,,,,,,,
BEN_26042015_L1,Benin,BEN,2015.0,2015-04-26,Legislative,4.0,,2,2,2,1,2115.7957,1,2,0,,68.06973,,,,65.50347,59.583332,41.493057,73.4375,87.5,71.66884,61.848957,61.458332,76.5625,86.80556,7.75,,2.0,4.0,1.5,4.5,1.5,4.5,,,,,83.333336,83.333336,,,,3.0,4.5,4.5,4.25,76.5625,76.5625,76.5625,76.5625,,1.6666666,4.3333335,2.0,4.0,4.0,77.77778,77.77778,77.77778,77.77778,,3.75,2.25,2.5,3.5,2.0,4.0,,,66.666664,56.25,,,,1.25,4.75,3.5,3.0,3.25,2.75,2.0,4.0,,,,65.0,65.0,,,,3.75,3.0,3.0,4.0,3.75,5.0,,,,50.0,72.5,,,,3.0,3.25,1.5,3.75,2.25,3.5,2.5,,,30.0,37.5,,,,1.25,4.75,3.6666667,2.3333333,4.0,4.5,4.0,1.0,1.3333334,,,,,,62.5,60.76389,,,,4.25,3.75,4.5,1.0,5.0,1.25,4.75,88.333336,86.25,88.333336,86.25,,1.75,4.25,2.5,3.5,1.5,4.5,4.5,,79.6875,79.6875,,,,4.75,4.5,4.5,4.25,,,87.5,87.5,,,,8.0,,,8.25,5.75,7.25,8.25,8.5,,,,,2.5,0.25,0.75,0.25,0.0,0.25,,,,,,,0.0,0.0,0.0,0.0,0.0,0.0,0.0,0.0,0.0,0.5,4.5,9.0,,6.75,9.5,8.5,,,,,,,,,,,,,,,,,,,,,,,,,,,,,,,,,,,,,,,,,,,,,,,,,,,
BEN_20032016_P2,Benin,BEN,2016.0,2016-03-20,Presidential,7.0,,2,2,2,1,2168.2104,1,2,0,,72.76021,69.64285,,,70.449905,66.24405,62.281746,75.89286,77.38095,71.82539,65.32738,62.94643,75.89286,83.13492,8.714286,,1.2857143,4.714286,1.7142857,4.285714,1.7142857,4.285714,,,,,85.71429,85.71429,,,,4.571429,4.142857,4.857143,4.571429,88.39286,88.39286,88.39286,88.39286,,1.4,4.6,1.2,4.8,4.6,91.666664,91.666664,91.666664,91.666664,,3.2857144,2.7142856,3.0,3.0,2.2857144,3.7142856,,,53.571426,53.571426,,,,1.2857143,4.714286,4.0,3.5714285,3.142857,2.857143,1.2857143,4.714286,,,,74.28571,74.28571,,,,2.7142856,2.0,4.0,4.142857,2.857143,3.8333333,,,,60.0,62.738094,,,,3.75,3.0,1.8571428,3.8333333,2.1666667,3.5714285,2.4285715,3.857143,2.142857,43.333332,41.011906,38.88889,38.93849,,2.0,4.0,3.142857,2.857143,4.714286,4.714286,2.8,4.1666665,1.25,,,,,,72.5,71.88492,,,,4.857143,4.857143,4.714286,1.1428572,4.857143,1.1428572,4.857143,95.71429,95.71429,95.71429,95.71429,,1.3333334,4.6666665,2.6666667,3.3333333,1.1428572,4.857143,3.0,,79.166664,74.10714,,,,4.428571,4.285714,4.428571,4.714286,,,86.60714,86.60714,,,,9.0,,,7.428571,6.0,6.142857,7.285714,7.428571,,,,,2.7142856,0.0,0.85714287,0.2857143,0.0,0.0,,,,,,,0.0,0.0,0.0,0.2857143,0.2857143,0.0,0.0,0.0,0.0,0.42857143,4.142857,9.0,,5.428571,6.857143,8.428572,,,,,4.285714,2.4285715,2.4285715,4.714286,4.428571,17.714285,17.714285,17.714285,17.714285,,,,,,,,,,,,,,,,,,,,,,,,,,,,,,,,,,,,,,
BEN_28042019_L1,Benin,BEN,2019.0,2019-04-28,Legislative,4.0,,4,2,1,2,3426.049089352308,1,2,0,,45.57823,44.89796,,,37.372684,31.666666,32.87037,25.0,59.953705,34.635418,29.166668,29.51389,25.0,54.86111,4.75,,4.25,1.75,4.25,1.75,2.5,3.5,,,,,33.333332,33.333332,,,,2.75,3.25,2.25,3.75,50.0,50.0,50.0,50.0,,2.0,4.0,2.0,4.0,3.3333333,66.666664,69.44444,66.666664,69.44444,,3.75,2.25,3.3333333,2.6666667,2.6666667,3.3333333,,,47.22222,43.75,,,,4.75,1.25,3.5,3.5,4.25,1.75,3.0,3.0,,,,40.0,40.0,,,,2.0,4.5,1.5,2.25,2.25,4.0,,,,35.0,35.0,,,,1.25,1.25,1.5,3.75,2.25,4.25,1.75,4.0,2.0,15.0,15.0,16.666666,16.666666,,2.6666667,3.3333333,3.75,2.25,4.0,2.25,1.75,1.75,1.25,,,,,,41.666664,38.88889,,,,4.0,4.0,2.0,1.3333334,4.6666665,1.3333334,4.6666665,73.333336,71.666664,73.333336,71.666664,,3.0,3.0,3.0,3.0,4.0,2.0,2.5,,40.625,40.625,,,,1.75,3.75,2.5,2.25,,,39.0625,39.0625,,,,9.0,,,3.5,3.75,2.75,5.25,4.5,,,,,1.5,0.75,0.25,0.5,0.5,0.0,,,,,,,0.0,0.0,0.0,0.25,0.25,0.25,0.0,0.25,0.25,0.75,5.0,9.0,,,,,7.5,5.75,4.0,,,,,,,,,,,,,,,3.0,3.0,3.0,3.0,3.3333333,1.3333334,1.3333334,3.0,1.5,1.5,2.25,2.0,3.25,3.25,4.25,4.25,,,,,,,,,,,,,,,,,,
BEN_11042021_P1,Benin,BEN,2021.0,2021-04-11,Presidential,4.0,,5,3,1,2,3789.2733465788333,1,2,0,,42.942177,,,,45.613426,34.305557,47.569443,40.625,59.953705,47.32422,34.609375,51.5625,40.625,62.5,4.25,,4.5,1.5,4.5,1.5,2.5,3.5,,,,,33.333332,29.166666,,,,3.0,3.5,3.6666667,3.25,60.416668,58.854168,60.416668,58.854168,,3.3333333,2.6666667,2.6666667,3.3333333,2.0,41.666664,41.666668,41.666664,41.666668,,4.3333335,1.6666666,4.0,2.0,2.6666667,3.3333333,,,33.333336,33.333332,,,,4.5,1.5,4.25,4.25,4.6666665,1.3333334,3.3333333,2.6666667,,,,45.0,45.0,,,,2.0,4.0,2.0,2.75,2.6666667,4.0,,,,45.0,42.083332,,,,2.0,2.5,2.0,3.6666667,2.3333333,3.3333333,2.6666667,4.0,2.0,35.0,32.5,33.333332,31.25,,3.0,3.0,4.5,1.5,3.5,3.25,1.6666666,4.3333335,1.5,,,,,,47.916668,46.875,,,,4.0,3.5,3.0,1.3333334,4.6666665,1.3333334,4.6666665,75.0,74.166664,75.0,74.166664,,4.0,2.0,3.0,3.0,3.3333333,2.6666667,3.0,,31.25,41.666668,,,,3.5,3.6666667,2.5,3.0,,,50.0,54.166668,,,,7.75,,,4.75,4.0,3.75,6.0,5.75,,,,,2.0,0.25,0.25,0.0,0.0,0.5,,,,,,,0.0,0.0,0.0,0.5,0.25,0.5,0.0,0.0,0.0,0.75,4.75,9.0,,,,,6.5,6.5,5.25,,,,,,,,,,,,,,,,,,,,,,,,,,,,,,,,,,,,,,,,,,,,,,,,
BEN_08012023_L1,Benin,BEN,2023.0,2023-01-08,Legislative,3.0,,4,3,1,2,3698.0,1,2,0,,52.040817,52.040817,51.814514,54.032257,48.813656,38.888885,48.61111,50.462963,57.291668,48.939045,43.00926,50.74074,50.0,52.77778,6.0,,4.0,2.0,3.6666667,2.3333333,2.3333333,3.6666667,3.3333333,2.0,3.3333333,4.0,41.666664,41.666664,48.809525,48.809525,,4.0,4.0,2.3333333,4.0,64.583336,64.583336,64.583336,64.583336,,1.6666666,4.3333335,1.6666666,4.3333335,3.0,72.22222,72.22222,72.22222,72.22222,,2.6666667,3.3333333,2.6666667,3.3333333,1.6666666,4.3333335,1.6666666,4.3333335,66.666664,66.666664,70.833336,70.833336,,3.5,2.5,2.5,3.0,4.0,2.0,2.0,4.0,1.5,3.0,3.0,45.0,45.0,41.071426,41.07143,,3.0,4.0,2.0,1.5,3.0,4.0,4.0,2.0,2.5,42.5,42.5,32.142857,39.285713,,3.0,1.5,1.5,4.0,2.0,4.0,2.0,4.0,2.0,25.0,25.0,25.0,25.0,,2.0,4.0,4.0,2.0,4.0,4.0,3.0,3.0,2.0,4.0,2.0,2.0,2.0,4.0,58.333332,58.333332,45.0,45.0,,4.0,3.0,3.0,2.0,4.0,2.0,4.0,65.0,65.0,65.0,65.0,,4.0,2.0,2.0,4.0,2.0,4.0,4.0,4.0,62.5,62.5,65.0,65.0,,3.0,4.0,1.5,3.5,2.0,4.0,50.0,50.0,55.0,55.0,,8.5,,,5.5,6.0,6.0,6.0,6.0,,0.0,,0.0,2.0,,1.0,1.0,1.0,,,,,,,,0.0,0.0,0.0,0.0,0.0,0.33333334,0.0,0.33333334,0.0,1.0,6.5,9.0,,,,,7.0,6.0,4.5,,,,,,,,,,,,,,,,,,,,,,,,,,,,,,,,,,,,,,,,,,,,,,,,
BTN_13072013_L2,Bhutan,BTN,2013.0,2013-07-13,Legislative,10.0,,3,4,1,2,7317.3374,3,4,0,,59.268707,35.714287,,,61.567417,54.238426,62.708336,62.03125,67.291664,60.93663,53.64236,59.0625,62.5,68.541664,6.9,,3.3,2.7,2.7,3.3,3.2,2.8,,,,,48.333332,48.333332,,,,4.3,3.8,3.8,3.7,72.5,72.5,72.5,72.5,,2.0,4.0,1.8,4.2,2.8,66.666664,66.666664,66.666664,66.666664,,3.8,2.2,3.2,2.8,2.4444444,3.5555556,,,46.296295,46.296295,,,,3.0,3.0,3.2,2.8,4.0,2.0,2.7777777,3.2222223,,,,46.666668,46.11111,,,,3.5,2.375,3.625,3.6666667,3.7,4.0,,,,61.666668,67.458336,,,,3.4444444,3.0,3.125,2.6,3.4,2.9,3.1,,,50.714287,55.34722,,,,1.8888888,4.111111,2.7777777,3.2222223,3.6,3.4,2.8333333,4.0,1.8333334,,,,,,62.5,63.194443,,,,3.625,4.0,3.5,2.875,3.125,2.5,3.5,60.833332,63.75,60.833332,63.75,,3.0,3.0,2.2222223,3.7777777,1.5555556,4.4444447,4.0,,67.708336,70.138885,,,,4.0,4.1,3.5,4.125,,,77.34375,73.28125,,,,8.3,,,5.7,5.7,5.9,5.0,6.7,,,,,2.625,0.1,0.9,0.0,0.0,0.1,,,,,,,0.0,0.0,0.0,0.0,0.1,0.8,0.0,0.0,0.0,0.3,5.7,9.3,,3.6,6.2,6.3,,,,,,,,,,,,,,,,,,,,,,,,,,,,,,,,,,,,,,,,,,,,,,,,,,,
BTN_18102018_L2,Bhutan,BTN,2018.0,2018-10-18,Legislative,9.0,,3,4,1,2,8708.5966796875,3,4,0,,69.00966,,,,71.1231,64.10549,73.82606,71.52778,75.033066,71.35031,64.953705,74.07407,71.52778,74.84568,7.5555553,,2.375,3.625,1.8888888,4.111111,2.3333333,3.6666667,,,,,68.75,70.02315,,,,4.2222223,4.2222223,4.111111,4.3333335,80.55556,80.55556,80.55556,80.55556,,2.5,3.5,2.375,3.625,3.25,61.458332,61.458332,61.458332,61.458332,,2.5714285,3.4285715,1.7142857,4.285714,1.2857143,4.714286,,,81.94444,78.57143,,,,2.3333333,3.6666667,3.3333333,3.5,3.0,3.0,2.125,3.875,,,,63.57143,61.875,,,,3.4444444,2.4444444,3.5555556,4.0,3.4444444,3.7142856,,,,64.28571,65.79365,,,,4.111111,3.0,3.2857144,2.4444444,3.5555556,2.875,3.125,2.25,3.75,55.833332,60.386906,56.944443,61.780754,,1.75,4.25,2.0,4.0,4.2222223,4.2222223,4.0,3.875,1.5,,,,,,81.25,77.37268,,,,4.25,4.5555553,4.2222223,1.7142857,4.285714,1.8571428,4.142857,83.333336,82.281746,83.333336,82.281746,,1.7777778,4.2222223,1.1428572,4.857143,1.0,5.0,3.7777777,,84.82143,86.60714,,,,4.111111,4.111111,3.25,3.8888888,,,69.53125,71.00694,,,,8.888889,,,6.5555553,7.0,7.2222223,7.3333335,6.888889,,,,,2.6666667,0.22222222,0.5555556,0.11111111,0.0,0.22222222,,,,,,,0.0,0.11111111,0.0,0.0,0.33333334,0.5555556,0.0,0.0,0.0,0.5555556,5.111111,9.111111,,,,,7.888889,5.4444447,3.8888888,,,,,,,,,,,,,,,2.25,2.25,2.8888888,2.8888888,4.0,2.5714285,2.5714285,3.5,2.2,2.2,3.5,2.8888888,2.6666667,2.6666667,3.6666667,3.6666667,,,,,,,,,,,,,,,,,,
BTN_20042023_L1,Bhutan,BTN,2023.0,2023-04-20,Legislative,8.0,,2,4,1,2,12423.0,3,4,0,,69.22789,62.2449,71.97725,62.903225,71.01189,68.098045,69.98016,70.50926,75.46007,70.824646,69.67882,69.479164,70.486115,73.65451,8.125,,2.3333333,3.6666667,2.142857,3.857143,2.375,3.625,4.0,3.5,4.375,3.625,68.05556,67.906746,68.57143,70.174324,,4.125,4.25,4.25,4.25,80.46875,80.46875,80.46875,80.46875,,2.8,3.2,2.6666667,3.3333333,3.5,53.333332,58.61111,53.333332,58.61111,,2.5,3.5,2.0,4.0,2.1666667,3.8333333,2.5,3.5,69.44444,69.44444,67.708336,67.708336,,2.6666667,3.3333333,3.75,3.625,2.8333333,3.1666667,2.0,4.0,3.125,1.5,4.5,58.0,64.375,58.57143,66.07143,,3.75,2.2,3.8,4.0,4.142857,3.0,3.1666667,2.8333333,3.875,61.666668,68.46429,55.95238,65.71854,,4.125,3.5,4.0,2.125,3.875,2.6666667,3.3333333,2.25,3.75,62.5,69.166664,61.458332,69.09722,,1.5,4.5,1.7142857,4.285714,4.125,4.125,3.8333333,3.25,2.142857,2.5,3.5,3.5714285,3.142857,2.857143,80.55556,75.49603,64.166664,60.11905,,4.25,4.375,4.571429,2.3333333,3.6666667,2.3333333,3.6666667,86.0,77.64881,86.0,77.64881,,1.8333334,4.1666665,1.4285715,4.571429,1.1428572,4.857143,4.2,4.3333335,82.8125,86.22024,82.5,85.64286,,4.375,4.25,4.3333335,4.25,1.2857143,4.714286,87.5,82.552086,88.333336,84.6131,,9.125,,,7.375,7.375,7.125,7.0,7.625,,0.0,0.0,0.0,1.375,1.0,1.0,1.0,1.0,,,,,,,,0.0,0.0,0.0,0.0,0.25,0.75,0.0,0.0,0.0,1.0,3.75,9.5,,,,,5.125,5.625,2.5,,,,,,,,,,,,,,,,,,,,,,,,,,,,,,,,,,,,,,,,,,,,,,,,
BTN_09012024_L2,Bhutan,BTN,2024.0,2024-01-09,Legislative,3.0,,2,4,1,2,14061.0,3,4,0,,68.79252,81.12245,70.02688,81.048386,65.27199,66.13426,69.02778,59.259262,66.666664,62.962963,65.78704,65.69444,59.259262,61.11111,7.6666665,,3.0,3.0,3.0,3.0,3.0,3.0,4.0,2.5,4.3333335,3.3333333,50.0,50.0,48.214287,57.738094,,4.0,4.0,3.6666667,4.0,72.916664,72.916664,72.916664,72.916664,,3.6666667,2.3333333,2.6666667,3.3333333,3.6666667,52.777775,52.777775,52.777775,52.777775,,2.6666667,3.3333333,2.3333333,3.6666667,1.3333334,4.6666665,2.3333333,3.6666667,72.22222,72.22222,70.833336,70.833336,,2.3333333,3.6666667,4.6666665,3.3333333,3.0,3.0,2.0,4.0,3.6666667,1.6666666,4.3333335,68.333336,68.333336,70.2381,70.2381,,4.0,2.3333333,3.6666667,4.0,3.3333333,3.6666667,3.3333333,2.6666667,3.0,68.333336,68.333336,61.904762,61.904762,,4.6666665,4.5,3.6666667,2.3333333,3.6666667,2.3333333,3.6666667,1.0,5.0,90.0,75.833336,91.66667,79.861115,,1.0,5.0,1.6666666,4.3333335,3.6666667,3.6666667,4.6666665,2.6666667,1.5,3.0,3.0,3.5,3.0,3.0,89.58333,75.0,68.75,58.75,,3.6666667,4.0,5.0,2.3333333,3.6666667,2.3333333,3.6666667,97.5,75.0,97.5,75.0,,1.0,5.0,1.0,5.0,1.0,5.0,5.0,3.3333333,100.0,100.0,100.0,91.666664,,4.0,4.0,2.6666667,4.0,1.5,4.5,66.666664,66.666664,87.5,70.833336,,9.333333,3.0,,6.3333335,6.3333335,6.3333335,7.0,7.3333335,,0.0,0.0,0.0,1.3333334,1.0,1.0,1.0,1.0,,4.6666665,4.0,0.0,5.0,1.0,4.0,0.0,0.0,0.0,0.0,0.33333334,0.33333334,0.0,0.0,0.0,1.0,3.6666667,8.333333,,5.0,6.3333335,5.6666665,,,,,,,,,,,,,,,,,,,,,,,,,,,,,,,,,,,,,,,,,,,,,,,,,,,
BOL_12102014_P1,Bolivia,BOL,2014.0,2014-10-12,Presidential,11.0,,3,3,1,2,6662.5469,2,9,0,,50.85442,48.97959,,,61.431767,48.416817,64.76325,65.170456,67.37654,62.89694,50.009468,66.85606,65.90909,68.81313,6.909091,,3.1818182,2.8181818,3.2727273,2.7272727,2.0,4.0,,,,,54.545456,54.545456,,,,3.2,3.8,3.5,3.8,64.375,64.375,64.375,64.375,,2.7142856,3.2857144,2.857143,3.142857,3.2857144,55.95238,55.95238,55.95238,55.95238,,3.1,2.9,3.0,3.0,3.4285715,2.5714285,,,50.0,45.595238,,,,2.8,3.2,4.181818,3.909091,3.0,3.0,2.8888888,3.1111112,,,,66.25,62.0101,,,,3.5454545,3.3,2.7,2.6666667,3.2,3.5714285,,,,52.142857,53.417747,,,,1.5,2.4444444,2.2,2.7,3.3,4.375,1.625,,,27.5,30.347221,,,,2.125,3.875,3.5,2.5,3.8181818,4.090909,2.8,4.4545455,1.6,,,,,,66.666664,64.744316,,,,3.7,2.5454545,3.6,2.1,3.9,2.1111112,3.8888888,68.57143,63.17172,68.57143,63.17172,,2.6363637,3.3636363,2.3,3.7,1.5454545,4.4545455,3.5555556,,67.361115,69.21086,,,,2.8,3.6,3.4,2.8,,,53.75,53.75,,,,8.363636,,,3.7272727,5.909091,5.0,4.5454545,6.0,,,,,2.909091,0.09090909,0.90909094,0.27272728,0.0,0.0,,,,,,,0.0,0.0,0.0,0.09090909,0.27272728,0.72727275,0.0,0.0,0.0,0.27272728,3.4545455,8.272727,,4.4545455,6.181818,6.4545455,,,,,,,,,,,,,,,,,,,,,,,,,,,,,,,,,,,,,,,,,,,,,,,,,,,
BOL_20102019_P1,Bolivia,BOL,2019.0,2019-10-20,Presidential,11.0,,3,3,1,2,9092.687044208813,2,9,0,,49.417747,44.04762,,,58.874275,56.686375,63.831768,66.36364,48.61532,58.27809,57.291668,63.446968,65.34091,47.03283,4.7272725,,2.6,3.4,3.090909,2.909091,2.2727273,3.7272727,,,,,60.0,58.636364,,,,2.4545455,3.909091,3.1,3.2,54.375,54.147728,54.375,54.147728,,2.75,3.25,2.875,3.125,3.5,57.291668,57.291668,57.291668,57.291668,,2.5454545,3.4545455,2.5454545,3.4545455,2.5,3.5,,,60.833332,61.742424,,,,2.4545455,3.5454545,4.181818,4.181818,3.0,3.0,2.2,3.8,,,,69.5,68.545456,,,,2.8181818,3.0,3.0,3.5454545,3.2727273,3.6,,,,57.5,56.18182,,,,2.6666667,2.875,2.142857,2.3636363,3.6363637,4.1,1.9,2.75,3.25,36.0,41.10444,33.333332,43.628696,,3.2857144,2.7142856,3.25,2.75,4.0,4.4,2.3333333,4.4444447,1.75,,,,,,54.166668,61.0086,,,,3.3,1.8888888,2.4444444,2.3333333,3.6666667,2.25,3.75,48.57143,50.25,48.57143,50.25,,4.4,1.6,3.7272727,2.2727273,4.2727275,1.7272727,2.2727273,,24.375,24.204546,,,,2.3,3.5555556,2.6666667,2.1,,,41.40625,41.38889,,,,8.625,,,3.625,4.75,4.75,4.625,4.375,,,,,1.125,0.09090909,0.54545456,0.18181819,0.0,0.09090909,,,,,,,0.0,0.0,0.0,0.0,0.09090909,0.6363636,0.0,0.0,0.0,0.18181819,3.2857144,8.875,,,,,8.625,6.125,3.0,,,,,,,,,,,,,,,3.4444444,3.4444444,3.625,3.625,3.2222223,3.4444444,3.4444444,3.857143,2.3333333,2.3333333,3.4444444,3.0,3.8888888,3.8888888,4.0,4.0,,,,,,,,,,,,,,,,,,
BOL_18102020_P1,Bolivia,BOL,2020.0,2020-10-18,Presidential,9.0,,3,3,1,2,8283.131195290829,2,9,0,,55.44886,35.204082,,,52.369034,45.97718,58.416004,57.20486,47.878086,53.787617,46.400463,59.5679,59.02778,50.154324,6.0,,2.5,3.5,2.6666667,3.3333333,2.3333333,3.6666667,,,,,63.541668,62.5,,,,3.4444444,4.0,3.5,3.375,65.17857,64.49653,65.17857,64.49653,,3.5,2.5,3.3333333,2.6666667,2.6,41.666668,39.72222,41.666668,39.72222,,2.7142856,3.2857144,3.25,2.75,3.1666667,2.8333333,,,47.22222,48.90873,,,,3.0,3.0,3.7777777,3.8888888,3.4444444,2.5555556,3.0,3.0,,,,56.11111,56.11111,,,,2.75,3.375,2.625,2.625,3.125,3.1666667,,,,44.166668,46.458332,,,,2.8333333,2.8333333,1.5714285,2.75,3.25,4.0,2.0,2.8333333,3.1666667,33.0,37.440475,33.333332,40.228172,,3.25,2.75,3.142857,2.857143,3.75,3.8888888,3.0,3.8888888,1.2,,,,,,56.25,58.895504,,,,3.2857144,3.0,3.375,2.3333333,3.6666667,2.6666667,3.3333333,59.285713,58.303574,59.285713,58.303574,,2.8888888,3.1111112,2.6666667,3.3333333,2.3333333,3.6666667,2.0,,49.21875,50.694443,,,,3.125,3.4444444,3.1111112,3.1111112,,,53.125,54.947918,,,,8.555555,,,3.7777777,4.2222223,4.7777777,2.7777777,5.111111,,,,,1.1111112,0.11111111,0.8888889,0.11111111,0.11111111,0.11111111,,,,,,,0.0,0.0,0.0,0.11111111,0.33333334,0.5555556,0.0,0.0,0.0,0.5555556,5.125,8.444445,,,,,8.888889,4.888889,2.5555556,,,,,,,,,,,,,,,,,,,,,,,,,,,,,,,,,,,,,,,,,,,,,,,,
BIH_12102014_P1,Bosnia and Herzegovina,BIH,2014.0,2014-10-12,Presidential,9.0,,3,3,1,3,11211.459,4,5,0,,50.213974,,,,53.376335,40.723713,57.217262,47.22222,68.342155,52.850117,40.79861,53.00926,47.22222,70.37037,6.3333335,,2.7777777,3.2222223,3.3333333,2.6666667,4.2222223,1.7777778,,,,,38.88889,38.88889,,,,3.5555556,3.7777777,3.6666667,3.8888888,68.05556,68.05556,68.05556,68.05556,,3.857143,2.142857,3.5,2.5,2.5714285,36.11111,35.119045,36.11111,35.119045,,3.2857144,2.7142856,2.8333333,3.1666667,2.8333333,3.1666667,,,60.0,50.396824,,,,2.3333333,3.6666667,3.375,1.6666666,4.5555553,1.4444444,2.5,3.5,,,,45.833332,43.26389,,,,2.2222223,3.3333333,2.6666667,3.2222223,2.6666667,3.25,,,,40.0,45.13889,,,,3.0,2.8333333,1.875,3.75,2.25,4.2,1.8,,,30.0,33.791668,,,,2.6666667,3.3333333,3.375,2.625,3.0,3.3333333,4.0,3.6666667,1.2,,,,,,54.166664,58.15972,,,,3.3333333,3.2222223,3.5,1.7777778,4.2222223,2.142857,3.857143,60.0,65.6746,60.0,65.6746,,2.4285715,3.5714285,1.75,4.25,1.4444444,4.5555553,3.3333333,,71.25,73.18948,,,,3.4444444,4.0,3.857143,3.142857,,,61.25,65.27778,,,,8.111111,,,4.4444447,2.5555556,2.6666667,5.111111,5.6666665,,,,,3.0,0.0,0.8888889,0.0,0.11111111,0.0,,,,,,,0.0,0.0,0.0,0.0,0.11111111,0.8888889,0.0,0.0,0.0,0.22222222,3.875,8.444445,,4.4444447,8.888889,8.888889,,,,,,,,,,,,,,,,,,,,,,,,,,,,,,,,,,,,,,,,,,,,,,,,,,,
BIH_07102018_P1,Bosnia and Herzegovina,BIH,2018.0,2018-10-07,Presidential,16.0,,4,4,1,3,11713.89453125,4,5,0,,35.624653,27.55102,,,41.456043,37.31622,45.024727,42.96875,40.514473,41.895615,38.632812,44.921875,42.96875,41.05903,3.9375,,3.125,2.875,3.625,2.375,4.5,1.5,,,,,31.25,31.25,,,,2.125,3.1333334,2.4666667,2.6875,38.392857,40.078125,38.392857,40.078125,,4.0,2.0,4.0,2.0,2.6666667,27.38095,30.555555,27.38095,30.555555,,4.090909,1.9090909,4.3846154,1.6153846,4.3076925,1.6923077,,,17.424242,18.473194,,,,2.375,3.625,3.6875,1.375,3.8125,2.1875,2.5,3.5,,,,46.875,46.875,,,,2.0,3.75,2.25,2.6875,2.5,3.7857144,,,,41.785713,41.11607,,,,2.2857144,2.2857144,1.5714285,3.8666666,2.1333334,4.375,1.625,4.5,1.5,21.818182,24.505953,20.075758,22.504961,,3.4615386,2.5384614,4.266667,1.7333333,3.0,3.3125,3.125,4.0666666,1.75,,,,,,44.04762,49.066505,,,,2.4,2.375,2.2,2.6153846,3.3846154,2.9333334,3.0666666,42.307693,42.13141,42.307693,42.13141,,4.214286,1.7857143,2.6153846,3.3846154,1.7857143,4.214286,2.3333333,,45.625,48.23718,,,,2.25,2.8666666,2.0714285,2.0,,,30.357143,32.425594,,,,7.875,,,4.0625,3.125,3.1875,4.6875,3.625,,,,,2.9375,0.25,0.8125,0.1875,0.3125,0.0625,,,,,,,0.0,0.0,0.0,0.0,0.3125,0.6875,0.0,0.0,0.0,0.5,3.8125,8.75,,,,,8.625,4.8125,2.125,,,,,,,,,,,,,,,3.5333333,3.5333333,3.75,3.75,2.75,4.0625,4.0625,3.4,2.0,2.0,2.5,2.125,3.75,3.75,3.8333333,3.8333333,,,,,,,,,,,,,,,,,,
BIH_02102022_P1,Bosnia and Herzegovina,BIH,2022.0,2022-10-02,Presidential,10.0,,4,4,1,3,17376.6082401412,4,5,0,,54.746155,50.765305,,,57.816273,58.7166,59.695766,50.267857,62.584877,57.38889,58.270832,59.6875,46.875,64.72222,6.0,,2.3,3.7,2.6,3.4,3.3,2.7,,,,,56.666668,56.666668,,,,2.9,3.8,3.142857,3.4444444,56.25,58.045635,56.25,58.045635,,2.6,3.4,2.2,3.8,2.6,56.666664,56.666668,56.666664,56.666668,,3.0,3.0,3.6,2.4,3.625,2.375,,,38.541668,39.791668,,,,1.9,4.1,4.0,2.7,3.375,2.625,1.8888888,4.111111,,,,60.625,62.680557,,,,2.3,3.4,2.6,3.0,2.7777777,3.5,,,,41.42857,45.88889,,,,3.3333333,2.4,3.2857144,2.75,3.25,3.8888888,2.1111112,4.0,2.0,43.333332,46.900795,38.88889,43.250664,,2.5714285,3.4285715,3.5714285,2.4285715,3.1111112,3.5714285,4.3333335,4.3333335,1.25,,,,,,62.5,63.359787,,,,4.0,2.1111112,3.0,1.6,4.4,1.7777778,4.2222223,60.714287,63.666668,60.714287,63.666668,,3.8888888,2.1111112,3.8,2.2,1.8,4.2,3.125,,42.1875,47.725693,,,,3.1111112,3.5,3.2,2.4,,,51.38889,51.319443,,,,8.0,,,4.5,3.6,4.0,5.1,5.5,,1.4,,,1.0,0.1,1.0,0.2,0.2,0.1,,,,,,,0.0,0.0,0.0,0.0,0.6,0.5,0.0,0.0,0.1,0.7,3.8888888,8.9,,,,,8.2,5.3,2.6,,,,,,,,,,,,,,,,,,,,,,,,,,,,,,,2.2857144,3.7142856,4.428571,1.3333334,4.6666665,2.2857144,3.7142856,1.8333334,4.1666665,2.0,4.0,2.0,4.0,4.5,2.0,4.0,2.0,4.0
BWA_24102014_L1,Botswana,BWA,2014.0,2014-10-24,Legislative,15.0,,2,2,2,3,16764.447,1,1,0,,57.122547,57.908165,,,61.95925,43.67338,72.07876,54.166668,77.91819,62.096645,43.34028,73.19444,54.166668,77.68519,7.6,,4.071429,1.9285715,4.071429,1.9285715,2.6153846,3.3846154,,,,,33.974358,35.347984,,,,4.133333,4.3333335,4.357143,4.5333333,84.82143,83.48214,84.82143,83.48214,,3.0666666,2.9333334,3.2,2.8,3.0666666,48.333332,48.333332,48.333332,48.333332,,3.1538463,2.8461537,2.4615386,3.5384614,2.2222223,3.7777777,,,62.037037,59.686607,,,,1.7692307,4.230769,3.4,3.4,2.1333334,3.8666666,2.2857144,3.7142856,,,,69.23077,68.05861,,,,2.8,4.8,1.2,2.2,2.8666666,3.0,,,,36.363636,35.333332,,,,1.2307693,1.7333333,1.3076923,3.5,2.5,4.6,1.4,,,16.818182,15.858974,,,,1.3076923,4.6923075,1.6666666,4.3333335,4.133333,4.3333335,2.6,3.857143,1.3846154,,,,,,79.166664,74.789375,,,,4.0666666,3.7333333,4.230769,1.7857143,4.214286,1.9285715,4.071429,78.333336,76.58242,78.333336,76.58242,,2.2666667,3.7333333,1.8666667,4.133333,1.2666667,4.733333,3.7692308,,79.32692,77.30769,,,,3.9230769,4.0,3.857143,4.133333,,,73.958336,74.45971,,,,8.857142,,,7.9333334,5.0,5.4666667,6.357143,7.142857,,,,,2.8461537,0.26666668,1.0,0.0,0.0,0.0,,,,,,,0.0,0.0,0.0,0.0,0.46666667,0.46666667,0.06666667,0.06666667,0.06666667,0.53333336,3.9230769,9.133333,,3.8,6.3333335,6.0666666,,,,,,,,,,,,,,,,,,,,,,,,,,,,,,,,,,,,,,,,,,,,,,,,,,,
BWA_23102019_P1,Botswana,BWA,2019.0,2019-10-23,Presidential,6.0,,3,2,2,3,17096.78777815889,1,1,0,,57.9932,58.928574,,,65.8559,50.854168,70.13889,62.708332,79.72222,63.778934,48.14236,70.0,60.416668,80.32407,7.6,,3.1666667,2.8333333,4.0,2.0,2.4,3.6,,,,,48.333332,45.27778,,,,4.3333335,4.1666665,4.4,4.3333335,83.75,82.708336,83.75,82.708336,,3.0,3.0,3.25,2.75,2.75,52.77778,45.833332,52.77778,45.833332,,2.75,3.25,2.0,4.0,2.0,4.0,,,72.22222,68.75,,,,2.2,3.8,3.5,3.3333333,2.5,3.5,1.75,4.25,,,,65.0,66.916664,,,,2.8333333,3.6,2.4,2.8,3.0,3.4,,,,44.0,47.166668,,,,3.0,2.2,2.0,3.2,2.8,3.75,2.25,2.25,3.75,35.0,36.25,41.666668,41.666668,,1.8,4.2,2.2,3.8,4.0,4.4,2.75,4.0,1.0,,,,,,71.875,71.458336,,,,4.0,4.0,4.0,1.75,4.25,1.75,4.25,77.5,77.5,77.5,77.5,,4.0,2.0,4.0,2.0,1.6,4.4,4.4,,56.25,55.0,,,,3.6,4.0,3.0,4.0,,,65.625,66.25,,,,6.8,,,8.8,6.6,7.0,8.4,8.0,,,,,1.8,0.0,0.8333333,0.0,0.0,0.16666667,,,,,,,0.0,0.0,0.0,0.0,0.16666667,0.6666667,0.0,0.0,0.0,0.33333334,3.8,8.8,,,,,8.4,6.4,4.4,,,,,,,,,,,,,,,3.25,3.25,2.75,2.75,4.0,2.8,2.8,3.8,1.75,1.75,4.2,4.0,3.8,3.8,3.75,3.75,,,,,,,,,,,,,,,,,,
BWA_30102024_L1,Botswana,BWA,2024.0,2024-10-30,Legislative,2.0,,3,2,2,3,18846.0,1,1,0,,,,,,62.84722,49.097225,59.583336,61.805553,80.90277,63.177082,44.86111,56.458336,72.22222,79.16667,9.0,,3.0,3.0,3.0,3.0,3.0,3.0,4.0,2.0,3.0,3.0,50.0,50.0,50.0,50.0,,4.0,4.5,5.0,5.0,90.625,90.625,90.625,90.625,,3.5,2.5,3.0,3.0,3.0,50.0,45.833336,50.0,45.833336,,4.0,2.0,3.0,3.0,,,3.5,2.5,,,,,,2.0,4.0,1.5,3.0,1.0,5.0,2.0,4.0,2.0,1.5,4.5,60.0,62.5,57.142857,60.714287,,4.0,5.0,1.0,2.0,4.0,3.0,4.0,2.0,4.0,45.0,45.0,46.42857,46.42857,,1.0,2.0,1.0,4.0,2.0,4.0,2.0,4.0,2.0,,15.0,,16.666666,,1.0,5.0,,,4.0,4.5,4.0,4.0,1.0,2.0,4.0,3.0,2.0,4.0,,,,,,4.0,3.5,4.5,1.0,5.0,1.0,5.0,85.0,85.0,85.0,85.0,,3.0,3.0,2.5,3.5,1.0,5.0,4.0,4.0,56.25,71.875,60.0,72.5,,4.0,3.5,4.0,4.0,1.0,5.0,75.0,71.875,80.0,77.5,,7.5,1.5,,7.5,7.5,7.5,6.0,8.0,,0.0,,0.0,2.5,,1.0,,,,6.0,5.5,0.5,5.0,,2.0,0.0,0.0,0.0,0.0,0.0,1.0,0.0,0.0,0.0,,3.0,9.5,,5.0,7.5,4.0,,,,,,,,,,,,,,,,,,,,,,,,,,,,,,,,,,,,,,,,,,,,,,,,,,,
BRA_26102014_P2,Brazil,BRA,2014.0,2014-10-26,Presidential,13.0,,2,2,2,3,16191.744,2,9,0,,68.20563,64.79592,,,73.78512,57.66178,81.42812,66.34615,89.704414,73.446846,57.035255,79.80769,66.34615,90.59829,8.769231,,2.3076923,3.6923077,2.3076923,3.6923077,1.4615384,4.5384617,,,,,74.35898,74.35898,,,,4.3846154,4.3846154,4.3846154,4.6923075,86.53846,86.53846,86.53846,86.53846,,1.7142857,4.285714,1.8571428,4.142857,4.142857,76.388885,79.7619,76.388885,79.7619,,2.0,4.0,1.5454545,4.4545455,1.9,4.1,,,81.48148,79.62121,,,,1.4166666,4.5833335,3.1538463,2.7692308,3.0,3.0,2.0833333,3.9166667,,,,60.416668,62.115383,,,,1.7692307,1.4615384,4.5384617,3.1538463,2.0,3.090909,,,,47.727272,47.762238,,,,3.2307692,2.0,2.1538463,3.0769231,2.9230769,3.8333333,2.1666667,,,37.272728,37.371796,,,,1.75,4.25,1.9166666,4.0833335,4.25,4.1538463,3.7142856,4.5,1.2222222,,,,,,76.78571,78.96444,,,,4.5,4.4615383,4.75,1.2,4.8,1.1666666,4.8333335,89.28571,91.72436,89.28571,91.72436,,2.6923077,3.3076923,3.6923077,2.3076923,1.6153846,4.3846154,4.4444447,,62.5,65.27778,,,,4.3076925,4.3846154,4.25,4.1666665,,,80.11364,81.93109,,,,9.538462,,,5.230769,6.769231,5.0,5.0,7.769231,,,,,3.0,0.15384616,0.7692308,0.07692308,0.0,0.07692308,,,,,,,0.0,0.0,0.0,0.0,0.3846154,0.53846157,0.0,0.0,0.0,0.61538464,3.5833333,8.769231,,4.230769,6.769231,7.230769,,,,,,,,,,,,,,,,,,,,,,,,,,,,,,,,,,,,,,,,,,,,,,,,,,,
BRA_28102018_P2,Brazil,BRA,2018.0,2018-10-28,Presidential,37.0,,2,2,2,3,14103.451171875,2,9,0,,60.52503,63.90306,,,61.31759,47.76848,71.930756,57.522964,68.048164,60.395786,46.92286,70.65503,56.587837,67.41742,6.4054055,,2.3055556,3.6944444,2.4324324,3.5675676,2.3243244,3.6756756,,,,,66.43519,66.1474,,,,3.7567568,4.1666665,3.5675676,3.6388888,69.82143,69.56175,69.82143,69.56175,,2.0,4.0,2.2941177,3.7058823,3.8888888,71.07843,71.62309,71.07843,71.62309,,2.4857142,3.5142858,2.0294118,3.9705882,1.6774193,4.322581,,,75.0,73.395454,,,,3.0810812,2.9189188,2.7027028,2.7027028,3.1351352,2.8648648,2.7567568,3.2432432,,,,47.162163,47.162163,,,,2.4324324,2.6176472,3.3823528,2.5945945,2.5405405,2.8181818,,,,43.833332,43.84051,,,,2.4594595,2.15625,2.1142857,3.3243244,2.6756756,3.0882354,2.9117646,2.5294118,3.4705882,36.896553,36.587177,41.666668,40.783432,,2.6764705,3.3235295,2.0882354,3.9117646,3.764706,3.6944444,3.590909,4.352941,1.5238096,,,,,,71.81373,69.326225,,,,4.3513513,4.4864864,4.4324327,1.7058823,4.2941175,1.6470588,4.352941,84.393936,84.58665,84.393936,84.58665,,1.918919,4.081081,2.6944444,3.3055556,2.1666667,3.8333333,3.5588236,,66.54412,67.36746,,,,2.9729729,3.8108108,3.2571428,3.108108,,,57.67857,57.18147,,,,9.351352,,,5.0540543,3.945946,4.0540543,4.1621623,6.2972975,,,,,2.945946,0.054054055,0.972973,0.027027028,0.0,0.0,,,,,,,0.0,0.0,0.0,0.027027028,0.7027027,0.2972973,0.0,0.0,0.0,0.8648649,3.5135136,8.378378,,,,,8.459459,5.8378377,2.891892,,,,,,,,,,,,,,,4.108108,4.108108,3.25,3.25,3.4285715,4.138889,4.138889,2.8857143,2.7297297,2.7297297,3.7297297,2.4324324,3.6486487,3.6486487,4.5675673,4.5675673,,,,,,,,,,,,,,,,,,
BRA_30102022_P2,Brazil,BRA,2022.0,2022-10-30,Presidential,5.0,,2,3,2,3,16031.0861728725,2,9,0,,63.839287,62.7551,,,70.40452,56.166664,73.229164,80.0,72.22222,70.22222,55.333332,73.33333,80.0,72.22222,9.0,,1.6,4.4,2.2,3.8,1.2,4.8,,,,,83.333336,83.333336,,,,4.6,4.8,4.8,4.8,93.75,93.75,93.75,93.75,,1.5,4.5,2.0,4.0,4.0,79.166664,79.166664,79.166664,79.166664,,1.25,4.75,1.0,5.0,1.0,5.0,,,97.916664,97.916664,,,,1.6,4.4,2.8,2.4,3.8,2.2,2.8,3.2,,,,50.0,50.0,,,,3.6,2.0,4.0,3.8,4.0,3.25,,,,67.5,68.25,,,,3.0,3.4,2.25,3.0,3.0,4.4,1.6,3.75,2.25,41.25,41.25,40.27778,39.583332,,4.0,2.0,2.0,4.0,4.6,4.6,4.2,4.4,1.3333334,,,,,,74.166664,74.166664,,,,4.8,5.0,5.0,1.4,4.6,1.8,4.2,93.0,93.0,93.0,93.0,,4.6,1.4,1.8,4.2,4.4,1.6,2.4,,35.0,35.0,,,,4.4,4.8,4.6,4.6,,,90.0,90.0,,,,10.0,,,7.6,7.2,6.4,2.0,9.0,,1.2,,,1.0,0.0,1.0,0.0,0.0,0.0,,,,,,,0.0,0.0,0.0,0.2,0.0,0.8,0.0,0.0,0.0,0.6,2.8,8.2,,,,,9.6,4.8,3.0,,,,,,,,,,,,,,,,,,,,,,,,,,,,,,,1.25,4.75,4.6666665,2.3333333,3.6666667,1.5,4.5,1.6666666,4.3333335,1.5,4.5,1.3333334,4.6666665,3.75,2.0,4.0,2.3333333,3.6666667
BRA_02102022_L1,Brazil,BRA,2022.0,2022-10-02,Legislative,10.0,,2,3,2,3,16031.0861728725,2,9,0,,74.32539,72.70408,,,73.5706,67.29167,81.09568,72.5,73.395065,73.21441,66.677086,80.34722,72.5,73.333336,9.3,,1.4,4.6,1.8,4.2,1.0,5.0,,,,,90.0,90.0,,,,4.9,4.9,4.8,4.4,93.75,93.75,93.75,93.75,,1.75,4.25,1.75,4.25,3.6,72.916664,75.833336,72.916664,75.833336,,1.0,5.0,1.0,5.0,1.3333334,4.6666665,,,100.0,97.22222,,,,1.3,4.7,2.7,2.6,2.5,3.5,1.75,4.25,,,,60.625,63.75,,,,2.9,2.5,3.5,3.3,3.0,2.2222223,,,,50.0,49.61111,,,,3.0,2.7,3.5,2.1,3.9,4.3,1.7,2.6666667,3.3333333,47.857143,49.0,51.190475,50.555553,,4.1,1.9,1.5555556,4.4444447,4.6,4.6,4.2222223,4.8,1.6666666,,,,,,77.604164,77.361115,,,,4.9,5.0,5.0,1.4444444,4.5555553,1.3333334,4.6666665,96.25,95.611115,96.25,95.611115,,3.1,2.9,2.0,4.0,4.1,1.9,2.7,,46.875,46.875,,,,4.9,5.0,4.9,5.0,,,98.75,98.75,,,,9.8,,,7.7,3.5,5.8,2.0,9.2,,1.0,,,1.0,0.3,0.9,0.1,0.0,0.1,,,,,,,0.0,0.0,0.0,0.1,0.5,0.4,0.0,0.0,0.0,0.9,3.2,8.6,,,,,9.6,6.7,4.8,,,,,,,,,,,,,,,,,,,,,,,,,,,,,,,1.375,4.625,4.6666665,1.5555556,4.4444447,1.125,4.875,1.4285715,4.571429,1.3333334,4.6666665,1.875,4.125,3.6666667,1.2857143,4.714286,1.375,4.625
BGR_12052013_L1,Bulgaria,BGR,2013.0,2013-05-12,Legislative,20.0,,2,2,2,3,16646.717,4,5,0,,43.785213,45.535713,,,51.36022,45.833942,57.488895,42.8125,59.305557,51.3342,46.864582,56.354168,42.8125,59.305557,5.5789475,,3.2,2.8,3.05,2.95,2.6,3.4,,,,,51.25,51.25,,,,2.5,3.8,2.9444444,3.1,51.73611,52.15278,51.73611,52.15278,,3.2,2.8,3.25,2.75,2.9230769,46.666664,45.608974,46.666664,45.608974,,3.235294,2.764706,3.8421052,2.1578948,4.0526314,1.9473684,,,33.333332,32.24974,,,,2.1052632,3.8947368,4.2,3.95,4.388889,1.6111112,2.3888888,3.6111112,,,,60.0,61.334797,,,,2.3,3.95,2.05,2.65,2.7,4.25,,,,44.75,44.75,,,,2.4,2.7222223,2.15,3.7,2.3,3.9473684,2.0526316,,,33.333332,33.124268,,,,2.7058823,3.2941177,3.9473684,2.0526316,3.85,3.25,3.9285715,4.05,1.5384616,,,,,,57.692307,60.105503,,,,3.5,3.45,3.1578948,1.8,4.2,2.0,4.0,67.05882,66.539474,67.05882,66.539474,,4.05,1.95,4.55,1.45,2.2631578,3.7368422,3.25,,40.13158,39.917763,,,,3.0,3.5555556,3.1,2.95,,,53.515625,53.78472,,,,8.85,,,4.105263,3.7,3.85,5.4210525,5.1,,,,,2.8333333,0.05,0.95,0.1,0.05,0.0,,,,,,,0.0,0.0,0.0,0.0,0.6,0.4,0.0,0.0,0.0,0.9,5.736842,8.25,,4.2105265,5.8333335,6.111111,,,,,,,,,,,,,,,,,,,,,,,,,,,,,,,,,,,,,,,,,,,,,,,,,,,
BGR_05102014_L1,Bulgaria,BGR,2014.0,2014-10-05,Legislative,12.0,,2,2,2,3,17406.068,4,5,0,,57.456097,55.408165,,,62.962437,55.243053,69.04987,58.049244,69.507576,63.11849,55.078125,68.75,57.8125,70.833336,7.0833335,,2.25,3.75,2.1666667,3.8333333,1.5,4.5,,,,,75.69444,75.69444,,,,3.5833333,3.5,3.4166667,3.8333333,64.583336,64.583336,64.583336,64.583336,,2.2222223,3.7777777,2.25,3.75,3.8888888,69.791664,70.138885,69.791664,70.138885,,2.9,3.1,3.6363637,2.3636363,2.5555556,3.4444444,,,46.875,49.234005,,,,1.8333334,4.1666665,3.8333333,3.9166667,4.0,2.0,1.6666666,4.3333335,,,,66.25,66.25,,,,2.5,2.5454545,3.4545455,2.9166667,2.75,3.3636363,,,,47.5,49.924244,,,,3.25,2.8333333,2.3333333,4.0,2.0,3.3333333,2.6666667,,,40.416668,40.416668,,,,1.8181819,4.181818,3.4166667,2.5833333,3.9166667,3.6666667,3.9,4.5833335,2.1,,,,,,68.333336,70.132576,,,,3.909091,4.4166665,3.8333333,1.5454545,4.4545455,1.4166666,4.5833335,80.0,80.98485,80.0,80.98485,,2.5,3.5,1.8333334,4.1666665,1.4166666,4.5833335,3.2727273,,70.454544,72.017044,,,,3.8181818,4.0,3.6666667,3.8333333,,,71.02273,70.73863,,,,9.0,,,3.75,5.0,5.0833335,6.9166665,6.6666665,,,,,3.0,0.083333336,1.0,0.0,0.0,0.083333336,,,,,,,0.0,0.0,0.083333336,0.0,0.6666667,0.33333334,0.0,0.0,0.083333336,0.9166667,5.4166665,9.0,,3.75,6.8333335,6.6666665,,,,,,,,,,,,,,,,,,,,,,,,,,,,,,,,,,,,,,,,,,,,,,,,,,,
BGR_13112016_P2,Bulgaria,BGR,2016.0,2016-11-13,Presidential,17.0,,2,2,2,3,19199.07,4,5,0,,57.55424,63.77551,,,57.81622,56.877464,55.638977,47.42647,71.32196,58.02032,58.26593,56.209152,47.42647,70.17974,7.2941175,,2.0625,3.9375,2.5294118,3.4705882,2.6470587,3.3529413,,,,,66.666664,64.67525,,,,3.5294118,3.8823528,3.75,4.117647,70.703125,70.49632,70.703125,70.49632,,2.5,3.5,2.75,3.25,3.75,62.5,62.5,62.5,62.5,,3.1538463,2.8461537,3.5333333,2.4666667,3.0833333,2.9166667,,,48.333332,43.57906,,,,2.0588236,3.9411764,4.352941,3.9411764,3.5,2.5,1.9333333,4.0666666,,,,68.21429,69.0098,,,,2.4117646,3.4117646,2.5882354,3.235294,2.5294118,3.5833333,,,,44.583332,46.740196,,,,3.3125,2.6666667,2.2142856,3.1875,2.8125,3.7142856,2.2857144,3.125,2.875,35.454544,41.458332,37.5,42.36111,,1.9333333,4.0666666,3.642857,2.357143,4.117647,3.2941177,3.2307692,3.4117646,1.5625,,,,,,60.0,60.32545,,,,3.6470587,4.2941175,4.0,1.8461539,4.1538463,2.125,3.875,77.5,74.85011,77.5,74.85011,,1.875,4.125,1.6875,4.3125,1.3125,4.6875,3.6666667,,81.818184,79.947914,,,,3.7058823,3.8235295,3.2941177,3.7058823,,,65.80882,65.80882,,,,9.117647,,,4.0,4.470588,4.5882354,5.3125,6.7647057,,,,,2.9333334,0.05882353,1.0,0.11764706,0.0,0.05882353,,,,,,,0.0,0.0,0.05882353,0.11764706,0.64705884,0.0,0.0,0.0,0.0,0.9411765,5.25,8.470589,,5.647059,6.0588236,6.7647057,,,,,3.5294118,13.411765,13.411765,9.411765,4.0,3.8235295,3.8235295,4.117647,4.117647,,,,,,,,,,,,,,,,,,,,,,,,,,,,,,,,,,,,,,
BGR_26032017_L1,Bulgaria,BGR,2017.0,2017-03-26,Legislative,11.0,,2,2,2,3,19199.07,4,5,0,,50.44744,47.27891,,,56.393543,50.476322,52.77462,50.0,72.323235,57.117268,51.070072,54.040405,50.0,73.35859,7.0,,2.7272727,3.2727273,3.0,3.0,2.909091,3.090909,,,,,53.030304,53.030304,,,,3.4545455,4.0,3.7272727,4.090909,70.454544,70.454544,70.454544,70.454544,,2.25,3.75,2.375,3.625,3.0,58.333332,61.458332,58.333332,61.458332,,3.4444444,2.5555556,3.6,2.4,2.75,3.25,,,45.833332,43.37963,,,,2.1818182,3.8181818,3.8181818,3.8181818,4.1,1.9,2.4,3.6,,,,57.22222,59.772728,,,,2.0,3.2727273,2.7272727,2.7272727,2.4545455,3.375,,,,41.25,41.420456,,,,3.5454545,3.3636363,2.2,3.7272727,2.2727273,3.8181818,2.1818182,4.0,2.0,39.5,42.81818,35.833332,39.848484,,2.090909,3.909091,3.6666667,2.3333333,4.090909,3.6363637,2.75,3.6363637,1.3636364,,,,,,60.11905,59.816917,,,,4.090909,4.6363635,4.2,1.7,4.3,1.9,4.1,83.888885,81.63636,83.888885,81.63636,,2.5454545,3.4545455,1.3636364,4.6363635,1.1818181,4.818182,3.6666667,,76.388885,78.59849,,,,3.8181818,3.6363637,3.3636363,3.5454545,,,64.77273,64.77273,,,,9.181818,,,3.2727273,4.909091,4.181818,5.0,6.909091,,,,,2.8181818,0.0,0.90909094,0.0,0.0,0.09090909,,,,,,,0.0,0.0,0.0,0.0,0.45454547,0.54545456,0.0,0.0,0.0,0.90909094,5.6363635,8.818182,,,,,9.090909,5.7272725,3.5454545,,,,,3.6,,,,,,37.0,37.81818,2.8181818,3.0,3.0,3.0,,,,,,,,,,,,,,,,,,,,,,,,,,,,,,,,
BGR_21112021_P1,Bulgaria,BGR,2021.0,2021-11-21,Presidential,7.0,,2,2,2,3,26705.43885978402,4,5,0,,58.20578,56.122448,,,61.71751,58.824406,64.83135,55.357143,67.85715,61.84028,58.57143,64.980156,55.357143,68.452385,6.571429,,2.2857144,3.7142856,2.2857144,3.7142856,3.0,3.0,,,,,61.904762,61.904762,,,,3.5714285,2.857143,3.4285715,3.857143,60.714287,60.714287,60.714287,60.714287,,1.75,4.25,2.3333333,3.6666667,3.2,63.88889,67.63889,63.88889,67.63889,,2.6666667,3.3333333,3.8333333,2.1666667,3.0,3.0,,,45.833332,45.833332,,,,1.8571428,4.142857,4.285714,3.7142856,3.142857,2.857143,2.5714285,3.4285715,,,,67.14286,67.14286,,,,2.7142856,3.0,3.0,2.5714285,2.5714285,2.857143,,,,43.57143,43.57143,,,,3.7142856,3.142857,2.4285715,2.7142856,3.2857144,3.4285715,2.5714285,3.0,3.0,50.714287,50.714287,50.595238,50.595238,,2.2857144,3.7142856,3.142857,2.857143,2.857143,3.5714285,3.142857,4.714286,1.0,,,,,,61.904762,61.904762,,,,4.0,3.7142856,4.0,1.4285715,4.571429,1.4285715,4.571429,81.666664,79.28571,81.666664,79.28571,,1.8571428,4.142857,2.0,4.0,1.4285715,4.571429,3.3333333,,72.916664,75.29762,,,,3.0,3.142857,2.7142856,3.142857,,,50.0,50.0,,,,9.714286,,,5.142857,4.857143,5.142857,4.571429,6.428571,,,,,1.2857143,0.5714286,0.71428573,0.42857143,0.0,0.0,,,,,,,0.0,0.0,0.0,0.14285715,0.71428573,0.14285715,0.0,0.14285715,0.0,0.85714287,5.571429,8.857142,,,,,9.0,6.0,1.8571428,,,,,,,,,,,,,,,,,,,,,,,,,,,,,,,,,,,,,,,,,,,,,,,,
BGR_11072021_L1,Bulgaria,BGR,2021.0,2021-07-11,Legislative,7.0,,2,2,2,3,26705.43885978402,4,5,0,,69.55782,66.07143,,,67.13789,63.392857,64.68254,60.714287,79.7619,67.46528,62.61905,65.37698,60.714287,81.150795,7.6666665,,2.0,4.0,2.0,4.0,1.8571428,4.142857,,,,,76.190475,76.190475,,,,3.5714285,4.285714,4.285714,4.428571,78.57143,78.57143,78.57143,78.57143,,1.6666666,4.3333335,1.6666666,4.3333335,3.6666667,77.77778,77.77778,77.77778,77.77778,,2.6666667,3.3333333,3.6666667,2.3333333,2.5,3.5,,,53.333332,51.38889,,,,1.8571428,4.142857,4.285714,4.142857,3.5714285,2.4285715,1.5714285,4.428571,,,,72.14286,72.14286,,,,2.5714285,3.7142856,2.2857144,3.142857,2.857143,3.0,,,,48.0,44.285713,,,,3.7142856,3.3333333,2.4285715,3.0,3.0,3.3333333,2.6666667,3.2857144,2.7142856,50.833332,50.714287,50.0,49.404762,,1.8571428,4.142857,3.5714285,2.4285715,3.857143,4.428571,4.0,4.285714,1.4285715,,,,,,71.52778,71.42857,,,,4.0,4.285714,4.428571,1.6666666,4.3333335,1.5714285,4.428571,82.0,82.38095,82.0,82.38095,,1.5,4.5,1.1666666,4.8333335,1.0,5.0,4.0,,89.0625,89.583336,,,,4.1666665,4.0,3.6666667,3.8333333,,,72.916664,72.916664,,,,8.833333,,,4.6666665,5.5,4.8333335,6.3333335,6.6666665,,,,,1.1666666,0.14285715,0.85714287,0.14285715,0.0,0.14285715,,,,,,,0.0,0.0,0.0,0.0,0.42857143,0.42857143,0.0,0.0,0.0,0.71428573,6.1666665,9.5,,,,,9.333333,5.5,2.0,,,,,,,,,,,,,,,,,,,,,,,,,,,,,,,,,,,,,,,,,,,,,,,,
BGR_04042021_L1,Bulgaria,BGR,2021.0,2021-04-04,Legislative,4.0,,2,2,2,3,26705.43885978402,4,5,0,,54.84694,,,,57.416084,59.930557,54.108795,46.875,68.75,61.71658,63.359375,59.895836,46.875,76.73611,7.25,,2.0,4.0,3.0,3.0,3.0,3.0,,,,,58.333332,58.333332,,,,4.0,4.0,4.0,4.0,75.0,75.0,75.0,75.0,,3.0,3.0,2.3333333,3.6666667,3.6666667,61.11111,61.11111,61.11111,61.11111,,4.0,2.0,3.6666667,2.3333333,3.0,3.0,,,33.333332,36.11111,,,,1.25,4.75,3.25,3.25,3.0,3.0,1.5,4.5,,,,68.75,68.75,,,,2.0,4.0,2.0,3.25,2.0,3.5,,,,37.5,38.75,,,,4.0,2.6666667,2.3333333,2.6666667,3.3333333,4.5,1.5,4.3333335,1.6666666,37.5,44.166668,33.333332,39.583332,,1.75,4.25,3.25,2.75,3.75,3.75,3.3333333,3.75,1.5,,,,,,56.944443,64.93056,,,,4.0,4.5,4.0,1.5,4.5,1.5,4.5,82.5,82.5,82.5,82.5,,2.25,3.75,1.6666666,4.3333335,1.0,5.0,3.0,,68.75,75.520836,,,,2.75,3.6666667,3.75,3.5,,,52.083332,60.416664,,,,9.0,,,4.0,4.5,4.75,5.0,6.5,,,,,1.5,0.0,0.75,0.25,0.25,0.0,,,,,,,0.0,0.0,0.0,0.0,0.5,0.25,0.0,0.25,0.0,1.0,5.0,9.25,,,,,10.0,5.0,1.25,,,,,,,,,,,,,,,,,,,,,,,,,,,,,,,,,,,,,,,,,,,,,,,,
BGR_02102022_L1,Bulgaria,BGR,2022.0,2022-10-02,Legislative,8.0,,2,2,2,3,27926.1092195085,4,5,0,,69.90606,72.95918,,,73.57949,73.79465,69.62633,72.65625,78.24074,73.81185,74.15365,70.920135,72.65625,77.517365,8.375,,1.8571428,4.142857,1.875,4.125,1.875,4.125,,,,,83.333336,78.27381,,,,4.375,4.375,4.375,4.375,84.375,84.375,84.375,84.375,,2.0,4.0,1.4285715,4.571429,2.6666667,63.333332,68.650795,63.333332,68.650795,,1.7142857,4.285714,3.0,3.0,2.3333333,3.6666667,,,68.05556,66.269844,,,,1.25,4.75,4.5,4.125,2.7142856,3.2857144,1.625,4.375,,,,78.57143,80.17857,,,,3.25,2.375,3.625,3.875,3.375,3.75,,,,64.375,64.375,,,,3.75,3.625,3.1666667,2.25,3.75,2.625,3.375,3.125,2.875,65.833336,63.333332,63.194443,60.59028,,2.0,4.0,3.6666667,2.3333333,4.0,4.375,3.857143,4.5,1.0,,,,,,72.5,71.10615,,,,4.375,4.375,4.375,1.3333334,4.6666665,2.0,4.0,86.666664,83.958336,86.666664,83.958336,,2.0,4.0,1.5,4.5,1.125,4.875,3.8333333,,82.291664,82.552086,,,,4.375,4.5,3.875,4.375,,,82.03125,82.03125,,,,9.5,,,4.25,5.5,5.25,4.5,6.375,,1.625,,,1.125,0.125,1.0,0.25,0.125,0.0,,,,,,,0.0,0.0,0.0,0.125,0.875,0.125,0.0,0.0,0.0,1.0,5.375,9.375,,,,,9.625,5.0,2.25,,,,,,,,,,,,,,,,,,,,,,,,,,,,,,,1.8333334,4.1666665,4.0,2.5714285,3.4285715,2.2857144,3.7142856,2.4285715,3.5714285,1.4,4.6,2.1666667,3.8333333,3.4,2.75,3.25,2.3333333,3.6666667
BGR_02042023_L1,Bulgaria,BGR,2023.0,2023-04-02,Legislative,11.0,,2,2,2,3,32512.0,4,5,0,,60.318676,50.510204,60.909863,50.201614,57.528736,59.330986,60.91372,52.923683,56.94655,56.899464,58.626892,61.079544,53.030304,54.86111,7.090909,,2.8181818,3.1818182,2.3,3.7,2.0,4.0,3.4,1.9,4.1,4.5555553,67.5,65.681816,62.755104,63.704906,,3.090909,3.6363637,3.5454545,4.0,62.5,64.204544,62.5,64.204544,,2.2857144,3.7142856,2.0,4.0,3.3333333,66.666664,67.06349,66.666664,67.06349,,2.6666667,3.3333333,3.2222223,2.7777777,2.875,3.125,3.0,3.0,54.166668,51.96759,52.34375,51.475693,,1.9090909,4.090909,4.181818,3.3636363,3.3636363,2.6363637,2.2727273,3.7272727,3.909091,2.5454545,3.4545455,65.0,65.0,65.58442,65.58442,,3.1818182,3.1111112,2.8888888,3.0,2.909091,3.8181818,4.2,1.8,2.3636363,52.22222,53.9899,45.089287,46.291485,,3.6363637,3.1818182,2.7,3.0,3.0,3.1,2.9,3.1818182,2.8181818,52.22222,52.090908,51.38889,50.984848,,2.090909,3.909091,3.8,2.2,3.6363637,4.3636365,3.8,4.3636365,1.6666666,3.909091,2.090909,2.5454545,2.3333333,3.6666667,68.05556,67.80303,50.9375,51.439396,,3.909091,4.0,3.6363637,2.1111112,3.8888888,2.1818182,3.8181818,75.0,71.26263,75.0,71.26263,,2.1818182,3.8181818,1.7272727,4.2727275,1.4,4.6,3.5,3.3,72.5,76.193184,69.0,72.454544,,3.3636363,3.7272727,3.2,3.090909,1.6,4.4,58.125,58.636364,63.5,63.909092,,9.3,,,5.2222223,6.1,5.9,5.5555553,6.5,,0.0,0.0,0.0,1.0,1.0,1.0,1.0,1.0,,,,,,,,0.0,0.0,0.0,0.18181819,0.72727275,0.18181819,0.0,0.0,0.0,1.0,4.9,8.7,,,,,4.7,5.8,2.2,,,,,,,,,,,,,,,,,,,,,,,,,,,,,,,,,,,,,,,,,,,,,,,,
BGR_27102024_L1,Bulgaria,BGR,2024.0,2024-10-27,Legislative,7.0,,2,2,2,4,33403.0,4,5,0,,50.2432,42.857143,50.066246,41.532257,47.413193,50.745037,52.05754,34.325397,52.5248,48.206844,52.182537,52.20238,34.72222,53.720238,4.142857,,2.2857144,3.7142856,2.857143,3.142857,2.0,4.0,3.5714285,2.0,3.857143,4.142857,65.47619,65.47619,57.738094,62.244896,,2.2857144,3.4285715,2.4285715,3.2857144,46.42857,46.42857,46.42857,46.42857,,2.4,3.6,2.25,3.75,4.0,68.75,69.583336,68.75,69.583336,,2.4,3.6,3.5714285,2.4285715,3.3333333,2.6666667,2.857143,3.142857,51.666668,47.46032,52.5,48.988094,,2.4285715,3.5714285,3.857143,3.5714285,3.2857144,2.7142856,3.1666667,2.8333333,3.5714285,3.5714285,2.4285715,59.166668,57.738094,56.54762,55.52721,,2.142857,3.7142856,2.2857144,2.7142856,2.5714285,3.7142856,4.5,1.5,1.5714285,42.142857,42.142857,33.928574,33.92857,,3.0,3.142857,2.8333333,3.8333333,2.1666667,3.5714285,2.4285715,4.428571,1.5714285,39.166668,42.857143,35.416668,38.095238,,3.1666667,2.8333333,4.285714,1.7142857,4.428571,3.5714285,3.6666667,4.142857,1.0,4.571429,1.4285715,2.5714285,2.75,3.25,60.833332,59.821426,46.25,44.017857,,3.0,2.7142856,1.8571428,1.75,4.25,2.1666667,3.8333333,60.0,53.27381,60.0,53.27381,,4.1666665,1.8333334,3.0,3.0,1.6666666,4.3333335,3.6666667,2.8333333,51.5625,55.208332,51.25,53.333332,,2.2857144,3.2857144,2.6,2.4285715,2.6,3.4,38.75,41.25,42.5,45.0,,8.714286,2.8333333,,3.5714285,3.857143,4.0,4.142857,3.7142856,,0.0,0.0,0.0,1.1428572,,1.0,,,,6.0,3.4285715,0.42857143,5.0,1.0,4.285714,0.0,0.0,0.0,0.14285715,0.85714287,0.14285715,0.14285715,0.0,0.0,1.0,5.142857,8.285714,,3.2857144,4.428571,2.4285715,,,,,,,,,,,,,,,,,,,,,,,,,,,,,,,,,,,,,,,,,,,,,,,,,,,
BGR_09062024_L1,Bulgaria,BGR,2024.0,2024-06-09,Legislative,8.0,,2,2,2,4,33403.0,4,5,0,,64.741776,78.061226,63.271408,81.048386,58.329178,64.590775,59.60516,46.08135,63.039436,58.17817,65.698784,59.765625,45.65972,61.588543,5.75,,1.7142857,4.285714,2.125,3.875,1.625,4.375,3.75,2.0,4.0,4.428571,78.57143,79.46429,67.14285,70.408165,,2.875,3.5,3.375,4.125,61.71875,61.71875,61.71875,61.71875,,1.7142857,4.285714,2.142857,3.857143,3.7142856,73.809525,73.809525,73.809525,73.809525,,2.2,3.8,3.2857144,2.7142856,3.0,3.0,2.2,3.8,52.77778,54.285713,56.25,58.214287,,1.625,4.375,3.75,3.75,4.0,2.0,2.1666667,3.8333333,4.0,1.875,4.125,60.0,63.541668,65.0,67.2619,,2.875,3.125,2.875,3.5,2.875,3.1666667,4.0,2.0,2.375,51.666668,51.458332,45.833336,45.238094,,4.0,3.5714285,3.1666667,3.125,2.875,2.857143,3.142857,3.625,2.375,55.833332,58.779762,53.47222,54.712303,,2.142857,3.857143,3.875,2.125,4.0,3.5714285,3.3333333,4.125,1.4,3.0,3.0,1.8571428,1.8,4.2,55.208332,62.549603,46.25,50.17262,,3.625,4.125,3.2857144,1.7142857,4.285714,1.7142857,4.285714,78.333336,73.03571,78.333336,73.03571,,1.7142857,4.285714,1.5714285,4.428571,1.4285715,4.571429,4.0,3.1666667,82.291664,83.03571,81.0,77.2619,,3.2857144,3.857143,3.4285715,3.25,1.4285715,4.571429,60.714287,61.383926,66.42857,66.96429,,8.75,4.0,,3.625,3.875,3.5,5.0,4.75,,0.0,0.0,0.0,1.125,1.0,1.0,1.0,1.0,,5.857143,3.5714285,0.625,5.0,1.0,4.5,0.0,0.0,0.0,0.25,0.625,0.375,0.0,0.0,0.0,1.0,5.125,8.25,,4.875,4.375,2.875,,,,,,,,,,,,,,,,,,,,,,,,,,,,,,,,,,,,,,,,,,,,,,,,,,,
BFA_02122012_L1,Burkina Faso,BFA,2012.0,2012-12-02,Legislative,3.0,,5,3,1,1,1549.4796,1,2,0,,,,,,43.7037,32.916668,36.11111,35.416668,70.37038,42.662037,32.916668,29.166666,43.75,64.81482,,,3.3333333,2.6666667,3.3333333,2.6666667,2.0,4.0,,,,,52.77778,52.77778,,,,2.0,4.0,3.3333333,3.6666667,56.25,56.25,56.25,56.25,,4.0,2.0,4.3333335,1.6666666,1.6666666,19.444445,19.444445,19.444445,19.444445,,3.6666667,2.3333333,3.3333333,2.6666667,2.6666667,3.3333333,,,44.444447,44.444447,,,,2.0,4.0,2.6666667,4.0,4.0,2.0,3.3333333,2.6666667,,,,51.666668,51.666668,,,,3.3333333,3.6666667,2.3333333,2.6666667,3.6666667,4.0,,,,75.0,55.0,,,,2.0,1.0,1.3333334,4.6666665,1.3333334,5.0,1.0,,,8.333333,8.333333,,,,2.0,4.0,4.0,2.0,3.5,2.0,,1.3333334,1.0,,,,,,,,,,,3.0,3.3333333,2.0,2.0,4.0,2.0,4.0,60.0,56.666668,60.0,56.666668,,5.0,1.0,4.3333335,1.6666666,2.6666667,3.3333333,4.3333335,,39.583332,39.583332,,,,3.3333333,3.3333333,2.3333333,2.6666667,,,47.916668,47.916668,,,,9.333333,,,4.0,1.6666666,2.3333333,3.3333333,4.0,,,,,1.6666666,0.0,0.6666667,0.0,0.33333334,0.0,,,,,,,0.0,0.0,0.0,0.0,0.6666667,0.33333334,0.0,0.0,0.0,1.0,4.0,8.0,,,,,,,,,,,,,,,,,,,,,,,,,,,,,,,,,,,,,,,,,,,,,,,,,,,,,,,
BFA_29112015_P2,Burkina Faso,BFA,2015.0,2015-11-29,Presidential,9.0,,6,3,1,1,1651.2327,1,2,0,,66.42796,69.38776,,,65.27674,55.906086,46.416172,73.78472,85.0,65.54012,52.12963,51.620373,71.52778,86.88271,8.222222,,2.0,4.0,2.0,4.0,2.0,4.0,,,,,76.190475,75.0,,,,4.3333335,4.25,4.375,4.6666665,85.15625,85.15625,85.15625,85.15625,,1.6666666,4.3333335,1.3333334,4.6666665,3.2857144,72.22222,77.38095,72.22222,77.38095,,3.625,2.375,2.4444444,3.5555556,2.8,3.2,,,55.0,51.087963,,,,4.111111,1.8888888,3.375,4.375,2.857143,3.142857,2.4285715,3.5714285,,,,57.5,56.765873,,,,3.75,2.1666667,3.8333333,3.6666667,4.0,4.0,,,,70.0,71.25,,,,3.375,2.5,2.1111112,3.5,2.5,2.5555556,3.4444444,,,46.0,44.65278,,,,1.5555556,4.4444447,2.5714285,3.4285715,3.8888888,4.111111,3.0,1.4285715,1.1666666,,,,,,64.166664,59.589947,,,,4.2222223,4.4444447,4.4444447,1.5555556,4.4444447,1.5555556,4.4444447,85.0,85.0,85.0,85.0,,1.6666666,4.3333335,1.875,4.125,1.4444444,4.5555553,4.2,,79.6875,82.58681,,,,4.2222223,4.375,4.111111,4.4444447,,,81.25,82.204865,,,,8.333333,,,5.0,6.0,5.111111,4.3333335,7.888889,,,,,2.6666667,0.11111111,0.8888889,0.11111111,0.22222222,0.0,,,,,,,0.0,0.0,0.0,0.0,0.0,0.0,0.0,0.0,0.0,0.22222222,3.4444444,9.333333,,4.111111,7.3333335,8.444445,,,,,,,,,,,,,,,,,,,,,,,,,,,,,,,,,,,,,,,,,,,,,,,,,,,
BFA_22112020_P1,Burkina Faso,BFA,2020.0,2020-11-22,Presidential,3.0,,4,4,1,1,2273.8313651931635,1,2,0,,45.280613,,,,51.753468,34.791668,55.787037,43.75,72.68519,50.179398,35.208336,54.166668,43.75,67.59259,6.3333335,,3.3333333,2.6666667,3.6666667,2.3333333,2.3333333,3.6666667,,,,,47.22222,47.22222,,,,3.3333333,2.3333333,2.3333333,3.6666667,47.916668,47.916668,47.916668,47.916668,,3.0,3.0,3.5,2.5,2.5,41.666668,41.666668,41.666668,41.666668,,3.0,3.0,2.0,4.0,2.0,4.0,,,66.666664,66.666664,,,,3.0,3.0,1.3333334,3.6666667,4.3333335,1.6666666,1.6666666,4.3333335,,,,42.5,45.0,,,,3.6666667,3.3333333,2.6666667,1.5,3.0,3.5,,,,55.0,46.666668,,,,1.6666666,1.3333334,2.0,4.0,2.0,4.0,2.0,4.5,1.5,25.0,20.0,25.0,18.75,,1.6666666,4.3333335,4.0,2.0,2.3333333,2.3333333,3.0,4.0,1.0,,,,,,58.333332,50.0,,,,4.0,3.3333333,2.6666667,1.6666666,4.3333335,1.6666666,4.3333335,72.5,68.333336,72.5,68.333336,,2.6666667,3.3333333,2.6666667,3.3333333,1.6666666,4.3333335,4.5,,81.25,71.875,,,,3.5,3.3333333,2.0,3.5,,,56.25,52.083332,,,,8.0,,,6.6666665,4.6666665,4.6666665,4.0,5.6666665,,,,,2.3333333,0.0,0.6666667,0.0,1.0,0.0,,,,,,,0.0,0.0,0.0,0.0,0.0,0.6666667,0.0,0.33333334,0.0,0.33333334,3.3333333,8.666667,,,,,8.333333,5.0,2.6666667,,,,,,,,,,,,,,,,,,,,,,,,,,,,,,,,,,,,,,,,,,,,,,,,
BDI_21072015_P1,Burundi,BDI,2015.0,2015-07-21,Presidential,3.0,,6,5,0,1,796.99445,1,1,0,,22.57653,,,,20.283566,13.194445,36.458332,16.666666,14.814815,15.9866905,12.673612,24.652777,14.583333,12.037037,1.0,,4.0,2.0,4.6666665,1.3333334,3.3333333,2.6666667,,,,,25.0,25.0,,,,2.0,1.6666666,1.0,1.3333334,12.5,12.5,12.5,12.5,,4.0,2.0,4.0,2.0,2.5,29.166666,29.166666,29.166666,29.166666,,4.5,1.5,4.5,1.5,4.0,2.0,,,16.666666,16.666666,,,,4.6666665,1.3333334,2.6666667,3.0,5.0,1.0,5.0,1.0,,,,20.0,20.0,,,,2.0,4.6666665,1.3333334,1.3333334,2.3333333,3.0,,,,15.0,25.0,,,,1.0,1.0,1.3333334,4.3333335,1.6666666,4.6666665,1.3333334,,,6.6666665,6.6666665,,,,4.6666665,1.3333334,4.3333335,1.6666666,3.0,1.6666666,1.5,4.0,1.5,,,,,,37.5,29.86111,,,,2.0,3.3333333,2.0,3.5,2.5,3.5,2.5,,36.666668,,36.666668,,5.0,1.0,3.0,3.0,5.0,1.0,1.3333334,,14.583333,14.583333,,,,1.0,3.3333333,1.3333334,1.0,,,16.666666,16.666666,,,,8.666667,,,1.3333334,1.0,1.6666666,5.3333335,2.3333333,,,,,2.0,0.0,0.33333334,0.6666667,0.33333334,0.0,,,,,,,0.0,0.0,0.0,0.0,0.0,0.0,0.0,0.0,0.0,0.33333334,3.3333333,8.0,,5.0,9.0,9.666667,,,,,,,,,,,,,,,,,,,,,,,,,,,,,,,,,,,,,,,,,,,,,,,,,,,
BDI_29062015_L1,Burundi,BDI,2015.0,2015-06-29,Legislative,8.0,,6,5,0,1,796.99445,1,1,0,,25.621357,,,,26.437252,22.926588,33.950893,24.21875,24.652779,26.575521,22.968752,34.375,23.4375,25.520834,1.75,,3.6666667,2.3333333,4.1666665,1.8333334,3.6666667,2.3333333,,,,,29.166666,29.166666,,,,1.0,2.1666667,1.5714285,1.5714285,13.541667,14.434524,13.541667,14.434524,,4.3333335,1.6666666,4.5,1.5,2.0,16.666668,18.055555,16.666668,18.055555,,4.5,1.5,4.8333335,1.1666666,4.6666665,1.3333334,,,8.333333,8.333333,,,,4.285714,1.7142857,3.6666667,3.0,4.0,2.0,3.857143,2.142857,,,,37.5,37.61905,,,,1.625,4.0,2.0,1.25,2.0,3.25,,,,27.857143,25.625,,,,1.4285715,1.3333334,1.5714285,3.857143,2.142857,4.714286,1.2857143,,,12.5,13.809524,,,,4.125,1.875,3.7142856,2.2857144,2.375,2.125,1.3333334,3.4,1.5,,,,,,30.555555,30.808533,,,,2.0,2.75,1.6666666,3.5714285,2.4285715,4.0,2.0,21.0,29.22619,21.0,29.22619,,4.625,1.375,2.125,3.875,4.375,1.625,2.2857144,,33.035713,32.254463,,,,1.375,2.857143,1.875,1.75,,,22.321428,24.107143,,,,7.625,,,2.875,2.25,2.5,6.0,2.125,,,,,2.7142856,0.125,0.75,0.75,0.25,0.25,,,,,,,0.0,0.0,0.0,0.125,0.0,0.0,0.0,0.0,0.0,0.375,3.5,8.5,,3.0,6.875,7.875,,,,,,,,,,,,,,,,,,,,,,,,,,,,,,,,,,,,,,,,,,,,,,,,,,,
BDI_20052020_P1,Burundi,BDI,2020.0,2020-05-20,Presidential,5.0,,7,6,0,1,771.1012372286767,1,1,0,,17.857143,,,,34.912037,34.763885,35.752316,33.854164,35.27778,36.63021,34.437504,37.36111,34.375,37.22222,3.0,,3.0,3.0,3.6,2.4,3.25,2.75,,,,,45.833332,42.916664,,,,2.4,2.8,2.0,2.4,35.0,35.0,35.0,35.0,,3.6666667,2.3333333,3.6666667,2.3333333,2.3333333,33.333332,33.333332,33.333332,33.333332,,2.75,3.25,3.2,2.8,3.6,2.4,,,50.0,45.416668,,,,3.8,2.2,3.4,2.4,3.25,2.75,4.2,1.8,,,,40.0,37.75,,,,2.25,4.3333335,1.6666666,1.6666666,2.75,3.3333333,,,,31.666666,33.333332,,,,2.0,1.6666666,1.75,2.0,4.0,4.25,1.75,3.6666667,2.3333333,31.666666,30.833334,37.5,31.25,,4.5,1.5,4.5,1.5,3.0,2.75,2.0,2.75,2.3333333,,,,,,31.25,31.25,,,,2.0,2.75,2.0,3.5,2.5,4.25,1.75,30.0,30.0,30.0,30.0,,4.25,1.75,3.5,2.5,2.5,3.5,2.75,,40.625,40.625,,,,2.25,2.5,2.0,2.0,,,29.6875,29.6875,,,,6.4,,,4.2,3.6,3.8,4.2,3.4,,,,,1.6,0.0,0.8,0.2,0.2,0.0,,,,,,,0.0,0.0,0.0,0.0,0.0,1.0,0.0,0.0,0.0,0.2,4.0,9.0,,,,,9.2,4.8,1.2,,,,,,,,,,,,,,,,,,,,,,,,,,,,,,,,,,,,,,,,,,,,,,,,
KHM_28072013_L1,Cambodia,KHM,2013.0,2013-07-28,Legislative,15.0,,6,5,0,1,3069.5884,3,3,0,,32.76125,39.285713,,,32.203598,24.467628,26.191494,38.108974,40.046295,33.130787,26.041666,29.166666,38.333332,38.98148,3.8,,3.9230769,2.0769231,4.133333,1.8666667,3.357143,2.642857,,,,,31.944445,29.887058,,,,2.5,2.9285715,2.142857,2.357143,37.05357,37.05357,37.05357,37.05357,,4.2,1.8,4.181818,1.8181819,2.2727273,22.5,24.090908,22.5,24.090908,,4.733333,1.2666667,4.6666665,1.3333334,4.076923,1.9230769,,,11.538462,12.692307,,,,4.1538463,1.8461539,3.0666666,2.7333333,4.0,2.0,3.2666667,2.7333333,,,,38.18182,36.897434,,,,1.6666666,4.769231,1.2307693,1.7333333,2.1333334,3.8666666,,,,30.384615,28.153847,,,,1.5833334,2.2142856,1.3846154,4.428571,1.5714285,4.285714,1.7142857,,,17.5,17.339743,,,,3.0666666,2.9333334,3.9285715,2.0714285,2.8,3.6,1.7777778,1.8461539,1.2222222,,,,,,27.604166,37.619556,,,,2.6,3.8666666,2.8,2.4166667,3.5833333,2.5714285,3.4285715,56.666668,56.392857,56.666668,56.392857,,4.733333,1.2666667,4.2,1.8,3.6,2.4,2.4666667,,24.583334,24.583334,,,,1.8,2.8666666,1.9333333,1.8666667,,,27.916666,27.916666,,,,8.384615,,,2.1333334,3.2666667,3.3333333,2.4666667,3.0666666,,,,,2.9230769,0.2,0.6,0.4,0.26666668,0.06666667,,,,,,,0.0,0.0,0.0,0.26666668,0.2,0.6,0.0,0.0,0.0,0.6666667,4.8,8.0,,3.6,6.866667,6.8,,,,,,,,,,,,,,,,,,,,,,,,,,,,,,,,,,,,,,,,,,,,,,,,,,,
KHM_29072018_L1,Cambodia,KHM,2018.0,2018-07-29,Legislative,15.0,,6,5,0,2,3645.069580078125,3,3,0,,25.505255,25.765306,,,22.079067,17.307234,24.285252,14.940476,31.78331,23.403357,16.57639,29.027779,16.25,31.75926,2.4666667,,4.2,1.8,4.4666667,1.5333333,3.8666666,2.1333334,,,,,20.555555,20.555555,,,,2.9333334,3.2142856,1.8666667,2.7857144,40.865383,42.5,40.865383,42.5,,3.6666667,2.3333333,3.8888888,2.1111112,2.2222223,30.555555,30.555555,30.555555,30.555555,,4.3076925,1.6923077,3.8461537,2.1538463,3.7272727,2.2727273,,,24.166666,25.990675,,,,4.866667,1.1333333,2.5333333,2.4666667,4.214286,1.7857143,4.266667,1.7333333,,,,23.928572,23.261906,,,,1.5333333,4.571429,1.4285715,1.3333334,1.8,2.9230769,,,,16.25,20.091576,,,,1.4615384,1.5333333,1.3333334,4.25,1.75,4.6,1.4,4.3333335,1.6666666,12.0,12.391026,11.25,13.103632,,3.5384614,2.4615386,4.3636365,1.6363636,4.142857,1.7142857,1.8,1.5454545,1.2222222,,,,,,28.125,30.418747,,,,2.0833333,3.1333334,2.090909,4.0,2.0,4.133333,1.8666667,28.636364,30.871212,28.636364,30.871212,,3.857143,2.142857,2.0,4.0,1.4615384,4.5384617,2.2727273,,57.5,55.962788,,,,1.3333334,3.0714285,1.4,1.8666667,,,23.214285,22.946428,,,,8.133333,,,1.6,2.4666667,2.2666667,1.8,2.9333334,,,,,2.6,0.2,0.8,0.33333334,0.06666667,0.06666667,,,,,,,0.0,0.0,0.0,0.06666667,0.2,0.8,0.0,0.0,0.0,0.4,4.6,7.6,,,,,6.8,3.8,2.5333333,,,,,,,,,,,,,,,3.6153846,3.6153846,3.0714285,3.0714285,2.1333334,2.5714285,2.5714285,2.75,3.5,3.5,1.8,1.5333333,3.7857144,3.7857144,3.5,3.5,,,,,,,,,,,,,,,,,,
KHM_23072023_L1,Cambodia,KHM,2023.0,2023-07-23,Legislative,4.0,,7,5,0,2,4860.0,3,3,0,,18.62245,,23.051075,,17.348091,9.236111,26.38889,6.25,27.51736,17.669271,8.506943,26.666666,9.027778,26.475695,1.5,,4.75,1.25,5.0,1.0,5.0,1.0,4.0,2.3333333,2.0,2.75,2.0833333,2.0833333,26.190475,26.190475,,3.0,3.5,1.5,2.25,39.0625,39.0625,39.0625,39.0625,,3.3333333,2.6666667,4.0,2.0,2.0,25.0,30.555555,25.0,30.555555,,4.5,1.5,4.25,1.75,3.0,3.0,4.75,1.25,27.083332,27.083332,21.875,21.875,,5.0,1.0,2.0,1.75,4.75,1.25,5.0,1.0,1.25,3.75,2.25,10.0,10.0,12.5,12.5,,1.0,5.0,1.0,1.0,1.3333334,2.6666667,4.6666665,1.3333334,1.3333334,10.0,10.0,9.523809,9.523809,,1.0,1.25,1.0,5.0,1.0,5.0,1.0,4.5,1.5,1.6666666,1.25,2.7777777,3.125,,4.6666665,1.3333334,4.0,2.0,2.0,1.25,3.0,1.3333334,1.0,4.0,2.0,2.25,4.0,2.0,8.333333,20.48611,2.5,17.916666,,2.5,3.25,2.0,3.6666667,2.3333333,4.3333335,1.6666666,,33.75,,33.75,,3.5,2.5,1.75,4.25,1.75,4.25,2.5,1.25,59.375,59.375,48.75,48.75,,1.25,2.0,1.25,2.0,2.6666667,3.3333333,15.625,15.625,28.333334,24.166666,,9.0,,,1.25,2.25,1.25,1.5,2.25,,,,,1.0,,1.0,1.0,,,,,,,,,0.0,0.0,0.0,0.0,0.0,1.0,0.0,0.0,0.0,1.0,3.25,8.0,,,,,3.0,3.75,1.0,,,,,,,,,,,,,,,,,,,,,,,,,,,,,,,,,,,,,,,,,,,,,,,,
CMR_30092013_L1,Cameroon,CMR,2013.0,2013-09-30,Legislative,6.0,,6,6,0,2,2913.1733,1,2,0,,53.086735,54.84694,,,45.29919,36.45139,35.416668,47.291664,62.037037,44.710648,36.07639,35.9375,44.791668,62.037037,6.0,,3.3333333,2.6666667,3.6666667,2.3333333,2.3333333,3.6666667,,,,,47.22222,47.22222,,,,3.1666667,3.8333333,3.1666667,3.3333333,59.375,59.375,59.375,59.375,,3.25,2.75,3.4,2.6,2.0,39.583332,36.25,39.583332,36.25,,3.6666667,2.3333333,3.4,2.6,2.8,3.2,,,41.666664,42.77778,,,,2.8333333,3.1666667,3.1666667,3.0,3.5,2.5,3.0,3.0,,,,49.166668,49.166668,,,,2.6666667,3.5,2.5,2.1666667,3.0,2.5,,,,39.166668,39.166668,,,,2.1666667,1.8,1.6666666,4.1666665,1.8333334,4.0,2.0,,,19.0,22.333334,,,,3.3333333,2.6666667,3.4,2.6,3.6666667,3.2,2.6666667,1.8,1.8,,,,,,45.833332,44.166668,,,,3.8,3.8333333,3.6666667,2.3333333,3.6666667,2.3333333,3.6666667,71.0,68.166664,71.0,68.166664,,4.0,2.0,2.8,3.2,2.3333333,3.6666667,3.5,,53.75,52.291668,,,,3.1666667,3.8333333,3.5,3.5,,,62.5,62.5,,,,8.333333,,,4.0,4.0,4.0,4.5,5.5,,,,,2.8333333,0.33333334,0.6666667,0.16666667,0.16666667,0.0,,,,,,,0.0,0.0,0.0,0.16666667,0.5,0.5,0.16666667,0.0,0.33333334,0.6666667,6.0,9.0,,4.5,7.3333335,6.8333335,,,,,,,,,,,,,,,,,,,,,,,,,,,,,,,,,,,,,,,,,,,,,,,,,,,
CMR_07102018_P1,Cameroon,CMR,2018.0,2018-10-07,Presidential,9.0,,6,6,0,2,3364.926025390625,1,2,0,,30.102041,26.785713,,,35.775944,18.671461,39.666004,38.194443,46.57187,35.129246,20.76389,38.194443,38.194443,43.364197,3.2222223,,4.4444447,1.5555556,4.5555553,1.4444444,3.3333333,2.6666667,,,,,22.222221,22.222221,,,,2.0,2.625,2.1111112,2.4444444,32.8125,32.37847,32.8125,32.37847,,4.6666665,1.3333334,4.6666665,1.3333334,1.6666666,11.111111,11.111112,11.111111,11.111112,,4.2222223,1.7777778,4.125,1.875,3.6666667,2.3333333,,,27.777777,24.884258,,,,3.5,2.5,2.7777777,2.625,4.375,1.625,4.111111,1.8888888,,,,32.857143,32.083332,,,,1.8888888,4.4444447,1.5555556,1.7777778,1.7777778,4.1666665,,,,28.333334,30.833332,,,,1.25,1.4285715,1.1428572,4.375,1.625,4.5555553,1.4444444,4.428571,1.5714285,8.571428,9.454365,6.944444,10.25959,,4.0,2.0,4.375,1.625,3.625,3.3333333,1.8333334,3.75,1.0,,,,,,40.97222,42.36111,,,,2.75,1.8888888,1.8888888,2.375,3.625,3.4285715,2.5714285,38.57143,38.621033,38.57143,38.621033,,4.7777777,1.2222222,4.2222223,1.7777778,3.5555556,2.4444444,3.375,,28.90625,30.121529,,,,2.6666667,3.3333333,2.1111112,2.0,,,38.194443,38.194443,,,,8.777778,,,4.111111,3.1111112,3.6666667,4.111111,3.3333333,,,,,2.3333333,0.11111111,0.6666667,0.11111111,0.11111111,0.0,,,,,,,0.0,0.0,0.0,0.11111111,0.22222222,0.5555556,0.0,0.0,0.11111111,0.6666667,5.5,9.0,,,,,6.888889,3.8888888,2.3333333,,,,,,,,,,,,,,,3.6666667,3.6666667,3.5,3.5,3.2222223,2.75,2.75,3.0,2.3333333,2.3333333,3.375,2.2222223,4.2222223,4.2222223,4.25,4.25,,,,,,,,,,,,,,,,,,
CMR_09022020_L1,Cameroon,CMR,2020.0,2020-02-09,Legislative,5.0,,6,6,0,2,3867.2038082583827,1,2,0,,21.72619,19.387754,,,35.95139,25.958334,47.15278,36.25,34.444443,35.975697,26.125,44.86111,36.25,36.666668,2.8,,4.4,1.6,4.0,2.0,4.0,2.0,,,,,21.666666,21.666666,,,,1.6,3.4,2.2,2.25,32.8125,34.0625,32.8125,34.0625,,3.6666667,2.3333333,3.6666667,2.3333333,1.3333334,25.0,24.999998,25.0,24.999998,,4.2,1.8,4.4,1.6,4.0,2.0,,,22.222223,20.0,,,,3.4,2.6,3.2,2.0,3.0,3.0,4.4,1.6,,,,37.0,37.0,,,,1.6,4.6,1.4,1.8,2.0,3.0,,,,27.5,24.0,,,,1.2,1.2,1.0,3.75,2.25,4.2,1.8,3.2,2.8,13.75,12.25,17.708332,17.708334,,4.0,2.0,3.5,2.5,3.0,3.4,2.5,4.0,1.0,,,,,,33.333332,47.5,,,,2.8,3.0,2.75,3.5,2.5,4.25,1.75,37.5,39.0,37.5,39.0,,4.6,1.4,3.6,2.4,3.8,2.2,2.6,,28.75,28.75,,,,1.6,3.0,2.6,2.4,,,35.0,35.0,,,,7.8,,,2.8,2.6,3.0,2.2,3.4,,,,,1.2,0.0,1.0,0.0,0.0,0.0,,,,,,,0.0,0.0,0.0,0.0,0.2,0.8,0.0,0.0,0.0,0.4,3.0,9.6,,,,,7.4,4.2,2.2,,,,,,,,,,,,,,,,,,,,,,,,,,,,,,,,,,,,,,,,,,,,,,,,
CAN_19102015_L1,Canada,CAN,2015.0,2015-10-19,Legislative,24.0,,1,1,2,4,44204.945,2,9,1,,74.271416,77.755104,,,77.492966,71.55151,69.294,79.285034,89.841324,77.400536,70.264755,71.9184,78.645836,88.77315,9.083333,,3.25,2.75,3.4166667,2.5833333,2.2083333,3.7916667,,,,,51.041668,51.041668,,,,4.6086955,4.5,4.681818,4.695652,91.47727,90.538536,91.47727,90.538536,,1.8695652,4.130435,1.9565217,4.0434785,4.2083335,78.26087,78.18539,78.26087,78.18539,,3.2941177,2.7058823,2.6470587,3.3529413,3.0,3.0,,,53.78788,50.490196,,,,1.65,4.35,3.7916667,3.4583333,2.3913043,3.6086957,1.2631578,4.736842,,,,78.611115,74.72769,,,,3.2083333,1.7727273,4.2272725,3.8181818,3.4166667,3.0714285,,,,60.5,63.709415,,,,3.826087,3.6086957,4.0,1.75,4.25,3.0,3.0,,,68.25,68.42391,,,,1.2083334,4.7916665,1.9444444,4.0555553,4.375,4.625,4.611111,3.1304348,1.2941177,,,,,,81.84524,81.619865,,,,4.6086955,4.7083335,4.695652,1.5625,4.4375,1.6842105,4.3157897,88.4375,88.82986,88.4375,88.82986,,2.0,4.0,1.4545455,4.5454545,1.2173913,4.7826085,4.6842103,,86.76471,87.57671,,,,4.625,4.4583335,4.45,4.7083335,,,89.6875,89.010414,,,,9.25,,,8.791667,6.826087,7.0416665,7.0416665,8.666667,,,,,2.7391305,0.125,1.0,0.083333336,0.0,0.125,,,,,,,0.0,0.0,0.041666668,0.0,0.7083333,0.0,0.0,0.0,0.0,0.8333333,4.4166665,8.208333,,4.5,7.5416665,8.541667,,,,,,,,,,,,,,,,,,,,,,,,,,,,,,,,,,,,,,,,,,,,,,,,,,,
CAN_21102019_L1,Canada,CAN,2019.0,2019-10-21,Legislative,7.0,,1,1,2,4,49299.21177121004,2,9,0,,81.175896,87.244896,,,87.86748,75.833336,92.03869,88.39286,95.205025,88.11508,76.07143,92.757935,88.39286,95.2381,9.571428,,3.142857,2.857143,2.7142856,3.2857144,1.1428572,4.857143,,,,,66.66667,66.66667,,,,4.857143,4.714286,4.571429,4.857143,93.75,93.75,93.75,93.75,,1.7142857,4.285714,1.7142857,4.285714,3.857143,78.57143,78.57143,78.57143,78.57143,,2.25,3.75,1.6666666,4.3333335,1.6666666,4.3333335,,,83.333336,78.47222,,,,1.1428572,4.857143,3.7142856,3.7142856,2.4285715,3.5714285,1.2857143,4.714286,,,,77.85714,77.85714,,,,4.285714,1.5714285,4.428571,4.0,4.428571,4.0,,,,80.0,80.71429,,,,4.142857,3.857143,4.0,1.7142857,4.285714,2.5,3.5,1.0,5.0,74.0,73.92857,78.333336,78.27381,,1.0,5.0,1.1428572,4.857143,4.857143,4.714286,4.571429,4.714286,1.0,,,,,,94.64286,94.64286,,,,4.714286,4.857143,4.857143,1.3333334,4.6666665,1.25,4.75,95.0,94.22619,95.0,94.22619,,1.8333334,4.1666665,1.8,4.2,1.1666666,4.8333335,4.857143,,90.0,87.85714,,,,4.857143,4.714286,4.714286,4.857143,,,94.64286,94.64286,,,,9.428572,,,9.0,8.0,7.857143,7.428571,9.428572,,,,,1.2857143,0.14285715,1.0,0.14285715,0.0,0.14285715,,,,,,,0.0,0.0,0.0,0.0,0.71428573,0.2857143,0.0,0.0,0.0,0.85714287,3.857143,8.571428,,,,,9.571428,6.142857,2.2857144,,,,,,,,,,,,,,,1.4285715,1.4285715,3.0,3.0,3.6666667,3.0,3.0,4.0,2.6666667,2.6666667,2.857143,4.571429,1.5714285,1.5714285,3.7142856,3.7142856,,,,,,,,,,,,,,,,,,
CAN_20092021_L1,Canada,CAN,2021.0,2021-09-20,Legislative,6.0,,1,1,2,4,52085.03568533716,2,9,1,,81.462585,,,,86.62963,81.26389,88.54167,81.25,95.46297,86.47569,80.625,88.19444,81.25,95.833336,9.166667,,3.6666667,2.3333333,2.1666667,3.8333333,1.3333334,4.6666665,,,,,65.27778,65.27778,,,,4.6666665,4.6666665,4.8333335,4.8333335,93.75,93.75,93.75,93.75,,2.1666667,3.8333333,1.6666666,4.3333335,4.6666665,81.94444,81.94444,81.94444,81.94444,,2.5,3.5,2.0,4.0,1.6666666,4.3333335,,,73.611115,73.611115,,,,1.3333334,4.6666665,4.5,4.3333335,2.0,4.0,1.4,4.6,,,,89.0,85.5,,,,4.1666665,1.8333334,4.1666665,4.1666665,3.8333333,2.3333333,,,,65.0,68.333336,,,,4.0,3.8333333,4.6,1.1666666,4.8333335,1.6666666,4.3333335,1.0,5.0,87.5,83.0,89.583336,85.833336,,1.0,5.0,1.5,4.5,4.6666665,4.3333335,4.6,4.6,1.2,,,,,,90.833336,90.41667,,,,4.8333335,4.8333335,4.8333335,1.2,4.8,1.1666666,4.8333335,95.0,95.666664,95.0,95.666664,,1.5,4.5,1.6666666,4.3333335,1.0,5.0,4.8,,93.75,91.458336,,,,4.8333335,4.8333335,4.8333335,4.8333335,,,95.833336,95.833336,,,,9.5,,,8.5,8.166667,7.8333335,6.3333335,9.5,,,,,1.1666666,0.16666667,1.0,0.16666667,0.0,0.16666667,,,,,,,0.0,0.0,0.0,0.0,0.6666667,0.33333334,0.0,0.0,0.0,1.0,4.0,9.166667,,,,,9.0,4.8333335,2.5,,,,,,,,,,,,,,,,,,,,,,,,,,,,,,,,,,,,,,,,,,,,,,,,
CPV_02102016_P1,Cape Verde,CPV,2016.0,2016-10-02,Presidential,6.0,,1,1,2,2,6553.0342,1,2,0,,78.03571,,,,68.81134,69.458336,62.77778,67.083336,75.92593,69.923325,68.35069,62.84722,67.708336,80.78703,9.166667,,1.8333334,4.1666665,2.1666667,3.8333333,1.3333334,4.6666665,,,,,80.55556,80.55556,,,,4.1666665,4.0,4.6666665,4.8333335,85.416664,85.416664,85.416664,85.416664,,1.0,5.0,1.0,5.0,4.0,91.66667,91.666664,91.66667,91.666664,,3.2,2.8,2.5,3.5,2.4,3.6,,,58.333332,57.5,,,,1.6666666,4.3333335,4.1666665,4.0,2.8333333,3.1666667,2.0,4.0,,,,73.0,73.333336,,,,3.6,2.2,3.8,3.8333333,3.6666667,3.4,,,,66.0,66.5,,,,3.4,3.5,2.2,2.2,3.8,2.8,3.2,2.3333333,3.6666667,50.0,55.5,55.555557,57.36111,,1.3333334,4.6666665,1.8333334,4.1666665,3.5,3.6666667,3.0,3.1666667,1.6666666,,,,,,67.361115,67.361115,,,,4.1666665,4.1666665,4.3333335,1.4,4.6,1.6,4.4,87.5,83.333336,87.5,83.333336,,1.3333334,4.6666665,1.2,4.8,1.2,4.8,3.0,,93.75,82.916664,,,,4.3333335,4.1666665,3.8333333,4.0,,,77.083336,77.083336,,,,8.333333,,,7.0,6.1666665,6.5,6.8333335,7.6666665,,,,,3.0,0.33333334,1.0,0.16666667,0.0,0.0,,,,,,,0.0,0.0,0.0,0.0,0.33333334,0.0,0.0,0.0,0.0,0.6666667,4.3333335,9.166667,,5.6666665,9.833333,10.0,,,,,3.6666667,2.0,2.0,3.6666667,4.1666665,3.0,3.0,3.1666667,3.1666667,,,,,,,,,,,,,,,,,,,,,,,,,,,,,,,,,,,,,,
CPV_20032016_L1,Cape Verde,CPV,2016.0,2016-03-20,Legislative,8.0,,1,1,2,2,6553.0342,1,2,0,,64.36791,63.77551,,,74.83073,65.677086,73.83681,78.90625,80.90278,75.977646,67.53906,75.34722,78.90625,82.11806,8.625,,2.0,4.0,1.75,4.25,1.75,4.25,,,,,79.7619,79.166664,,,,4.5,4.5,4.5,4.625,88.28125,88.28125,88.28125,88.28125,,2.6666667,3.3333333,3.6666667,2.3333333,3.3333333,50.0,49.999996,50.0,49.999996,,3.0,3.0,2.0,4.0,2.25,3.75,,,60.416664,64.583336,,,,1.75,4.25,3.875,4.5,3.25,2.75,1.625,4.375,,,,74.166664,73.75,,,,4.0,1.875,4.125,3.875,3.75,3.4285715,,,,69.28571,70.89286,,,,3.5,3.5,3.0,2.375,3.625,3.25,2.75,2.5,3.5,55.714287,56.875,57.142857,57.8125,,1.75,4.25,2.0,4.0,4.375,4.25,2.4,4.5,2.1666667,,,,,,77.5,74.0625,,,,4.125,4.0,4.125,1.75,4.25,2.0,4.0,77.5,77.5,77.5,77.5,,1.875,4.125,2.125,3.875,1.3333334,4.6666665,4.0,,84.375,79.166664,,,,4.25,4.125,4.0,4.25,,,78.90625,78.90625,,,,7.875,,,7.5,7.375,7.125,7.75,8.0,,,,,2.857143,0.25,0.875,0.0,0.0,0.0,,,,,,,0.0,0.0,0.0,0.0,0.5,0.0,0.0,0.0,0.0,0.5,5.25,8.5,,5.25,7.125,7.25,,,,,4.5,1.625,1.625,4.25,4.375,15.0,15.0,3.375,3.375,,,,,,,,,,,,,,,,,,,,,,,,,,,,,,,,,,,,,,
CPV_18042021_L1,Cape Verde,CPV,2021.0,2021-04-18,Legislative,3.0,,1,1,2,2,7028.0468456410135,1,2,0,,77.04082,,,,69.8669,62.222225,74.18981,66.666664,76.388885,59.32581,48.645832,65.50926,58.333332,64.81481,6.0,,2.0,4.0,2.5,3.5,1.5,4.5,,,,,75.0,75.0,,,,3.6666667,4.0,4.5,3.6666667,87.5,73.958336,87.5,73.958336,,1.0,5.0,1.0,5.0,5.0,100.0,100.0,100.0,100.0,,1.5,4.5,1.5,4.5,2.0,4.0,,,75.0,83.333336,,,,1.5,4.5,3.5,5.0,4.5,1.5,1.5,4.5,,,,80.0,70.0,,,,3.3333333,3.6666667,2.3333333,3.6666667,3.3333333,4.0,,,,58.333332,58.333332,,,,3.0,2.5,2.0,2.6666667,3.3333333,4.3333335,1.6666666,3.6666667,2.3333333,42.5,37.5,43.75,36.805557,,1.5,4.5,2.5,3.5,4.5,4.5,3.0,4.3333335,3.0,,,,,,75.0,76.388885,,,,4.5,4.5,4.5,1.5,4.5,1.5,4.5,87.5,87.5,87.5,87.5,,2.0,4.0,2.0,4.0,1.5,4.5,4.5,,81.25,81.25,,,,4.0,3.6666667,3.0,3.3333333,,,62.5,62.5,,,,6.0,,,6.0,6.3333335,6.6666665,7.3333335,7.0,,,,,1.3333334,0.0,1.0,0.33333334,0.33333334,0.0,,,,,,,0.0,0.0,0.0,0.0,0.33333334,0.6666667,0.0,0.0,0.0,0.33333334,5.3333335,5.3333335,,,,,5.6666665,5.3333335,4.3333335,,,,,,,,,,,,,,,,,,,,,,,,,,,,,,,,,,,,,,,,,,,,,,,,
CPV_17102021_P1,Cape Verde,CPV,2021.0,2021-10-17,Presidential,5.0,,1,1,2,2,7028.0468456410135,1,2,0,,68.11224,68.11224,,,76.88194,63.083336,81.25,73.75,89.44444,77.25694,64.583336,81.25,73.75,89.44444,8.6,,2.2,3.8,1.8,4.2,1.2,4.8,,,,,81.666664,81.666664,,,,4.6,4.4,4.6,4.6,88.75,88.75,88.75,88.75,,2.5,3.5,2.5,3.5,3.5,62.5,62.5,62.5,62.5,,2.4,3.6,1.8,4.2,1.6666666,4.3333335,,,80.55556,76.111115,,,,1.8,4.2,3.4,3.0,2.4,3.6,1.8,4.2,,,,65.0,67.0,,,,3.4,2.8,3.2,4.0,3.8,2.75,,,,61.25,60.75,,,,2.6,2.6,2.2,2.2,3.8,3.6,2.4,3.0,3.0,43.0,43.0,44.166668,44.166668,,1.2,4.8,1.8,4.2,4.6,4.6,3.4,4.8,1.25,,,,,,85.0,85.0,,,,4.8,4.8,4.8,1.4,4.6,1.4,4.6,93.0,93.0,93.0,93.0,,1.2,4.8,1.2,4.8,1.2,4.8,4.6666665,,91.666664,94.166664,,,,4.6,4.4,4.2,4.6,,,86.25,86.25,,,,9.2,,,6.0,6.4,6.8,7.8,8.4,,,,,1.0,0.2,1.0,0.2,0.2,0.0,,,,,,,0.0,0.0,0.0,0.0,0.2,0.8,0.0,0.0,0.0,0.8,3.4,8.6,,,,,9.8,6.0,1.8,,,,,,,,,,,,,,,,,,,,,,,,,,,,,,,,,,,,,,,,,,,,,,,,
CAF_14022016_P2,Central African Republic,CAF,2016.0,2016-02-14,Presidential,4.0,,7,7,0,1,698.88959,1,2,0,,54.251698,,,,58.64294,46.666668,50.289352,71.875,65.74074,57.33724,47.404514,44.791668,71.875,65.27778,7.0,,1.6666666,4.3333335,2.0,4.0,2.5,3.5,,,,,77.77778,73.611115,,,,3.0,2.75,3.25,3.25,51.5625,51.5625,51.5625,51.5625,,4.0,2.0,4.0,2.0,2.0,25.0,25.0,25.0,25.0,,4.0,2.0,3.75,2.25,3.0,3.0,,,33.333332,35.416664,,,,3.3333333,2.6666667,3.0,3.0,3.3333333,2.6666667,3.3333333,2.6666667,,,,57.5,45.0,,,,3.5,2.5,3.5,3.5,3.5,3.0,,,,60.0,60.0,,,,3.0,3.0,2.0,3.25,2.75,2.25,3.75,2.6666667,3.3333333,30.0,47.5,,49.305557,,3.6666667,2.3333333,2.5,3.5,3.6666667,4.25,2.0,3.5,1.0,,,,,,45.833332,55.208332,,,,3.6666667,3.5,3.6666667,1.6666666,4.3333335,2.0,4.0,65.0,70.833336,65.0,70.833336,,3.0,3.0,2.0,4.0,1.75,4.25,3.75,,68.75,68.75,,,,3.6666667,3.6666667,3.3333333,3.0,,,60.416668,60.416668,,,,7.5,,,4.75,4.5,4.3333335,2.75,4.75,,,,,3.0,0.0,0.75,0.25,0.0,0.0,,,,,,,0.0,0.0,0.0,0.0,0.0,0.0,0.0,0.0,0.0,0.0,4.0,9.0,,3.5,6.5,8.25,,,,,3.75,3.75,3.75,27.25,3.75,50.75,50.75,4.0,4.0,,,,,,,,,,,,,,,,,,,,,,,,,,,,,,,,,,,,,,
CAF_27122020_P1,Central African Republic,CAF,2020.0,2020-12-27,Presidential,2.0,,7,7,0,1,989.2187436660947,1,2,0,,17.34694,17.34694,,,26.770834,12.291666,26.73611,25.0,43.055557,29.079865,15.625,27.430557,28.125,45.13889,3.5,,5.0,1.0,5.0,1.0,3.5,2.5,,,,,0.0,12.5,,,,1.5,2.0,2.0,3.0,25.0,28.125,25.0,28.125,,3.5,2.5,3.5,2.5,4.0,50.0,50.0,50.0,50.0,,4.5,1.5,4.5,1.5,4.0,2.0,,,8.333333,16.666666,,,,4.5,1.5,1.5,1.0,4.0,2.0,5.0,1.0,,,,5.0,10.0,,,,2.0,5.0,1.0,1.5,2.0,3.5,,,,30.0,25.0,,,,1.0,1.0,1.0,4.0,2.0,4.5,1.5,4.0,2.0,5.0,7.5,8.333333,10.416666,,5.0,1.0,5.0,1.0,2.5,2.5,2.0,3.0,2.0,,,,,,12.5,25.0,,,,3.5,2.5,3.0,2.5,3.5,3.5,2.5,50.0,50.0,50.0,50.0,,4.5,1.5,1.0,5.0,5.0,1.0,2.5,,25.0,37.5,,,,4.5,2.0,2.0,2.5,,,43.75,43.75,,,,8.5,,,6.5,3.5,5.0,3.0,5.0,,,,,2.0,0.5,0.5,0.0,0.5,0.0,,,,,,,0.0,0.0,0.0,0.0,0.0,0.5,0.0,0.5,0.0,0.0,6.0,9.5,,,,,7.0,5.0,3.0,,,,,,,,,,,,,,,,,,,,,,,,,,,,,,,,,,,,,,,,,,,,,,,,
TCD_10042016_P1,Chad,TCD,2016.0,2016-04-10,Presidential,3.0,,7,6,0,1,1991.2479,1,2,0,,,,,,33.210358,24.739584,46.99074,33.333332,27.777777,32.635998,23.368055,43.287037,33.333332,30.555555,2.3333333,,3.3333333,2.6666667,3.6666667,2.3333333,3.0,3.0,,,,,41.666664,41.666664,,,,1.3333334,2.0,1.3333334,2.3333333,18.75,18.75,18.75,18.75,,,,,,,,,,,,3.6666667,2.3333333,3.6666667,2.3333333,3.6666667,2.3333333,,,33.333332,33.333332,,,,3.6666667,2.3333333,2.6666667,3.5,4.0,2.0,4.5,1.5,,,,35.0,35.0,,,,2.0,4.6666665,1.3333334,1.6666666,2.0,3.0,,,,22.5,25.0,,,,1.3333334,1.3333334,1.0,4.0,2.0,4.6666665,1.3333334,4.0,2.0,10.0,10.0,6.25,12.5,,4.0,2.0,4.3333335,1.6666666,3.3333333,3.0,3.0,4.0,1.0,,,,,,50.0,45.833332,,,,2.3333333,3.6666667,2.0,5.0,1.0,4.0,2.0,25.0,30.0,25.0,30.0,,4.6666665,1.3333334,3.6666667,2.3333333,2.3333333,3.6666667,2.3333333,,35.416668,35.416668,,,,2.0,3.0,2.0,2.0,,,34.375,31.25,,,,7.6666665,,,2.3333333,1.6666666,3.6666667,1.6666666,2.3333333,,,,,3.0,0.0,1.0,0.0,0.0,0.0,,,,,,,0.0,0.0,0.0,0.0,0.0,0.0,0.0,0.0,0.0,0.0,2.3333333,9.0,,4.0,9.333333,9.333333,,,,,3.0,4.0,4.0,3.0,1.0,35.333332,35.333332,4.3333335,4.3333335,,,,,,,,,,,,,,,,,,,,,,,,,,,,,,,,,,,,,,
TCD_11042021_P1,Chad,TCD,2021.0,2021-04-11,Presidential,3.0,,7,6,0,1,1590.55299027058,1,2,0,,26.105442,28.571428,,,22.060186,23.194445,15.046296,25.0,25.0,23.148148,23.611113,23.148148,25.0,20.833334,1.6666666,,4.3333335,1.6666666,5.0,1.0,4.0,2.0,,,,,13.888888,13.888888,,,,1.6666666,3.0,1.6666666,2.0,27.083334,27.083334,27.083334,27.083334,,3.6666667,2.3333333,4.6666665,1.3333334,2.6666667,27.777777,27.777777,27.777777,27.777777,,4.3333335,1.6666666,4.6666665,1.3333334,4.6666665,1.3333334,,,11.111111,11.111111,,,,5.0,1.0,4.0,4.3333335,4.5,1.5,4.6666665,1.3333334,,,,35.0,35.833332,,,,2.6666667,4.6666665,1.3333334,2.0,2.3333333,2.3333333,,,,28.333334,28.333334,,,,1.3333334,1.6666666,1.3333334,3.0,3.0,3.6666667,2.3333333,3.0,3.0,23.333334,23.333334,27.777779,27.777779,,4.5,1.5,4.3333335,1.6666666,3.0,2.0,1.0,1.0,1.0,,,,,,12.5,17.36111,,,,1.5,3.3333333,2.0,2.5,3.5,3.0,3.0,37.5,41.666668,37.5,41.666668,,4.6666665,1.3333334,1.6666666,4.3333335,4.3333335,1.6666666,1.0,,27.083334,27.083334,,,,1.6666666,4.0,2.5,2.0,,,37.5,38.541668,,,,9.0,,,4.0,3.0,2.3333333,2.3333333,3.6666667,,,,,1.0,0.33333334,0.6666667,0.0,0.0,0.0,,,,,,,0.0,0.0,0.0,0.33333334,0.0,0.6666667,0.0,0.0,0.0,0.33333334,3.3333333,7.0,,,,,7.3333335,5.0,1.3333334,,,,,,,,,,,,,,,,,,,,,,,,,,,,,,,,,,,,,,,,,,,,,,,,
TCD_06052024_P1,Chad,TCD,2024.0,2024-05-06,Presidential,2.0,,7,6,0,1,1679.0,1,2,0,,19.897959,,24.193548,,17.152779,22.63889,23.749998,13.888889,8.333333,18.090279,25.555557,24.583332,13.888889,8.333333,2.0,,2.5,3.5,4.5,1.5,3.5,2.5,2.5,1.0,1.0,1.5,37.5,37.5,23.214285,23.214285,,1.0,2.5,1.5,1.0,12.5,12.5,12.5,12.5,,5.0,1.0,4.0,2.0,5.0,41.666668,41.666668,41.666668,41.666668,,5.0,1.0,5.0,1.0,5.0,1.0,4.5,1.5,0.0,0.0,3.125,3.125,,5.0,1.0,3.5,2.0,4.0,2.0,4.0,2.0,3.0,3.0,3.0,,27.5,,33.92857,,1.0,5.0,1.0,1.5,1.0,1.5,4.5,1.5,1.0,5.0,5.0,5.357143,5.357143,,1.0,1.0,1.0,4.0,2.0,3.0,3.0,5.0,1.0,15.0,15.0,12.5,12.5,,4.5,1.5,4.5,1.5,3.0,2.5,1.0,4.0,1.0,3.0,3.0,2.0,3.5,2.5,16.666666,31.25,25.0,27.5,,1.0,4.5,1.0,3.0,3.0,4.5,1.5,35.0,30.0,35.0,30.0,,4.5,1.5,3.0,3.0,1.5,4.5,2.0,1.0,43.75,43.75,35.0,35.0,,1.0,4.0,1.0,1.0,1.0,5.0,18.75,18.75,35.0,35.0,,9.5,1.0,,2.5,3.0,2.0,2.0,1.5,,0.0,0.0,0.0,1.0,,1.0,,,,6.0,3.5,0.0,5.0,1.0,2.5,0.0,0.0,0.0,0.5,0.0,0.5,0.0,0.0,0.0,1.0,3.5,8.5,,5.5,3.5,2.0,,,,,,,,,,,,,,,,,,,,,,,,,,,,,,,,,,,,,,,,,,,,,,,,,,,
CHL_15122013_P2,Chile,CHL,2013.0,2013-12-15,Presidential,19.0,,1,1,2,3,22578.729,2,9,1,,65.22273,62.117348,,,66.13916,56.69387,51.520844,68.34795,87.99396,67.0381,56.858555,55.701756,67.43421,88.1579,8.842105,,3.5789473,2.4210527,2.6111112,3.3888888,2.2222223,3.7777777,,,,,55.09259,54.89766,,,,4.3157897,4.4210525,4.736842,4.8421054,89.47369,89.47369,89.47369,89.47369,,2.7272727,3.2727273,2.8181818,3.1818182,3.090909,54.545452,54.545456,54.545452,54.545456,,2.1666667,3.8333333,3.235294,2.764706,3.375,2.625,,,51.041668,51.858658,,,,1.5789474,4.4210525,3.6842105,2.6666667,3.1111112,2.8888888,1.7368422,4.263158,,,,64.117645,64.61988,,,,2.7894738,2.631579,3.368421,3.1578948,3.3157895,2.7857144,,,,51.07143,52.086468,,,,3.6111112,2.7222223,1.9473684,2.3529413,3.6470587,3.2,2.8,,,48.214287,48.6388,,,,1.5263158,4.4736843,1.5625,4.4375,4.368421,4.388889,3.0,1.2352941,1.125,,,,,,62.5,66.265785,,,,4.631579,4.8421054,4.7777777,1.7058823,4.2941175,1.8235294,4.1764708,87.5,88.61025,87.5,88.61025,,1.3684211,4.631579,1.6111112,4.388889,1.0526316,4.9473686,4.4375,,89.453125,90.03335,,,,4.5263157,4.5789475,4.368421,4.5789475,,,87.82895,87.82895,,,,9.473684,,,6.9166665,7.0,6.25,5.5789475,7.8421054,,,,,2.764706,0.10526316,0.57894737,0.05263158,0.0,0.15789473,,,,,,,0.05263158,0.05263158,0.0,0.0,0.36842105,0.21052632,0.0,0.0,0.0,0.84210527,4.0,8.944445,,4.1578946,7.5789475,7.736842,,,,,,,,,,,,,,,,,,,,,,,,,,,,,,,,,,,,,,,,,,,,,,,,,,,
CHL_17122017_P2,Chile,CHL,2017.0,2017-12-17,Presidential,19.0,,1,1,2,4,23960.27015,2,9,1,,75.3987,71.55612,,,78.720894,69.94016,86.366196,69.07895,89.49828,78.90031,70.115135,86.42178,69.07895,89.98538,9.315789,,1.8947369,4.105263,1.7894737,4.2105265,1.4210526,4.5789475,,,,,82.45614,82.45614,,,,4.4210525,4.368421,4.6842103,4.7894735,89.14474,89.14474,89.14474,89.14474,,2.6666667,3.3333333,2.0,4.0,3.0625,62.22222,61.631943,62.22222,61.631943,,2.1666667,3.8333333,2.1666667,3.8333333,2.1875,3.8125,,,72.77778,70.65972,,,,1.0526316,4.9473686,3.368421,2.9444444,2.7777777,3.2222223,1.3157895,4.6842103,,,,69.70588,70.833336,,,,2.631579,1.7894737,4.2105265,3.4736843,2.9444444,2.2666667,,,,50.666668,52.634502,,,,4.3157897,3.4705882,3.4444444,2.631579,3.368421,2.2222223,3.7777777,1.4210526,4.5789475,66.875,66.8851,70.572914,70.64987,,1.1578947,4.8421054,1.2631578,4.736842,4.2105265,4.105263,3.8125,4.7222223,1.0,,,,,,84.895836,85.12275,,,,4.7894735,4.736842,4.894737,1.2,4.8,1.3888888,4.611111,94.333336,94.16082,94.333336,94.16082,,1.2105263,4.7894735,1.2631578,4.736842,1.0,5.0,4.357143,,92.85714,93.021614,,,,4.5263157,4.4210525,4.368421,4.5263157,,,86.51316,86.51316,,,,9.789474,,,7.0,7.4210525,6.631579,5.888889,9.157895,,,,,2.6842105,0.21052632,0.84210527,0.05263158,0.05263158,0.0,,,,,,,0.05263158,0.0,0.0,0.0,0.7368421,0.2631579,0.0,0.0,0.0,0.84210527,4.0,8.684211,,,,,9.736842,6.6842103,4.4210525,,,,,4.631579,,,,,,53.57895,19.052631,8.736842,8.631579,7.263158,7.263158,,,,,,,,,,,,,,,,,,,,,,,,,,,,,,,,
CHL_19122021_P2,Chile,CHL,2021.0,2021-12-19,Presidential,5.0,,1,1,2,4,29104.05809230003,2,9,1,,82.56803,82.14286,,,80.25694,77.833336,80.55556,76.25,86.388885,79.670135,75.208336,80.55556,76.25,86.666664,10.0,,2.0,4.0,1.8,4.2,1.2,4.8,,,,,83.333336,83.333336,,,,5.0,4.8,4.4,5.0,95.0,95.0,95.0,95.0,,1.5,4.5,1.5,4.5,4.5,87.5,87.5,87.5,87.5,,2.2,3.8,2.2,3.8,2.6666667,3.3333333,,,63.88889,66.111115,,,,1.2,4.8,4.2,3.0,2.6,3.4,1.4,4.6,,,,75.0,75.0,,,,3.4,2.0,4.0,4.2,3.2,2.3333333,,,,61.666668,60.666668,,,,3.6,3.2,3.8,1.0,5.0,3.4,2.6,2.2,3.8,72.5,66.0,71.875,66.66667,,1.4,4.6,2.2,3.8,4.6,4.4,3.8,4.6,1.0,,,,,,82.5,82.5,,,,4.8,4.8,4.8,2.5,3.5,2.5,3.5,81.25,82.0,81.25,82.0,,1.4,4.6,1.4,4.6,1.2,4.8,4.5,,90.625,90.625,,,,4.8,4.8,4.6,4.6,,,92.5,92.5,,,,9.6,,,7.4,7.6,6.2,6.6,9.2,,,,,1.8,0.2,1.0,0.0,0.0,0.0,,,,,,,0.0,0.0,0.0,0.0,0.6,0.4,0.0,0.0,0.0,1.0,5.2,9.6,,,,,9.4,6.8,4.4,,,,,,,,,,,,,,,,,,,,,,,,,,,,,,,,,,,,,,,,,,,,,,,,
CHL_21112021_P1,Chile,CHL,2021.0,2021-11-21,Presidential,8.0,,1,1,2,4,29104.05809230003,2,9,1,,81.88776,81.88776,,,81.61211,73.534225,85.057045,78.125,89.73214,81.671005,73.38542,85.24306,78.125,89.93056,9.625,,1.8571428,4.142857,1.5,4.5,1.25,4.75,,,,,88.09524,86.60714,,,,4.75,4.75,4.75,4.875,94.53125,94.53125,94.53125,94.53125,,2.25,3.75,3.0,3.0,3.75,62.5,62.5,62.5,62.5,,2.4285715,3.5714285,2.125,3.875,2.142857,3.857143,,,69.047615,69.19643,,,,1.7142857,4.285714,4.5,3.875,2.875,3.125,1.5,4.5,,,,79.28571,76.42857,,,,3.5,2.25,3.75,4.5,3.375,3.142857,,,,67.85714,66.33929,,,,4.5,4.125,3.2857144,2.125,3.875,2.75,3.25,1.5,4.5,72.85714,70.17857,75.59524,73.065475,,1.375,4.625,1.5,4.5,4.0,4.625,3.7142856,4.875,1.2,,,,,,85.71429,84.747025,,,,4.75,4.875,4.875,1.2857143,4.714286,1.125,4.875,95.0,95.44643,95.0,95.44643,,1.375,4.625,1.375,4.625,1.125,4.875,4.125,,89.0625,89.0625,,,,4.625,4.625,4.714286,4.75,,,93.75,91.96429,,,,9.5,,,7.125,5.5,5.5,6.375,9.0,,,,,1.75,0.125,1.0,0.0,0.125,0.125,,,,,,,0.0,0.0,0.0,0.0,0.25,0.5,0.0,0.0,0.25,1.0,4.75,9.25,,,,,10.0,8.125,6.5,,,,,,,,,,,,,,,,,,,,,,,,,,,,,,,,,,,,,,,,,,,,,,,,
COL_09032014_L1,Colombia,COL,2014.0,2014-03-09,Legislative,8.0,,3,4,1,3,13394.947,2,9,0,,62.147717,65.81633,,,61.287617,60.052082,51.661705,53.013393,80.42328,59.825306,59.179688,50.0,50.78125,79.34028,7.375,,2.2857144,3.7142856,2.75,3.25,1.75,4.25,,,,,70.2381,68.45238,,,,4.125,3.375,4.0,4.0,71.875,71.875,71.875,71.875,,1.8333334,4.1666665,2.2857144,3.7142856,3.8333333,75.0,72.61905,75.0,72.61905,,3.5,2.5,3.0,3.0,3.0,3.0,,,56.25,45.833332,,,,2.0,4.0,4.125,4.142857,2.2857144,3.7142856,2.375,3.625,,,,73.57143,73.03571,,,,3.125,3.5,2.5,3.857143,3.375,3.75,,,,59.285713,58.035713,,,,3.75,2.5714285,1.875,3.5714285,2.4285715,3.4285715,2.5714285,,,41.666668,40.982143,,,,3.142857,2.857143,3.875,2.125,2.5,3.4285715,2.3333333,4.125,1.7142857,,,,,,46.666664,47.371033,,,,3.75,4.5,4.0,1.6666666,4.3333335,1.6666666,4.3333335,77.0,79.583336,77.0,79.583336,,3.375,2.625,2.0,4.0,1.4285715,4.571429,4.428571,,71.875,72.65625,,,,4.0,4.125,4.0,4.125,,,76.5625,76.5625,,,,8.75,,,7.2,5.6,4.2,5.625,7.5,,,,,3.0,0.125,0.625,0.0,0.125,0.125,,,,,,,0.0,0.0,0.0,0.0,0.125,0.375,0.125,0.125,0.125,0.75,4.375,7.875,,4.375,5.875,7.375,,,,,,,,,,,,,,,,,,,,,,,,,,,,,,,,,,,,,,,,,,,,,,,,,,,
COL_15062014_P2,Colombia,COL,2014.0,2014-06-15,Presidential,7.0,,3,4,1,3,13394.947,2,9,0,,54.627975,55.357143,,,57.19891,47.9375,56.87004,50.892857,73.09524,58.10268,48.184525,58.928574,50.892857,74.40476,7.285714,,2.8333333,3.1666667,2.8333333,3.1666667,1.8333334,4.1666665,,,,,65.0,62.5,,,,4.142857,4.142857,4.0,4.285714,78.57143,78.57143,78.57143,78.57143,,3.25,2.75,3.0,3.0,3.25,50.0,50.0,50.0,50.0,,4.0,2.0,3.5714285,2.4285715,3.75,2.25,,,27.083332,30.654762,,,,2.0,4.0,3.4285715,2.857143,3.2857144,2.7142856,2.5714285,3.4285715,,,,59.166668,57.142857,,,,2.4285715,3.7142856,2.2857144,2.7142856,2.7142856,3.5714285,,,,43.57143,43.57143,,,,3.4,2.5,1.6666666,3.1666667,2.8333333,4.0,2.0,,,40.0,37.0,,,,2.857143,3.142857,3.3333333,2.6666667,3.857143,3.7142856,2.25,4.285714,1.75,,,,,,55.208332,57.98611,,,,3.3333333,4.857143,4.3333335,2.0,4.0,2.2,3.8,72.5,76.61905,72.5,76.61905,,2.5714285,3.4285715,1.7142857,4.285714,1.5714285,4.428571,3.6,,68.75,73.39286,,,,4.1666665,4.142857,3.857143,4.1666665,,,77.083336,77.083336,,,,8.714286,,,6.6,5.0,3.8,4.857143,6.714286,,,,,2.8333333,0.0,0.5714286,0.14285715,0.0,0.0,,,,,,,0.0,0.0,0.0,0.0,0.14285715,0.42857143,0.0,0.0,0.14285715,0.85714287,5.142857,8.714286,,5.0,6.285714,6.428571,,,,,,,,,,,,,,,,,,,,,,,,,,,,,,,,,,,,,,,,,,,,,,,,,,,
COL_11032018_L1,Colombia,COL,2018.0,2018-03-11,Legislative,8.0,,3,3,1,3,13254.94921875,2,9,0,,60.335762,,,,61.594784,52.525795,50.533234,66.51785,76.802246,61.94987,53.528645,51.12847,67.96875,75.173615,6.375,,2.375,3.625,2.0,4.0,2.0,4.0,,,,,71.875,71.875,,,,3.375,4.125,3.3333333,3.625,62.5,65.364586,62.5,65.364586,,2.4,3.6,1.8333334,4.1666665,4.0,73.333336,73.05556,73.333336,73.05556,,2.8333333,3.1666667,2.5,3.5,3.0,3.0,,,47.916668,55.555557,,,,1.875,4.125,3.125,3.142857,2.0,4.0,4.0,2.0,,,,53.57143,56.964287,,,,3.0,2.857143,3.142857,2.6666667,3.0,4.5,,,,57.5,56.54762,,,,4.428571,3.142857,1.4285715,3.2857144,2.7142856,3.8333333,2.1666667,4.125,1.875,45.0,44.404762,40.833332,40.649803,,3.5714285,2.4285715,4.142857,1.8571428,2.875,4.25,2.5,4.0,1.0,,,,,,45.833336,49.627975,,,,3.75,4.625,4.0,1.6666666,4.3333335,1.6666666,4.3333335,77.5,80.208336,77.5,80.208336,,2.7142856,3.2857144,2.0,4.0,1.5714285,4.428571,4.285714,,73.958336,75.0,,,,3.375,3.857143,4.25,3.375,,,66.07143,67.85714,,,,8.625,,,6.25,5.5,4.375,5.5,6.875,,,,,3.0,0.0,1.0,0.0,0.0,0.0,,,,,,,0.0,0.0,0.0,0.0,0.875,0.125,0.0,0.0,0.0,0.875,4.5,8.0,,,,,7.125,5.75,3.0,,,,,,,,,,,,,,,3.2,3.2,3.2857144,3.2857144,4.0,3.5714285,3.5714285,3.0,2.5714285,2.5714285,3.625,3.142857,2.7142856,2.7142856,3.8333333,3.8333333,,,,,,,,,,,,,,,,,,
COL_17062018_P2,Colombia,COL,2018.0,2018-06-17,Presidential,5.0,,3,3,1,3,13254.94921875,2,9,0,,39.285713,,,,57.685764,45.8125,55.625,58.75,70.55556,57.98611,46.66667,55.0,60.0,70.27778,6.4,,2.6666667,3.3333333,3.75,2.25,2.0,4.0,,,,,58.333332,54.86111,,,,4.0,4.0,4.2,3.6,73.75,73.75,73.75,73.75,,3.0,3.0,3.0,3.0,3.0,50.0,50.0,50.0,50.0,,2.5,3.5,2.6,3.4,2.75,3.25,,,58.333332,59.583332,,,,2.75,3.25,3.6,2.4,2.25,3.75,3.2,2.8,,,,45.0,54.0,,,,2.8,3.0,3.0,2.8,2.8,2.75,,,,45.0,45.75,,,,3.2,2.25,2.2,4.0,2.0,3.25,2.75,2.75,3.25,36.666668,37.0,37.5,40.208332,,3.4,2.6,3.75,2.25,3.6,3.8,3.0,3.6,2.25,,,,,,62.5,53.541668,,,,3.2,3.8,3.4,2.0,4.0,2.0,4.0,75.0,67.0,75.0,67.0,,1.8,4.2,2.2,3.8,1.4,4.6,4.0,,78.75,78.75,,,,3.4,3.6,3.6,3.6,,,63.75,63.75,,,,9.4,,,6.6,5.6,4.4,4.6,7.2,,,,,3.0,0.0,1.0,0.0,0.0,0.0,,,,,,,0.0,0.0,0.0,0.0,0.6,0.4,0.0,0.0,0.0,0.6,3.8,8.2,,,,,8.0,6.4,4.0,,,,,,,,,,,,,,,3.4,3.4,4.0,4.0,3.5,3.75,3.75,3.25,2.6666667,2.6666667,3.8,3.0,2.6,2.6,4.4,4.4,,,,,,,,,,,,,,,,,,
COL_19062022_P2,Colombia,COL,2022.0,2022-06-19,Presidential,2.0,,3,3,1,3,16819.1762884735,2,9,1,,,,,,71.61458,63.541664,65.625,78.125,79.16667,70.88542,60.625,65.625,78.125,79.16667,8.0,,1.0,5.0,2.0,4.0,2.0,4.0,,,,,83.333336,83.333336,,,,4.0,4.5,4.0,4.0,78.125,78.125,78.125,78.125,,2.0,4.0,1.0,5.0,5.0,91.666664,91.666664,91.666664,91.666664,,4.5,1.5,4.0,2.0,,,,,,,,,,2.0,4.0,3.5,4.0,3.5,2.5,4.0,2.0,,,,55.0,55.0,,,,3.5,2.0,4.0,3.5,4.0,4.0,,,,70.0,70.0,,,,4.0,4.0,3.0,2.0,4.0,3.0,3.0,3.0,3.0,75.0,65.0,70.833336,62.5,,2.5,3.5,2.0,4.0,4.0,4.5,,4.5,5.0,,,,,,,,,,,4.0,5.0,4.0,2.0,4.0,2.0,4.0,80.0,80.0,80.0,80.0,,1.5,4.5,1.5,4.5,1.5,4.5,4.5,,87.5,87.5,,,,3.0,4.0,4.0,3.5,,,65.625,65.625,,,,7.5,,,7.0,3.5,4.5,3.0,5.0,,1.5,,,1.0,0.0,1.0,0.0,0.0,0.0,,,,,,,0.0,0.0,0.0,0.0,0.5,0.5,0.0,0.0,0.0,0.5,4.5,8.5,,,,,10.0,5.5,1.0,,,,,,,,,,,,,,,,,,,,,,,,,,,,,,,2.0,4.0,3.5,2.0,4.0,3.0,3.0,2.0,4.0,3.0,3.0,2.0,4.0,,1.5,4.5,1.5,4.5
COL_13032022_L1,Colombia,COL,2022.0,2022-03-13,Legislative,2.0,,3,3,1,3,16819.1762884735,2,9,1,,,,,,66.72309,58.906254,61.111107,71.875,75.0,66.358505,58.489586,60.069443,71.875,75.0,6.5,,3.0,3.0,2.5,3.5,3.0,3.0,,,,,54.166664,54.166664,,,,4.5,3.0,3.0,3.5,62.5,62.5,62.5,62.5,,,,,,,,,,,,3.0,3.0,3.0,3.0,3.0,3.0,,,50.0,50.0,,,,1.5,4.5,3.0,3.0,1.5,4.5,2.5,3.5,,,,67.5,67.5,,,,3.5,3.0,3.0,3.0,4.5,4.0,,,,65.0,65.0,,,,2.0,3.0,1.5,2.5,3.5,2.0,4.0,3.0,3.0,40.0,45.0,41.666668,45.833336,,4.0,2.0,4.0,2.0,3.0,4.5,3.0,5.0,1.0,,,,,,58.333332,56.25,,,,3.0,2.5,2.5,1.5,4.5,1.5,4.5,60.0,60.0,60.0,60.0,,3.0,3.0,1.0,5.0,1.0,5.0,4.0,,81.25,81.25,,,,2.5,3.0,4.5,2.0,,,50.0,50.0,,,,9.0,,,6.5,7.0,4.0,5.0,4.5,,1.0,,,1.5,0.0,1.0,0.5,0.5,0.5,,,,,,,0.0,0.0,0.0,0.0,1.0,0.0,0.0,0.0,0.0,1.0,5.0,5.0,,,,,7.5,5.5,3.5,,,,,,,,,,,,,,,,,,,,,,,,,,,,,,,2.0,4.0,4.0,1.5,4.5,3.5,2.5,4.0,2.0,2.0,4.0,2.0,4.0,3.5,2.0,4.0,3.0,3.0
COM_22022015_L2,Comoros,COM,2015.0,2015-02-22,Legislative,5.0,,3,4,1,1,1504.526,1,1,0,,25.510204,25.510204,,,52.274303,45.34722,35.833332,57.083336,70.833336,55.37847,47.208336,40.0,63.75,70.55556,6.2,,1.6666666,4.3333335,2.8,3.2,1.3333334,4.6666665,,,,,83.333336,76.666664,,,,3.4,3.4,3.4,3.2,58.75,58.75,58.75,58.75,,3.0,3.0,3.0,3.0,3.0,50.0,50.0,50.0,50.0,,4.25,1.75,3.25,2.75,4.5,1.5,,,20.833334,25.0,,,,2.6,3.4,3.8,3.0,3.5,2.5,2.6,3.4,,,,20.0,55.5,,,,4.3333335,4.0,2.0,2.5,4.3333335,3.25,,,,60.0,57.083336,,,,2.25,2.2,1.8,3.6666667,2.3333333,4.3333335,1.6666666,,,0.0,26.25,,,,3.25,2.75,3.25,2.75,3.4,3.4,1.5,2.2,2.2,,,,,,27.083332,41.666668,,,,3.2,3.4,3.4,2.0,4.0,1.5,4.5,65.0,67.5,65.0,67.5,,3.75,2.25,2.75,3.25,2.2,3.8,4.2,,59.375,59.375,,,,3.0,3.6,3.8,3.4,,,61.25,61.25,,,,6.2,,,5.0,4.6,5.8,4.6,6.4,,,,,2.8,0.0,0.8,0.4,0.0,0.2,,,,,,,0.0,0.0,0.0,0.0,0.0,0.0,0.0,0.0,0.0,0.2,3.0,9.2,,6.0,8.4,9.8,,,,,,,,,,,,,,,,,,,,,,,,,,,,,,,,,,,,,,,,,,,,,,,,,,,
COM_10042016_P2,Comoros,COM,2016.0,2016-04-10,Presidential,2.0,,3,4,1,1,1522.2557,1,1,0,,,,,,43.854164,57.708332,18.402779,56.25,43.055557,41.445312,54.322918,18.402779,50.0,43.055557,4.5,,1.0,5.0,2.0,4.0,1.0,5.0,,,,,91.666664,91.666664,,,,2.5,2.5,2.5,2.0,34.375,34.375,34.375,34.375,,,,1.0,5.0,1.0,,,,,,4.5,1.5,4.0,2.0,3.5,2.5,,,25.0,25.0,,,,2.0,4.0,3.5,5.0,3.5,2.5,3.5,2.5,,,,,62.5,,,,2.0,1.0,5.0,4.5,2.5,1.0,,,,40.0,50.0,,,,1.0,2.0,2.0,3.5,2.5,5.0,1.0,4.5,1.5,,17.5,,16.666666,,4.5,1.5,3.5,2.5,4.5,3.0,1.5,1.0,1.0,,,,,,33.333332,33.333332,,,,2.5,3.5,2.5,1.0,5.0,1.5,4.5,65.0,65.0,65.0,65.0,,4.5,1.5,4.5,1.5,2.5,3.5,2.5,,31.25,31.25,,,,1.5,4.0,1.5,2.0,,,31.25,31.25,,,,8.5,,,4.0,2.5,3.0,3.0,4.0,,,,,2.5,0.0,0.5,0.0,0.0,0.5,,,,,,,0.0,0.0,0.0,0.0,0.0,0.0,0.0,0.0,0.0,0.5,5.0,9.0,,6.0,6.5,5.5,,,,,1.5,4.0,4.0,2.5,2.5,2.5,2.5,2.5,2.5,,,,,,,,,,,,,,,,,,,,,,,,,,,,,,,,,,,,,,
COM_24032019_P1,Comoros,COM,2019.0,2019-03-24,Presidential,3.0,,4,4,1,2,3188.083106354641,1,1,0,,4.0816326,4.0816326,,,10.208333,11.666668,0.0,12.5,16.666668,22.060184,22.5,0.0,12.5,24.074074,1.0,,4.3333335,1.6666666,4.3333335,1.6666666,4.0,2.0,,,,,19.444445,19.444445,,,,2.0,2.0,2.0,1.6666666,22.916666,22.916666,22.916666,22.916666,,5.0,1.0,1.0,5.0,1.0,33.333332,33.333332,33.333332,33.333332,,5.0,1.0,5.0,1.0,5.0,1.0,,,0.0,0.0,,,,5.0,1.0,2.0,2.0,4.0,2.0,5.0,1.0,,,,15.0,15.0,,,,1.0,3.0,3.0,1.0,1.0,4.5,,,,27.5,27.5,,,,1.0,1.0,1.0,5.0,1.0,5.0,1.0,5.0,1.0,0.0,0.0,0.0,0.0,,5.0,1.0,5.0,1.0,1.0,1.0,1.0,1.0,1.0,,,,,,0.0,0.0,,,,2.0,1.0,1.0,3.5,2.5,3.5,2.5,20.0,20.0,20.0,20.0,,5.0,1.0,5.0,1.0,5.0,1.0,1.0,,0.0,0.0,,,,1.0,1.0,2.0,1.0,,,6.25,6.25,,,,10.0,,,1.0,1.0,1.0,1.0,1.0,,,,,1.0,0.0,0.33333334,0.0,0.33333334,0.0,,,,,,,0.0,0.0,0.0,0.0,0.33333334,0.0,0.33333334,0.0,0.0,0.6666667,6.0,9.5,,,,,10.0,1.0,1.0,,,,,,,,,,,,,,,3.0,3.0,1.0,1.0,1.0,1.0,1.0,1.0,1.0,1.0,5.0,1.0,4.0,4.0,3.0,3.0,,,,,,,,,,,,,,,,,,
COD_20122023_P1,"Congo, Democratic Republic of the",COD,2023.0,2023-12-20,Presidential,2.0,,7,6,0,1,1433.0,1,2,0,,,,,,41.514755,53.90625,51.041664,33.333336,27.777777,40.651043,53.125,49.0625,32.63889,27.777777,3.5,,2.0,4.0,2.5,3.5,2.0,4.0,3.0,2.0,4.0,4.0,75.0,70.83333,60.714287,62.5,,1.5,3.5,2.0,2.5,25.0,34.375,25.0,34.375,,,,,,,,,,,,4.0,2.0,4.0,2.0,4.0,2.0,4.0,2.0,,25.0,,25.0,,1.5,4.5,2.5,2.5,1.5,4.5,2.5,3.5,4.0,4.0,2.0,62.5,62.5,58.928574,58.928574,,1.5,4.0,2.0,3.0,1.0,4.5,5.0,1.0,1.5,40.0,35.0,28.571428,26.785713,,1.5,1.5,1.0,2.0,4.0,4.5,1.5,4.0,2.0,22.5,22.5,22.916666,22.916666,,3.5,2.5,4.0,2.0,3.0,4.0,1.5,4.0,1.0,4.0,2.0,4.0,2.5,3.5,45.833336,45.833336,47.5,41.25,,1.0,1.5,1.5,4.5,1.5,3.0,3.0,10.0,17.5,10.0,17.5,,4.5,1.5,4.0,2.0,2.0,4.0,2.5,1.5,37.5,37.5,32.5,32.5,,2.0,4.0,1.5,1.5,4.0,2.0,25.0,31.25,25.0,30.0,,8.0,,,4.0,3.0,3.0,3.5,3.5,,0.0,0.0,0.0,1.0,,1.0,,,,,,,,,,0.0,0.0,0.0,0.0,0.0,1.0,0.0,0.0,0.0,1.0,4.0,7.0,,,,,2.5,5.0,3.0,,,,,,,,,,,,,,,,,,,,,,,,,,,,,,,,,,,,,,,,,,,,,,,,
COG_05082012_L2,"Congo, Republic of",COG,2012.0,2012-08-05,Legislative,3.0,,6,5,0,2,5368.2671,1,2,0,,29.931973,29.931973,,,37.46528,26.249998,36.805557,47.916668,38.88889,37.46528,26.249998,36.805557,47.916668,38.88889,,,3.6666667,2.3333333,4.6666665,1.3333334,3.3333333,2.6666667,,,,,27.777777,27.777777,,,,2.3333333,2.6666667,2.6666667,2.3333333,37.5,37.5,37.5,37.5,,3.0,3.0,3.3333333,2.6666667,2.3333333,41.666668,41.666668,41.666668,41.666668,,4.3333335,1.6666666,4.0,2.0,4.6666665,1.3333334,,,16.666666,16.666666,,,,3.6666667,2.3333333,2.0,2.3333333,3.0,3.0,4.0,2.0,,,,33.333332,33.333332,,,,2.0,4.3333335,1.6666666,2.3333333,1.6666666,2.6666667,,,,26.666666,26.666666,,,,1.3333334,1.3333334,1.3333334,4.6666665,1.3333334,4.6666665,1.3333334,,,8.333333,8.333333,,,,3.3333333,2.6666667,4.3333335,1.6666666,3.6666667,4.0,3.0,2.6666667,1.5,,,,,,48.61111,48.61111,,,,2.3333333,1.6666666,1.6666666,3.6666667,2.3333333,3.6666667,2.3333333,26.666666,26.666666,26.666666,26.666666,,2.6666667,3.3333333,3.3333333,2.6666667,3.0,3.0,3.0,,50.0,50.0,,,,1.3333334,2.3333333,2.3333333,1.6666666,,,22.916666,22.916666,,,,6.0,,,2.0,2.6666667,2.5,2.6666667,4.3333335,,,,,,0.0,0.6666667,0.33333334,0.0,0.0,,,,,,,0.33333334,0.0,0.0,0.33333334,0.33333334,0.33333334,0.0,0.0,0.0,0.6666667,5.0,9.0,,,,,,,,,,,,,,,,,,,,,,,,,,,,,,,,,,,,,,,,,,,,,,,,,,,,,,,
COG_20032016_P1,"Congo, Republic of",COG,2016.0,2016-03-20,Presidential,9.0,,6,5,0,2,5718.7891,1,2,0,,25.000347,22.959183,,,26.818645,25.806051,24.176863,36.458332,20.833334,25.509258,26.921297,20.949074,33.333332,20.833334,1.5555556,,4.375,1.625,4.4444447,1.5555556,4.625,1.375,,,,,11.458333,12.962963,,,,1.2222222,1.625,1.8888888,1.4444444,13.28125,13.628472,13.28125,13.628472,,4.142857,1.8571428,4.285714,1.7142857,2.4285715,25.0,25.0,25.0,25.0,,4.375,1.625,4.375,1.625,4.428571,1.5714285,,,16.666666,15.178572,,,,2.5714285,3.4285715,3.4444444,3.1111112,3.2857144,2.7142856,4.3333335,1.6666666,,,,48.333332,46.825397,,,,1.8888888,4.5555553,1.4444444,1.5555556,1.6666666,3.0,,,,22.777779,22.777779,,,,1.5555556,1.5,1.375,4.571429,1.4285715,4.5555553,1.4444444,4.142857,1.8571428,10.0,11.517857,15.0,13.169642,,4.1666665,1.8333334,4.5555553,1.4444444,3.375,3.25,2.8,1.8333334,1.5,,,,,,39.583332,35.56713,,,,2.2857144,3.3333333,1.5555556,3.75,2.25,3.25,2.75,32.857143,35.873016,32.857143,35.873016,,4.888889,1.1111112,4.111111,1.8888888,4.111111,1.8888888,1.8888888,,17.36111,17.36111,,,,1.2222222,2.25,1.5,1.3333334,,,14.84375,14.409722,,,,7.6666665,,,1.8888888,1.8888888,2.1111112,2.8888888,1.5555556,,,,,2.2857144,0.0,0.7777778,0.11111111,0.0,0.11111111,,,,,,,0.0,0.0,0.0,0.33333334,0.11111111,0.0,0.0,0.0,0.0,0.44444445,4.5,8.5,,4.5555553,5.888889,8.333333,,,,,13.555555,4.2222223,4.2222223,23.666666,1.4444444,24.88889,24.88889,35.11111,35.11111,,,,,,,,,,,,,,,,,,,,,,,,,,,,,,,,,,,,,,
COG_30072017_L2,"Congo, Republic of",COG,2017.0,2017-07-30,Legislative,2.0,,7,5,0,2,5718.788841,1,2,0,,,,,,27.278645,13.28125,43.75,18.75,33.333332,19.53125,18.75,21.875,15.625,33.333332,1.5,,,,5.0,1.0,5.0,1.0,,,,,,,,,,1.0,3.0,2.0,2.0,31.25,25.0,31.25,25.0,,5.0,1.0,5.0,1.0,1.0,0.0,0.0,0.0,0.0,,5.0,1.0,5.0,1.0,,,,,,,,,,4.5,1.5,4.0,2.5,,,4.5,1.5,,,,,,,,,2.0,5.0,1.0,1.0,3.0,4.0,,,,30.0,30.0,,,,2.0,2.0,1.0,,,4.0,2.0,,,,,,,,3.0,3.0,,,4.0,2.0,,,1.0,,,,,,,,,,,2.0,3.0,1.0,3.0,3.0,3.0,3.0,35.0,35.0,35.0,35.0,,4.0,2.0,3.0,3.0,3.0,3.0,2.0,,37.5,37.5,,,,2.0,3.0,3.0,2.5,,,43.75,40.625,,,,6.0,,,3.0,1.5,1.5,2.5,3.0,,,,,2.5,0.0,0.5,0.5,0.0,0.0,,,,,,,0.0,0.0,0.0,0.0,0.0,1.0,0.0,0.0,0.0,0.0,4.0,8.0,,,,,5.5,5.0,1.5,,,,,3.0,,,,,,98.0,98.0,2.5,2.5,51.0,51.0,,,,,,,,,,,,,,,,,,,,,,,,,,,,,,,,
COG_21032021_P1,"Congo, Republic of",COG,2021.0,2021-03-21,Presidential,4.0,,7,6,0,2,3616.8645081239206,1,2,0,,28.854876,35.204082,,,21.467012,21.458334,24.82639,18.75,20.833332,20.898436,20.572918,24.82639,18.75,19.444445,3.0,,3.6666667,2.3333333,4.0,2.0,3.6666667,2.3333333,,,,,30.555555,30.555555,,,,1.5,2.3333333,1.5,2.0,20.833334,20.833332,20.833334,20.833332,,2.0,4.0,2.5,3.5,3.3333333,69.44444,65.27778,69.44444,65.27778,,3.25,2.75,3.25,2.75,3.25,2.75,,,43.75,43.75,,,,4.75,1.25,3.25,2.25,4.75,1.25,4.0,2.0,,,,25.0,25.0,,,,2.0,5.0,1.0,1.5,2.3333333,4.0,,,,30.0,29.166666,,,,1.0,1.0,1.0,4.25,1.75,4.5,1.5,3.75,2.25,6.25,6.25,10.416666,10.416666,,3.25,2.75,4.5,1.5,2.5,2.0,1.25,1.5,1.25,,,,,,22.916668,22.916668,,,,1.6666666,3.0,1.25,4.25,1.75,3.25,2.75,31.666666,27.083334,31.666666,27.083334,,4.0,2.0,2.5,3.5,2.0,4.0,1.6666666,,50.0,44.791668,,,,1.5,1.25,1.0,2.0,,,10.9375,10.9375,,,,7.75,,,3.5,3.0,3.0,2.75,3.25,,,,,2.5,0.5,0.5,0.25,0.75,0.0,,,,,,,0.0,0.0,0.0,0.0,0.0,0.5,0.0,0.5,0.25,0.0,4.75,8.25,,,,,7.0,4.0,2.5,,,,,,,,,,,,,,,,,,,,,,,,,,,,,,,,,,,,,,,,,,,,,,,,
COG_10072022_L1,"Congo, Republic of",COG,2022.0,2022-07-10,Legislative,2.0,,7,6,0,2,3553.28798535731,1,2,0,,33.418365,43.877552,,,31.649303,35.625,28.472221,25.0,37.5,25.64236,35.208332,23.61111,18.75,25.0,2.5,,3.5,2.5,3.5,2.5,3.5,2.5,,,,,37.5,37.5,,,,2.0,3.0,2.0,2.5,34.375,34.375,34.375,34.375,,2.5,3.5,2.5,3.5,3.5,62.5,62.5,62.5,62.5,,4.5,1.5,4.5,1.5,2.0,4.0,,,41.666668,33.333336,,,,3.5,2.5,1.0,1.5,3.0,3.0,3.5,2.5,,,,27.5,27.5,,,,2.5,4.5,1.5,3.0,1.5,4.0,,,,40.0,37.5,,,,1.0,1.0,1.0,2.0,4.0,5.0,1.0,4.0,2.0,15.0,15.0,16.666666,16.666666,,2.0,4.0,4.0,2.0,2.5,2.0,1.5,2.0,1.0,,,,,,41.666668,33.333336,,,,2.5,1.5,2.0,2.0,4.0,2.0,4.0,55.0,45.0,55.0,45.0,,3.5,2.5,2.0,4.0,2.0,4.0,2.0,,50.0,53.125,,,,1.5,2.5,1.0,1.5,,,31.25,15.625,,,,5.0,,,2.5,3.0,3.0,3.0,3.0,,1.0,,,3.5,0.5,0.0,0.5,0.5,0.5,,,,,,,0.0,0.0,0.0,0.0,0.0,0.5,0.0,0.5,0.0,0.5,5.0,10.0,,,,,7.0,2.5,2.5,,,,,,,,,,,,,,,,,,,,,,,,,,,,,,,2.0,4.0,2.0,2.0,4.0,2.0,4.0,2.0,4.0,2.0,4.0,2.0,4.0,1.0,2.0,4.0,2.0,4.0
CRI_06042014_P2,Costa Rica,CRI,2014.0,2014-04-06,Presidential,8.0,,1,1,2,3,15160.518,2,9,0,,79.903625,84.69388,,,85.00186,73.75,94.81647,77.79018,93.650795,85.99175,75.390625,95.3125,78.125,95.138885,9.625,,2.25,3.75,1.5,4.5,1.625,4.375,,,,,80.208336,80.208336,,,,4.857143,4.857143,5.0,5.0,100.0,98.21429,100.0,98.21429,,2.0,4.0,2.0,4.0,3.6666667,72.22222,72.22222,72.22222,72.22222,,1.8333334,4.1666665,1.8333334,4.1666665,1.5,4.5,,,81.94444,81.94444,,,,1.125,4.875,3.75,3.5,1.75,4.25,1.5,4.5,,,,79.375,79.375,,,,2.875,2.142857,3.857143,3.0,3.375,4.0,,,,47.5,60.535713,,,,3.8333333,2.6666667,3.5,1.875,4.125,2.0,4.0,,,59.0,65.625,,,,1.0,5.0,1.0,5.0,4.75,4.857143,5.0,4.857143,2.0,,,,,,98.611115,97.76786,,,,5.0,5.0,5.0,1.0,5.0,1.1428572,4.857143,99.166664,99.28571,99.166664,99.28571,,1.0,5.0,1.25,4.75,1.0,5.0,4.3333335,,93.75,94.270836,,,,4.875,5.0,4.857143,4.857143,,,97.32143,97.43304,,,,8.75,,,8.285714,6.714286,6.571429,6.6666665,9.0,,,,,3.0,0.125,0.75,0.0,0.125,0.0,,,,,,,0.0,0.0,0.0,0.0,0.25,0.625,0.0,0.0,0.0,0.375,3.625,9.75,,5.75,8.0,8.125,,,,,,,,,,,,,,,,,,,,,,,,,,,,,,,,,,,,,,,,,,,,,,,,,,,
CRI_01042018_P2,Costa Rica,CRI,2018.0,2018-04-01,Presidential,9.0,,1,1,2,3,15524.994140625,2,9,0,,76.83673,79.84694,,,77.82387,71.84524,81.579865,68.75,89.12037,77.44117,71.49306,81.40432,68.75,88.11729,9.333333,,2.2222223,3.7777777,1.2222222,4.7777777,1.3333334,4.6666665,,,,,85.18519,85.18519,,,,4.5555553,4.7777777,4.7777777,4.875,94.53125,93.66319,94.53125,93.66319,,1.4285715,4.571429,1.4285715,4.571429,3.7142856,82.14286,82.14286,82.14286,82.14286,,1.5,4.5,1.375,4.625,1.5,4.5,,,88.541664,88.541664,,,,1.2222222,4.7777777,3.5555556,2.8888888,2.1111112,3.8888888,1.6666666,4.3333335,,,,72.22222,72.22222,,,,2.8888888,1.4444444,4.5555553,3.2222223,3.5555556,2.2,,,,59.0,57.11111,,,,3.0,2.8888888,3.3333333,2.2222223,3.7777777,1.8888888,4.111111,1.75,4.25,60.555557,60.555557,66.666664,64.00463,,2.0,4.0,1.625,4.375,4.111111,3.7777777,4.2,4.2222223,1.5714285,,,,,,83.333336,77.858795,,,,4.75,5.0,4.888889,1.6666666,4.3333335,1.6666666,4.3333335,90.625,91.52778,90.625,91.52778,,1.4444444,4.5555553,1.4444444,4.5555553,1.3333334,4.6666665,4.375,,87.5,88.454865,,,,4.5555553,4.7777777,4.6666665,4.6666665,,,91.666664,91.666664,,,,9.666667,,,8.888889,6.6666665,5.888889,1.5,9.555555,,,,,3.0,0.0,1.0,0.0,0.11111111,0.0,,,,,,,0.0,0.0,0.0,0.0,0.44444445,0.5555556,0.0,0.11111111,0.0,0.6666667,3.7777777,9.333333,,,,,9.777778,6.5555553,2.7777777,,,,,,,,,,,,,,,2.375,2.375,3.3333333,3.3333333,4.4444447,3.6666667,3.6666667,3.5,2.7142856,2.7142856,3.7777777,3.125,2.625,2.625,4.142857,4.142857,,,,,,,,,,,,,,,,,,
CRI_06022022_L1,Costa Rica,CRI,2022.0,2022-02-06,Legislative,5.0,,1,1,2,3,23319.502282272,2,9,1,,77.38095,69.89796,,,76.51215,58.583332,84.40972,71.25,91.80556,75.52604,57.520832,81.94444,71.25,91.388885,9.6,,2.4,3.6,2.2,3.8,1.8,4.2,,,,,71.666664,71.666664,,,,4.8,4.6,4.6,4.8,92.5,92.5,92.5,92.5,,1.3333334,4.6666665,1.6666666,4.3333335,4.6666665,88.888885,88.888885,88.888885,88.888885,,1.25,4.75,1.25,4.75,1.25,4.75,,,93.75,93.75,,,,1.6,4.4,3.6,3.0,1.8,4.2,2.4,3.6,,,,69.0,69.0,,,,3.0,2.0,4.0,2.4,2.8,2.25,,,,40.0,47.25,,,,2.4,2.6,2.2,3.4,2.6,3.4,2.6,2.0,4.0,37.0,37.0,45.833332,43.333332,,1.5,4.5,2.0,4.0,4.6,4.2,4.75,4.25,1.0,,,,,,89.583336,84.583336,,,,4.4,4.8,4.75,1.4,4.6,1.4,4.6,92.5,90.75,92.5,90.75,,1.4,4.6,1.4,4.6,1.2,4.8,4.75,,95.3125,92.1875,,,,4.4,4.8,4.2,4.2,,,85.0,85.0,,,,9.4,,,7.8,5.6,5.2,1.0,9.4,,1.4,,,1.0,0.4,1.0,0.0,0.4,0.0,,,,,,,0.0,0.0,0.0,0.0,0.6,0.4,0.0,0.0,0.0,0.6,4.0,9.6,,,,,10.0,6.4,2.8,,,,,,,,,,,,,,,,,,,,,,,,,,,,,,,2.0,4.0,4.25,1.6666666,4.3333335,3.0,3.0,1.5,4.5,1.0,5.0,2.5,3.5,4.3333335,2.6666667,3.3333333,1.6666666,4.3333335
CRI_03042022_P2,Costa Rica,CRI,2022.0,2022-04-03,Presidential,4.0,,1,1,2,3,23319.502282272,2,9,1,,84.43878,,,,85.329865,65.10417,94.270836,87.5,94.44444,81.19575,56.38021,91.145836,82.8125,94.44444,9.5,,2.75,3.25,1.0,5.0,1.5,4.5,,,,,86.111115,81.25,,,,5.0,4.75,4.5,5.0,95.3125,95.3125,95.3125,95.3125,,1.0,5.0,1.0,5.0,4.5,95.83333,95.833336,95.83333,95.833336,,1.0,5.0,1.0,5.0,1.0,5.0,,,100.0,100.0,,,,1.0,5.0,3.6666667,2.6666667,1.0,5.0,1.75,4.25,,,,81.666664,77.916664,,,,3.0,1.0,5.0,2.25,3.25,1.5,,,,25.0,50.0,,,,2.5,2.0,1.75,3.0,3.0,3.0,3.0,1.0,5.0,50.0,36.25,58.333336,46.875,,1.0,5.0,1.0,5.0,4.5,5.0,4.75,4.5,5.0,,,,,,100.0,94.791664,,,,4.75,5.0,5.0,1.25,4.75,1.25,4.75,100.0,96.25,100.0,96.25,,1.5,4.5,1.0,5.0,1.0,5.0,4.75,,95.3125,95.3125,,,,4.25,5.0,4.25,4.75,,,89.0625,89.0625,,,,10.0,,,7.75,6.25,5.25,8.0,9.25,,1.25,,,1.0,0.0,1.0,0.0,0.25,0.0,,,,,,,0.0,0.0,0.0,0.0,0.75,0.5,0.0,0.0,0.0,0.75,4.0,9.25,,,,,10.0,6.75,3.25,,,,,,,,,,,,,,,,,,,,,,,,,,,,,,,1.25,4.75,4.5,1.5,4.5,2.5,3.5,1.0,5.0,1.0,5.0,2.25,3.75,3.5,2.0,4.0,1.0,5.0
HRV_08112015_L1,Croatia,HRV,2015.0,2015-11-08,Legislative,12.0,,1,2,2,4,22488.746,4,5,0,,67.4914,62.755104,,,71.89378,62.11427,77.44949,64.29924,83.71212,71.9278,62.248264,76.21528,65.104164,84.14352,7.9166665,,3.1666667,2.8333333,2.5833333,3.4166667,2.0833333,3.9166667,,,,,59.72222,59.72222,,,,4.25,3.8333333,4.4166665,4.3333335,80.208336,80.208336,80.208336,80.208336,,3.1,2.9,2.2222223,3.7777777,3.0,58.333332,55.648148,58.333332,55.648148,,2.6666667,3.3333333,2.9166667,3.0833333,2.5,3.5,,,59.166668,57.63889,,,,1.3333334,4.6666665,3.5,3.8333333,3.9166667,2.0833333,1.5833334,4.4166665,,,,67.5,67.5,,,,2.909091,2.4545455,3.5454545,3.090909,3.0,3.5714285,,,,53.57143,55.584415,,,,3.2727273,3.0,3.6666667,2.3333333,3.6666667,2.9,3.1,,,58.5,58.530304,,,,1.4545455,4.5454545,1.7,4.3,3.9166667,3.9166667,3.3333333,4.4545455,1.25,,,,,,77.083336,76.94444,,,,4.3333335,4.4166665,4.6363635,1.4545455,4.5454545,1.3333334,4.6666665,88.5,87.992424,88.5,87.992424,,1.6666666,4.3333335,1.5833334,4.4166665,1.1666666,4.8333335,4.3636365,,86.36364,87.168564,,,,4.1666665,4.0,3.8333333,4.3333335,,,77.083336,77.083336,,,,9.333333,,,4.8333335,5.5,5.5833335,5.8333335,7.25,,,,,2.9166667,0.083333336,0.9166667,0.0,0.0,0.0,,,,,,,0.083333336,0.0,0.0,0.083333336,0.6666667,0.0,0.083333336,0.0,0.0,0.9166667,3.9166667,9.583333,,3.3333333,6.9166665,8.333333,,,,,,,,,,,,,,,,,,,,,,,,,,,,,,,,,,,,,,,,,,,,,,,,,,,
HRV_11012015_P2,Croatia,HRV,2015.0,2015-01-11,Presidential,7.0,,1,2,2,4,22488.746,4,5,0,,54.396255,48.469387,,,66.15179,58.069443,67.74802,60.714287,78.07539,68.7562,63.913692,71.42857,60.714287,78.968254,8.0,,3.0,3.0,2.1666667,3.8333333,2.142857,3.857143,,,,,63.88889,64.0873,,,,3.857143,4.0,4.142857,4.285714,76.78571,76.78571,76.78571,76.78571,,3.6666667,2.3333333,3.6666667,2.3333333,2.3333333,33.333332,33.333332,33.333332,33.333332,,3.1666667,2.8333333,2.7142856,3.2857144,3.0,3.0,,,45.833332,50.99206,,,,1.4285715,4.571429,3.857143,2.6666667,3.6,2.4,2.2857144,3.7142856,,,,55.0,61.04762,,,,2.4285715,3.0,3.0,3.4285715,2.4285715,3.4,,,,46.0,48.42857,,,,3.6666667,3.4,3.142857,2.2857144,3.7142856,3.3333333,2.6666667,,,58.0,57.95238,,,,2.5,3.5,2.8,3.2,4.857143,4.142857,3.0,4.285714,1.25,,,,,,75.0,70.77381,,,,4.428571,4.285714,4.0,1.75,4.25,1.8571428,4.142857,80.0,80.53571,80.0,80.53571,,3.0,3.0,1.2857143,4.714286,1.1428572,4.857143,4.0,,77.083336,78.57143,,,,4.0,3.857143,3.857143,3.857143,,,72.32143,72.32143,,,,9.142858,,,5.428571,5.571429,5.857143,5.428571,7.1666665,,,,,3.0,0.0,1.0,0.0,0.0,0.0,,,,,,,0.0,0.0,0.0,0.0,0.85714287,0.0,0.0,0.0,0.0,1.0,3.4285715,9.571428,,5.142857,7.142857,7.571429,,,,,,,,,,,,,,,,,,,,,,,,,,,,,,,,,,,,,,,,,,,,,,,,,,,
HRV_11092016_L1,Croatia,HRV,2016.0,2016-09-11,Legislative,10.0,,1,2,2,4,23596.244,4,5,0,,59.90603,64.668365,,,64.69423,53.138393,68.14622,61.25,76.24229,64.541664,53.583332,68.05556,61.25,75.27778,7.0,,2.8,3.2,2.8,3.2,1.9,4.1,,,,,62.5,62.5,,,,3.6,3.3,3.8888888,3.9,67.361115,66.80556,67.361115,66.80556,,3.875,2.125,2.7142856,3.2857144,2.5714285,44.444443,41.517857,44.444443,41.517857,,3.2,2.8,3.1,2.9,2.6666667,3.3333333,,,51.851852,50.27778,,,,1.5,4.5,3.1111112,3.7,4.5555553,1.4444444,2.4444444,3.5555556,,,,57.5,56.555557,,,,2.8,2.8,3.2,3.1,2.9,2.6,,,,48.0,48.0,,,,3.3,3.0,2.7777777,2.3,3.7,3.7,2.3,2.3,3.7,50.0,50.38889,53.703705,53.24074,,1.9,4.1,2.1111112,3.8888888,3.9,3.9,3.125,4.1,1.4444444,,,,,,76.78571,70.891205,,,,4.1,4.4,4.3,1.7777778,4.2222223,1.375,4.625,88.125,83.236115,88.125,83.236115,,1.7777778,4.2222223,1.3,4.7,1.3,4.7,4.1,,86.80556,85.763885,,,,3.9,3.4,3.6,3.7,,,66.25,66.25,,,,9.3,,,3.4,4.3,4.7,5.5,5.3,,,,,2.9,0.0,0.8,0.2,0.0,0.0,,,,,,,0.1,0.1,0.1,0.2,0.9,0.0,0.1,0.0,0.0,1.0,4.2,8.9,,4.5,7.9,8.5,,,,,4.4,1.9,1.9,4.1,4.3,22.0,22.0,3.5,3.5,,,,,,,,,,,,,,,,,,,,,,,,,,,,,,,,,,,,,,
HRV_05072020_L1,Croatia,HRV,2020.0,2020-07-05,Legislative,6.0,,1,2,2,4,28780.316739860984,4,5,0,,66.10544,75.51021,,,71.09953,61.041668,76.75926,57.291668,89.30556,70.52662,61.041668,77.546295,57.291668,86.22685,8.833333,,2.5,3.5,2.8333333,3.1666667,2.0,4.0,,,,,63.88889,63.88889,,,,4.5,4.0,4.3333335,4.6666665,84.375,84.375,84.375,84.375,,3.0,3.0,3.1666667,2.8333333,2.6666667,45.833336,45.833336,45.833336,45.833336,,3.0,3.0,3.2,2.8,3.25,2.75,,,50.0,46.25,,,,1.3333334,4.6666665,4.0,3.6666667,4.3333335,1.6666666,2.0,4.0,,,,65.0,65.0,,,,2.8333333,3.6666667,2.3333333,3.8333333,3.5,3.5,,,,55.0,55.0,,,,3.8333333,3.1666667,3.0,2.0,4.0,3.5,2.5,2.1666667,3.8333333,57.5,57.5,59.72222,59.72222,,1.8,4.2,2.5,3.5,4.3333335,4.0,4.0,4.8333335,1.1666666,,,,,,79.166664,78.611115,,,,4.1666665,4.6666665,4.3333335,1.0,5.0,1.6,4.4,98.333336,87.833336,98.333336,87.833336,,1.3333334,4.6666665,1.8333334,4.1666665,1.1666666,4.8333335,4.75,,95.3125,90.104164,,,,3.5,4.0,3.5,4.0,,,68.75,68.75,,,,9.5,,,3.0,3.5,3.1666667,4.6666665,6.6666665,,,,,1.0,0.0,0.8333333,0.0,0.0,0.16666667,,,,,,,0.0,0.0,0.0,0.0,0.5,0.5,0.0,0.0,0.0,0.8333333,3.1666667,9.5,,,,,9.833333,5.6666665,2.5,,,,,,,,,,,,,,,,,,,,,,,,,,,,,,,,,,,,,,,,,,,,,,,,
HRV_05012020_P2,Croatia,HRV,2020.0,2020-01-05,Presidential,9.0,,1,2,2,4,28780.316739860984,4,5,0,,67.62488,67.517006,,,71.3955,66.66667,70.06035,64.84375,84.011246,71.19309,68.18287,65.97222,64.84375,85.33951,8.375,,1.6666666,4.3333335,1.6666666,4.3333335,1.4444444,4.5555553,,,,,85.18519,85.18519,,,,4.4444447,4.111111,4.111111,4.4444447,81.94444,81.94444,81.94444,81.94444,,2.1666667,3.8333333,1.8333334,4.1666665,2.5,62.5,62.499996,62.5,62.499996,,3.0,3.0,3.5555556,2.4444444,3.375,2.625,,,45.238094,42.24537,,,,1.125,4.875,4.125,3.875,3.5,2.5,1.5,4.5,,,,74.375,74.375,,,,3.125,3.0,3.0,2.875,3.375,3.2,,,,53.0,52.875,,,,3.375,3.125,2.75,2.142857,3.857143,3.5714285,2.4285715,2.142857,3.857143,53.333332,52.678574,56.944443,55.80357,,1.375,4.625,2.375,3.625,4.375,4.125,2.6666667,4.25,1.1666666,,,,,,76.388885,73.611115,,,,4.125,4.625,4.375,1.5,4.5,1.5,4.5,85.625,85.625,85.625,85.625,,1.5,4.5,1.125,4.875,1.125,4.875,4.428571,,91.07143,91.74107,,,,3.5,3.375,3.625,4.0,,,65.625,65.625,,,,9.375,,,5.375,4.875,5.25,5.125,6.375,,,,,1.0,0.0,0.8888889,0.0,0.0,0.0,,,,,,,0.0,0.0,0.0,0.0,0.33333334,0.5555556,0.0,0.0,0.0,0.7777778,4.125,9.0,,,,,9.875,5.375,1.5,,,,,,,,,,,,,,,,,,,,,,,,,,,,,,,,,,,,,,,,,,,,,,,,
HRV_17042024_L1,Croatia,HRV,2024.0,2024-04-17,Legislative,10.0,,2,2,2,4,41117.0,4,5,0,,65.68169,64.88095,65.928535,65.053764,62.225117,59.069443,63.164352,61.666668,65.0,62.260418,59.291664,63.083332,61.666668,65.0,8.1,,2.9,3.1,3.2,2.8,1.8,4.2,3.4,1.7,3.1,4.7,59.166664,59.166664,57.142857,57.142857,,4.2,4.1,4.1,4.2,78.75,78.75,78.75,78.75,,2.9,3.1,3.3,2.7,2.4,43.333332,43.333332,43.333332,43.333332,,3.3,2.7,3.6,2.4,3.0,3.0,2.4444444,3.5555556,44.791668,42.5,50.78125,47.84722,,1.9,4.1,3.9,4.4,3.8888888,2.1111112,2.1,3.9,4.0,3.0,3.0,67.22222,67.05556,64.28571,65.75397,,2.9,2.8,3.2,3.5,3.4,2.75,3.7,2.3,3.1,55.625,53.75,51.785713,50.535713,,3.4,3.5,3.2,2.0,4.0,3.0,3.0,1.8888888,4.111111,61.11111,60.5,63.88889,63.379627,,1.6,4.4,2.0,4.0,4.5,4.5,3.875,4.6,1.5555556,3.1,2.9,2.3,3.2,2.8,82.291664,82.8125,60.625,59.6875,,4.4,4.6,4.4,1.5,4.5,1.7,4.3,86.0,86.0,86.0,86.0,,1.9,4.1,1.3,4.7,1.3,4.7,4.4,4.2,86.875,86.875,85.5,85.5,,3.9,3.8,3.8,4.0,1.4,4.6,71.875,71.875,75.5,75.5,,9.6,2.4285715,,5.1,5.2,5.2,6.1,7.7,,0.0,0.0,0.0,1.2,1.0,1.0,,,,5.5,3.8,0.0,5.0,1.0,4.6,0.1,0.0,0.0,0.0,0.7,0.3,0.0,0.0,0.0,1.0,4.8,9.0,,2.6,5.4,2.4,,,,,,,,,,,,,,,,,,,,,,,,,,,,,,,,,,,,,,,,,,,,,,,,,,,
CYP_24022013_P2,Cyprus,CYP,2013.0,2013-02-24,Presidential,14.0,,1,1,2,4,30610.723,4,6,0,,72.06651,81.37755,,,74.29065,66.02456,80.39398,70.98214,79.7619,75.43837,66.733635,81.10119,70.98214,82.93651,8.8,,1.5714285,4.428571,1.6428572,4.357143,1.7857143,4.214286,,,,,83.333336,83.333336,,,,4.142857,4.428571,4.5,4.785714,86.60714,86.60714,86.60714,86.60714,,2.0,4.0,2.125,3.875,3.142857,64.28571,66.815475,64.28571,66.815475,,2.3636363,3.6363637,1.8333334,4.1666665,1.75,4.25,,,75.757576,75.44192,,,,1.3846154,4.6153846,3.7857144,2.7692308,2.5384614,3.4615386,1.5384616,4.4615383,,,,68.63636,70.46703,,,,2.9285715,2.2857144,3.7142856,3.6153846,3.0714285,3.375,,,,51.875,58.523354,,,,3.3,3.2,2.0,2.6666667,3.3333333,2.5555556,3.4444444,,,54.375,51.38889,,,,1.3846154,4.6153846,1.5833334,4.4166665,4.714286,4.357143,3.7,4.076923,1.5555556,,,,,,81.94444,82.835014,,,,4.571429,4.428571,4.642857,1.4166666,4.5833335,1.8571428,4.142857,86.666664,86.84524,86.666664,86.84524,,1.3571428,4.642857,1.2857143,4.714286,1.1428572,4.857143,3.5714285,,88.39286,86.16071,,,,3.7857144,4.5384617,3.9166667,4.571429,,,81.770836,80.07669,,,,9.357142,,,7.857143,5.285714,5.285714,5.0,8.5,,,,,3.0,0.071428575,0.9285714,0.14285715,0.0,0.0,,,,,,,0.0,0.0,0.0,0.071428575,0.5714286,0.35714287,0.0,0.0,0.0,0.78571427,4.5,8.357142,,4.7,7.4,7.3,,,,,,,,,,,,,,,,,,,,,,,,,,,,,,,,,,,,,,,,,,,,,,,,,,,
CYP_22052016_L1,Cyprus,CYP,2016.0,2016-05-22,Legislative,13.0,,1,1,2,4,32580.352,4,6,0,,65.154335,61.734695,,,65.970566,57.425213,67.3166,62.01923,77.121216,66.34148,58.10096,68.05556,62.01923,77.19017,8.461538,,2.7692308,3.2307692,2.8461537,3.1538463,2.4615386,3.5384614,,,,,57.692307,57.692307,,,,4.230769,4.230769,4.6666665,4.4615383,85.9375,84.9359,85.9375,84.9359,,2.2222223,3.7777777,2.3333333,3.6666667,3.5555556,66.666664,66.666664,66.666664,66.666664,,2.6666667,3.3333333,2.5,3.5,1.7272727,4.2727275,,,69.69697,67.55051,,,,1.6923077,4.3076925,3.3076923,2.2307692,3.0769231,2.9230769,1.5,4.5,,,,61.666668,61.346153,,,,2.4615386,2.8461537,3.1538463,3.3076923,2.8461537,2.7142856,,,,45.714287,47.41758,,,,3.2307692,2.6666667,2.0,2.7692308,3.2307692,2.8461537,3.1538463,2.25,3.75,41.875,46.410255,44.04762,50.13355,,1.4615384,4.5384617,1.5384616,4.4615383,4.3076925,4.1538463,3.5555556,3.1538463,1.4,,,,,,75.46296,75.71225,,,,4.3846154,4.4615383,4.5384617,1.6,4.4,1.6363636,4.3636365,85.5,85.74126,85.5,85.74126,,1.4615384,4.5384617,1.5,4.5,1.3076923,4.6923075,3.6666667,,88.75,83.73397,,,,4.4615383,4.1538463,3.6153846,4.0833335,,,77.083336,76.96314,,,,8.846154,,,6.923077,5.3846154,5.3076925,4.0,7.8461537,,,,,2.6923077,0.15384616,1.0,0.23076923,0.07692308,0.0,,,,,,,0.07692308,0.0,0.07692308,0.0,0.30769232,0.0,0.0,0.0,0.0,0.84615386,3.4615386,8.538462,,5.6153846,8.538462,9.153846,,,,,3.7692308,2.0,2.0,4.3846154,4.076923,17.538462,17.538462,3.7692308,3.7692308,,,,,,,,,,,,,,,,,,,,,,,,,,,,,,,,,,,,,,
CYP_04022018_P2,Cyprus,CYP,2018.0,2018-02-04,Presidential,11.0,,1,1,2,4,32415.1328125,3,6,0,,70.197296,72.95918,,,66.58285,63.50337,66.23983,59.659092,76.929115,66.196335,61.37626,63.825756,59.659092,79.92424,7.7272725,,2.2727273,3.7272727,2.090909,3.909091,2.1,3.9,,,,,75.0,71.13636,,,,4.3636365,4.4545455,4.4545455,4.3636365,85.22727,85.22727,85.22727,85.22727,,1.6666666,4.3333335,1.6666666,4.3333335,3.1666667,73.61111,73.611115,73.61111,73.611115,,2.75,3.25,2.3333333,3.6666667,1.5,4.5,,,72.61905,70.13889,,,,1.7,4.3,3.8181818,3.0,3.2,2.8,1.5,4.5,,,,68.888885,67.09091,,,,2.8181818,3.4545455,2.5454545,3.8,3.1818182,2.8,,,,64.0,50.727272,,,,3.2,2.2222223,2.3,2.8,3.2,2.6,3.4,2.4,3.6,45.625,46.61111,47.916668,49.675926,,1.3333334,4.6666665,1.5555556,4.4444447,4.3636365,4.090909,3.1666667,3.1,1.0,,,,,,83.333336,74.301346,,,,4.5555553,4.5454545,4.5555553,1.5714285,4.428571,1.25,4.75,91.42857,89.17568,91.42857,89.17568,,1.5454545,4.4545455,1.2222222,4.7777777,1.1818181,4.818182,3.6,,79.6875,85.31566,,,,3.3,4.0,3.625,4.2727275,,,71.875,69.985794,,,,9.0,,,7.090909,5.7272725,5.6363635,5.4545455,7.818182,,,,,3.0,0.27272728,1.0,0.09090909,0.0,0.09090909,,,,,,,0.0,0.0,0.09090909,0.0,0.36363637,0.54545456,0.0,0.0,0.0,0.8181818,3.7272727,9.272727,,,,,8.818182,5.4545455,3.1818182,,,,,,,,,,,,,,,2.3,2.3,2.8,2.8,3.4545455,2.3,2.3,3.1111112,1.3333334,1.3333334,3.2727273,2.909091,3.909091,3.909091,2.9,2.9,,,,,,,,,,,,,,,,,,
CYP_30052021_L1,Cyprus,CYP,2021.0,2021-05-30,Legislative,3.0,,1,1,2,4,42556.109375,3,6,0,,73.97959,73.97959,,,77.303246,67.083336,93.28703,68.75,80.09259,79.615166,70.3125,93.28703,68.75,86.111115,9.333333,,2.0,4.0,1.3333334,4.6666665,1.0,5.0,,,,,88.888885,88.888885,,,,4.3333335,4.6666665,5.0,5.0,93.75,93.75,93.75,93.75,,2.0,4.0,2.0,4.0,2.0,58.333332,58.333332,58.333332,58.333332,,2.6666667,3.3333333,1.0,5.0,1.0,5.0,,,86.11111,86.11111,,,,1.0,5.0,4.3333335,4.0,2.6666667,3.3333333,1.0,5.0,,,,83.333336,83.333336,,,,3.3333333,3.6666667,2.3333333,3.3333333,3.3333333,2.0,,,,50.0,46.666668,,,,2.6666667,1.5,1.5,2.3333333,3.6666667,2.6666667,3.3333333,1.3333334,4.6666665,30.0,38.333332,41.666668,47.22222,,1.0,5.0,1.3333334,4.6666665,5.0,4.6666665,4.3333335,5.0,2.0,,,,,,94.44444,94.44444,,,,5.0,5.0,5.0,1.3333334,4.6666665,1.3333334,4.6666665,96.666664,96.666664,96.666664,96.666664,,1.3333334,4.6666665,1.0,5.0,1.0,5.0,3.0,,84.375,85.416664,,,,5.0,5.0,4.5,5.0,,,96.875,96.875,,,,9.666667,,,7.6666665,5.3333335,5.3333335,7.0,9.0,,,,,1.0,0.0,1.0,0.0,0.0,0.0,,,,,,,0.0,0.0,0.0,0.0,1.0,0.0,0.0,0.0,0.0,1.0,3.0,9.0,,,,,9.666667,4.3333335,3.6666667,,,,,,,,,,,,,,,,,,,,,,,,,,,,,,,,,,,,,,,,,,,,,,,,
CYP_12022023_P2,Cyprus,CYP,2023.0,2023-02-12,Presidential,7.0,,1,1,2,4,50232.0,3,6,0,,67.7466,68.36735,68.026115,,65.28662,61.051586,69.84524,53.57143,76.67824,66.010666,61.165676,70.2381,53.57143,79.06746,7.857143,,2.4285715,3.5714285,2.4285715,3.5714285,1.7142857,4.285714,4.571429,3.6666667,4.714286,4.142857,70.2381,70.2381,67.85715,76.87075,,4.428571,4.428571,4.571429,4.857143,89.28571,89.28571,89.28571,89.28571,,2.25,3.75,2.75,3.25,3.0,58.333332,58.333332,58.333332,58.333332,,4.0,2.0,2.142857,3.857143,1.8333334,4.1666665,2.5714285,3.4285715,58.333332,58.531746,60.416668,59.07738,,1.7142857,4.285714,3.857143,3.0,2.7142856,3.2857144,2.0,4.0,3.4285715,2.142857,3.857143,68.333336,67.14286,68.45238,66.83673,,3.0,3.2857144,2.7142856,3.4285715,3.2857144,2.3333333,4.428571,1.5714285,2.7142856,55.0,48.809525,51.190475,43.02721,,3.2857144,2.7142856,2.142857,2.7142856,3.2857144,3.2857144,2.7142856,2.3333333,3.6666667,45.714287,45.714287,49.305557,49.20635,,2.142857,3.857143,2.2,3.8,4.571429,4.285714,3.5714285,3.5714285,1.25,2.6666667,3.3333333,3.0,1.8333334,4.1666665,77.5,73.57143,64.0,60.392857,,4.571429,4.714286,4.571429,1.3333334,4.6666665,1.5,4.5,96.666664,90.11905,96.666664,90.11905,,1.8571428,4.142857,1.4285715,4.571429,1.2857143,4.714286,2.5,3.8333333,65.625,74.55357,67.5,73.809525,,4.285714,4.285714,3.5,4.285714,1.4285715,4.571429,78.125,77.23214,80.833336,79.64286,,9.857142,,,7.428571,4.714286,6.0,5.142857,8.428572,,0.0,0.0,0.0,1.0,1.0,1.0,1.0,,1.0,,,,,,,0.0,0.0,0.0,0.0,0.5714286,0.42857143,0.0,0.0,0.0,1.0,4.285714,9.285714,,,,,5.142857,5.142857,2.142857,,,,,,,,,,,,,,,,,,,,,,,,,,,,,,,,,,,,,,,,,,,,,,,,
CZE_13102012_S1,Czechia,CZE,2012.0,2012-10-13,Legislative,22.0,,1,1,2,4,29047.246,4,5,1,,74.20796,57.142857,,,79.092865,72.04237,82.59431,73.587875,88.14691,79.03646,71.13321,82.85985,73.01136,89.14142,,,2.3636363,3.6363637,1.9090909,4.090909,1.4545455,4.5454545,,,,,77.27273,77.27273,,,,4.45,4.6363635,4.736842,4.7727275,92.10526,91.22458,92.10526,91.22458,,2.090909,3.909091,1.8181819,4.181818,3.4545455,71.21212,71.21212,71.21212,71.21212,,1.5625,4.4375,1.4705882,4.529412,1.3529412,4.647059,,,89.0625,88.44975,,,,1.4761904,4.5238094,3.7272727,3.4761906,2.2857144,3.7142856,1.4,4.6,,,,78.05556,75.207794,,,,3.15,1.9473684,4.0526314,3.7727273,3.35,2.5,,,,58.636364,59.126793,,,,3.5555556,3.7,2.857143,2.142857,3.857143,1.3125,4.6875,,,72.5,68.286705,,,,1.2380953,4.7619047,1.35,4.65,4.4545455,4.285714,4.0,3.85,1.117647,,,,,,83.333336,83.342354,,,,4.7894735,4.681818,4.818182,1.25,4.75,1.2352941,4.7647057,93.84615,94.0209,93.84615,94.0209,,1.8095238,4.1904764,1.4761904,4.5238094,1.0,5.0,4.2,,87.94643,86.96429,,,,4.4545455,4.409091,4.3,4.3809524,,,84.375,84.65368,,,,8.631579,,,7.4545455,6.181818,6.3636365,7.7272725,8.5,,,,,2.8,0.13636364,0.8636364,0.09090909,0.0,0.09090909,,,,,,,0.0,0.0,0.0,0.0,0.54545456,0.45454547,0.0,0.0,0.0,0.72727275,5.285714,7.904762,,,,,,,,,,,,,,,,,,,,,,,,,,,,,,,,,,,,,,,,,,,,,,,,,,,,,,,
CZE_25102013_L1,Czechia,CZE,2013.0,2013-10-25,Legislative,31.0,,1,1,2,4,30485.715,4,5,1,,77.94244,76.61565,,,81.089455,69.74948,89.42614,76.47177,88.71041,80.548836,69.462364,89.1129,75.0,88.62007,9.032258,,2.064516,3.935484,1.3548387,4.645161,1.3870968,4.612903,,,,,84.946236,84.946236,,,,4.516129,4.548387,4.6666665,4.677419,89.791664,90.053764,89.791664,90.053764,,1.88,4.12,1.6666666,4.3333335,3.8,77.43056,77.111115,77.43056,77.111115,,1.4583334,4.5416665,1.4814814,4.5185184,1.375,4.625,,,89.49275,89.04321,,,,1.3333334,4.6666665,3.935484,3.8333333,2.5172415,3.4827585,1.5714285,4.428571,,,,76.15385,76.73407,,,,2.935484,2.1,3.9,3.7096775,3.387097,2.5,,,,56.666668,57.16129,,,,3.5714285,3.5384614,2.5517242,2.8709676,3.1290324,2.52,3.48,,,57.826088,56.353233,,,,1.1290323,4.870968,1.3214285,4.678571,4.612903,4.7,4.285714,4.4666667,1.1481482,,,,,,91.166664,90.06177,,,,4.678571,4.903226,4.6666665,1.2916666,4.7083335,1.2592592,4.740741,93.181816,93.487686,93.181816,93.487686,,1.6666666,4.3333335,1.3571428,4.642857,1.1111112,4.888889,4.423077,,88.09524,89.30098,,,,4.607143,4.714286,4.185185,4.5666666,,,89.66346,87.958,,,,9.2,,,7.064516,5.290323,5.516129,7.366667,8.193548,,,,,2.7692308,0.16129032,0.9354839,0.06451613,0.0,0.06451613,,,,,,,0.0,0.0,0.032258064,0.032258064,0.4516129,0.5483871,0.0,0.0,0.0,0.87096775,5.5,8.533334,,4.193548,8.066667,8.064516,,,,,,,,,,,,,,,,,,,,,,,,,,,,,,,,,,,,,,,,,,,,,,,,,,,
CZE_25012013_P2,Czechia,CZE,2013.0,2013-01-25,Presidential,19.0,,1,1,2,4,30485.715,4,5,1,,79.28174,80.86735,,,77.12587,74.164444,87.01789,69.682014,77.63913,76.34046,71.48026,87.5,68.75,77.63158,8.263158,,1.9166666,4.0833335,1.5384616,4.4615383,1.4444444,4.5555553,,,,,86.80556,84.17023,,,,3.2631578,4.368421,4.4210525,3.9473684,75.0,75.0,75.0,75.0,,1.0,5.0,1.0,5.0,4.3333335,91.666664,94.44444,91.666664,94.44444,,1.1764706,4.8235292,1.3157895,4.6842103,1.2,4.8,,,95.0,94.23116,,,,1.8333334,4.1666665,4.368421,4.4375,1.7058823,4.2941175,1.6111112,4.388889,,,,85.71429,83.27797,,,,2.6842105,2.1666667,3.8333333,3.4736843,3.1578948,2.2222223,,,,51.666668,51.856728,,,,3.6363637,2.764706,2.6666667,2.4444444,3.5555556,2.0666666,3.9333334,,,55.5,57.783127,,,,1.2631578,4.736842,1.4117647,4.5882354,4.5789475,4.3157897,4.142857,4.2222223,1.1333333,,,,,,84.82143,85.770386,,,,4.5882354,4.7894735,4.7058825,1.2857143,4.714286,1.3076923,4.6923075,91.666664,92.45092,91.666664,92.45092,,2.1052632,3.8947368,1.9444444,4.0555553,1.2222222,4.7777777,3.9375,,77.67857,79.15981,,,,4.3333335,4.3333335,3.8888888,3.7222223,,,76.736115,76.736115,,,,9.210526,,,7.5789475,4.9473686,5.1578946,6.9473686,8.052631,,,,,2.8333333,0.2631579,0.94736844,0.0,0.0,0.05263158,,,,,,,0.0,0.0,0.0,0.0,0.6315789,0.36842105,0.0,0.0,0.0,0.84210527,5.631579,8.842105,,3.5263157,7.1578946,7.0,,,,,,,,,,,,,,,,,,,,,,,,,,,,,,,,,,,,,,,,,,,,,,,,,,,
CZE_21102017_L1,Czechia,CZE,2017.0,2017-10-21,Legislative,30.0,,1,1,2,4,34711.28294,4,5,1,,75.9602,75.42517,,,79.665665,73.28801,86.300705,72.744255,86.3297,79.16811,72.48264,85.87963,71.875,86.43519,8.533334,,2.6,3.4,1.6333333,4.366667,1.3448275,4.6551723,,,,,78.44827,78.51533,,,,3.9666667,4.6,4.206897,4.3333335,82.11207,81.918106,82.11207,81.918106,,2.1,3.9,1.55,4.45,3.7619047,75.0,75.93254,75.0,75.93254,,1.2,4.8,1.2307693,4.769231,1.173913,4.826087,,,95.652176,94.96098,,,,1.2413793,4.7586207,4.0689654,4.034483,2.3703704,3.6296296,1.32,4.68,,,,82.82609,80.85849,,,,2.8666666,2.4,3.6,3.7333333,3.0666666,2.5882354,,,,52.35294,54.27451,,,,3.7142856,3.5,3.6,2.862069,3.137931,2.2173913,3.7826087,1.8571428,4.142857,65.2381,63.674126,67.083336,66.15701,,1.1034483,4.8965516,1.5384616,4.4615383,4.233333,4.586207,4.1538463,4.366667,1.2608696,,,,,,85.98485,86.24226,,,,4.37931,4.766667,3.5333333,1.2307693,4.769231,1.2307693,4.769231,86.041664,86.08886,86.041664,86.08886,,2.5,3.5,1.7241379,4.275862,1.2413793,4.7586207,4.4444447,,81.73077,81.11829,,,,4.4,4.633333,4.206897,4.0,,,82.97414,82.751434,,,,8.9,,,8.1,6.2,6.3333335,7.3448277,7.866667,,,,,3.0,0.16666667,0.8666667,0.13333334,0.033333335,0.033333335,,,,,,,0.0,0.0,0.0,0.0,0.7,0.3,0.0,0.0,0.033333335,0.93333334,5.724138,8.633333,,,,,9.4,5.1,1.6666666,,,,,4.3103447,,,,,,28.8,29.1,6.766667,9.733334,5.4,5.4,,,,,,,,,,,,,,,,,,,,,,,,,,,,,,,,
CZE_27012018_P2,Czechia,CZE,2018.0,2018-01-27,Presidential,23.0,,1,1,2,4,32605.90625,4,5,1,,73.57653,72.19388,,,78.67974,73.57495,85.26016,71.30526,84.57858,77.706825,71.21377,85.44686,69.565216,84.60145,8.304348,,1.3846154,4.6153846,1.5714285,4.428571,1.2857143,4.714286,,,,,91.02564,89.652016,,,,4.0869565,4.347826,4.4347825,4.304348,82.33696,82.33696,82.33696,82.33696,,1.375,4.625,1.4444444,4.5555553,4.111111,86.458336,85.763885,86.458336,85.763885,,1.45,4.55,1.8095238,4.1904764,1.5882353,4.4117646,,,85.29412,84.602005,,,,1.3809524,4.6190476,4.0454545,3.6190476,1.45,4.55,1.5,4.5,,,,82.36842,81.66775,,,,2.9130435,2.6470587,3.3529413,3.5217392,3.173913,2.7692308,,,,52.22222,53.65434,,,,3.2857144,3.4285715,2.7391305,2.5238094,3.4761906,3.4761906,2.5238094,1.7222222,4.2777777,47.5,52.267082,52.083332,57.213306,,1.2608696,4.7391305,1.5,4.5,4.7391305,4.571429,4.15,4.318182,1.1,,,,,,86.666664,87.57446,,,,4.2173915,4.5652175,4.5,1.25,4.75,1.2941177,4.7058825,88.4375,88.69245,88.4375,88.69245,,2.2173913,3.7826087,2.347826,3.652174,1.2173913,4.7826085,4.285714,,76.4881,78.14441,,,,4.304348,4.478261,4.2222223,4.3913045,,,82.291664,83.725845,,,,9.086957,,,7.8636365,4.5652175,5.0,7.478261,8.217391,,,,,2.9130435,0.08695652,0.82608694,0.04347826,0.04347826,0.04347826,,,,,,,0.0,0.0,0.0,0.0,0.73913044,0.26086956,0.0,0.0,0.0,0.9130435,6.0869565,8.434783,,,,,9.391304,5.478261,2.3043478,,,,,,,,,,,,,,,3.3913043,3.3913043,3.6956522,3.6956522,3.4545455,3.5789473,3.5789473,4.0526314,1.5625,1.5625,3.7391305,2.826087,3.6086957,3.6086957,4.095238,4.095238,,,,,,,,,,,,,,,,,,
CZE_08102021_L1,Czechia,CZE,2021.0,2021-10-08,Legislative,8.0,,1,1,2,4,44260.85647237173,4,5,1,,81.72376,79.081635,,,81.07825,78.20685,82.291664,79.24107,84.57341,80.33529,76.8099,81.68403,78.125,84.72222,8.875,,1.875,4.125,1.2857143,4.714286,1.8571428,4.142857,,,,,83.33333,83.184525,,,,4.125,4.75,4.625,4.5,87.5,87.5,87.5,87.5,,1.25,4.75,1.25,4.75,3.75,85.416664,85.416664,85.416664,85.416664,,1.4285715,4.571429,1.4285715,4.571429,1.2857143,4.714286,,,90.47619,90.47619,,,,1.125,4.875,3.75,3.75,2.5,3.5,1.4285715,4.571429,,,,79.28571,77.23214,,,,3.25,2.0,4.0,4.0,3.5,2.5,,,,60.0,61.25,,,,4.142857,4.0,3.625,1.875,4.125,3.142857,2.857143,2.0,4.0,67.5,68.75,68.75,69.791664,,1.125,4.875,1.4285715,4.571429,4.5,4.714286,4.428571,3.875,1.1666666,,,,,,86.666664,87.35119,,,,4.571429,4.75,4.625,1.4285715,4.571429,1.4285715,4.571429,91.666664,90.44643,91.666664,90.44643,,2.5,3.5,1.25,4.75,1.0,5.0,4.142857,,84.82143,83.70536,,,,4.625,4.5,4.375,4.5,,,87.5,87.5,,,,9.0,,,8.5,6.25,7.25,7.5,8.125,,,,,1.0,0.125,1.0,0.125,0.0,0.0,,,,,,,0.0,0.0,0.125,0.0,0.875,0.125,0.0,0.0,0.0,1.0,5.625,8.25,,,,,9.5,5.875,2.125,,,,,,,,,,,,,,,,,,,,,,,,,,,,,,,,,,,,,,,,,,,,,,,,
CZE_24092022_L1,Czechia,CZE,2022.0,2022-09-24,Legislative,5.0,,1,1,2,4,45093.6577688704,4,5,1,,79.55995,81.63265,,,80.375,81.083336,67.361115,82.5,90.55556,79.61111,80.666664,67.77778,80.0,90.0,9.4,,2.0,4.0,1.8,4.2,1.4,4.6,,,,,81.666664,81.666664,,,,4.8,5.0,5.0,5.0,98.75,98.75,98.75,98.75,,1.4,4.6,1.2,4.8,3.0,77.08333,78.333336,77.08333,78.333336,,1.4,4.6,1.2,4.8,1.2,4.8,,,93.333336,93.333336,,,,1.2,4.8,4.4,4.5,2.2,3.8,1.2,4.8,,,,86.25,86.5,,,,4.0,1.8,4.2,4.2,4.0,2.0,,,,70.0,67.0,,,,4.0,3.6,3.75,2.2,3.8,1.5,4.5,2.2,3.8,78.333336,73.25,77.77778,72.708336,,1.0,5.0,1.8,4.2,4.0,4.5,4.0,2.4,1.0,,,,,,64.583336,75.416664,,,,4.4,5.0,4.8,1.0,5.0,1.0,5.0,96.666664,96.0,96.666664,96.0,,2.4,3.6,1.2,4.8,1.0,5.0,4.2,,85.0,85.0,,,,4.0,4.6,4.0,5.0,,,90.625,85.0,,,,9.4,,,8.4,7.6,7.6,8.2,8.4,,1.2,,,1.0,0.0,1.0,0.0,0.0,0.0,,,,,,,0.0,0.0,0.0,0.0,0.6,0.4,0.0,0.0,0.0,0.8,5.6,8.8,,,,,9.8,5.4,2.8,,,,,,,,,,,,,,,,,,,,,,,,,,,,,,,2.0,4.0,3.8,2.8,3.2,1.75,4.25,1.25,4.75,1.0,5.0,1.75,4.25,3.75,1.5,4.5,2.0,4.0
CZE_27012023_P2,Czechia,CZE,2023.0,2023-01-27,Presidential,5.0,,1,1,2,4,48784.0,4,5,1,,80.7398,,79.00538,,77.06771,76.395836,79.68751,65.69444,86.49306,77.197914,77.44444,78.5,65.833336,87.01389,8.8,,2.0,4.0,1.6666666,4.3333335,1.6,4.4,4.6,4.5,4.8,4.6,80.55556,81.111115,85.71429,86.547615,,4.2,4.6,4.4,4.6,86.25,86.25,86.25,86.25,,1.0,5.0,1.0,5.0,1.0,66.666664,66.666664,66.666664,66.666664,,1.0,5.0,1.25,4.75,1.0,5.0,1.25,4.75,100.0,97.916664,100.0,96.875,,1.2,4.8,4.8,4.8,1.75,4.25,2.0,4.0,4.2,3.5,2.5,91.25,88.25,82.14286,79.82143,,3.4,2.75,3.25,3.75,3.8,3.75,4.0,2.0,3.6,60.0,64.75,54.761906,59.107143,,3.0,4.0,3.4,2.6,3.4,1.0,5.0,2.0,4.0,77.5,69.0,77.083336,70.0,,1.6,4.4,1.25,4.75,4.8,4.4,4.6,3.4,1.25,2.2,3.8,3.0,1.0,5.0,86.458336,84.791664,72.5,70.375,,4.0,4.6,4.6,1.5,4.5,1.2,4.8,86.25,87.5,86.25,87.5,,2.6,3.4,2.4,3.6,2.0,4.0,3.8,4.6,67.5,67.5,72.0,72.0,,4.6,4.6,4.25,4.6,1.4,4.6,85.9375,87.8125,87.5,88.25,,9.0,,,8.6,7.6,6.8,7.6,8.4,,0.0,0.0,0.0,1.0,,1.0,1.0,,,,,,,,,0.0,0.0,0.0,0.0,0.6,0.4,0.0,0.0,0.0,1.0,5.6,8.4,,,,,4.2,6.4,3.4,,,,,,,,,,,,,,,,,,,,,,,,,,,,,,,,,,,,,,,,,,,,,,,,
CZE_21092024_L2,Czechia,CZE,2024.0,2024-09-21,Legislative,3.0,,1,1,2,4,49681.0,4,5,1,,76.44558,78.061226,74.19355,,72.638885,82.68518,59.72222,66.203705,81.94444,71.84028,81.43518,57.77778,66.203705,81.94444,9.0,,1.3333334,4.6666665,1.3333334,4.6666665,2.6666667,3.3333333,3.0,1.0,3.6666667,2.0,80.55556,80.55556,42.857143,54.761906,,4.3333335,4.3333335,5.0,5.0,91.666664,91.666664,91.666664,91.666664,,1.6666666,4.3333335,1.6666666,4.3333335,3.0,72.22222,72.22222,72.22222,72.22222,,2.0,4.0,2.0,4.0,1.6666666,4.3333335,3.0,3.0,77.77778,77.77778,70.833336,70.833336,,1.0,5.0,4.6666665,4.6666665,1.5,4.5,1.3333334,4.6666665,4.3333335,2.0,4.0,97.5,92.5,96.42857,88.690475,,3.6666667,2.3333333,3.6666667,3.6666667,3.6666667,1.0,4.0,2.0,3.0,45.0,53.333332,46.42857,48.809525,,4.3333335,4.3333335,3.6666667,2.3333333,3.6666667,2.0,4.0,1.6666666,4.3333335,77.5,75.0,79.16667,76.38889,,1.3333334,4.6666665,1.5,4.5,3.3333333,4.3333335,4.0,1.5,1.0,2.5,3.5,3.0,1.6666666,4.3333335,70.833336,68.05556,55.0,57.916668,,5.0,4.6666665,5.0,1.3333334,4.6666665,1.3333334,4.6666665,100.0,95.0,100.0,95.0,,2.3333333,3.6666667,1.6666666,4.3333335,1.0,5.0,4.6666665,3.6666667,85.416664,85.416664,81.666664,81.666664,,4.6666665,4.3333335,4.6666665,4.6666665,1.6666666,4.3333335,89.583336,89.583336,88.333336,88.333336,,9.0,2.0,,8.666667,8.0,7.3333335,8.333333,9.0,,0.0,0.0,0.0,1.0,1.0,1.0,1.0,1.0,,5.0,2.6666667,0.33333334,5.0,1.0,4.6666665,0.0,0.0,0.0,0.0,0.33333334,0.6666667,0.0,0.0,0.0,1.0,6.3333335,8.333333,,1.0,4.6666665,1.3333334,,,,,,,,,,,,,,,,,,,,,,,,,,,,,,,,,,,,,,,,,,,,,,,,,,,
CIV_25102015_P1,C��te d'Ivoire,CIV,2015.0,2015-10-25,Presidential,8.0,,5,4,1,2,3461.6038,1,2,0,,58.311165,73.46939,,,59.096478,51.92411,64.236115,47.65625,72.56944,61.57769,53.776043,66.666664,51.5625,74.30556,7.125,,2.2857144,3.7142856,2.5714285,3.4285715,1.875,4.125,,,,,69.04762,68.89881,,,,3.5,4.285714,3.875,4.125,73.21429,73.66071,73.21429,73.66071,,3.0,3.0,3.0,3.0,1.75,39.583332,39.583332,39.583332,39.583332,,3.5,2.5,2.375,3.625,2.1666667,3.8333333,,,58.333332,57.98611,,,,1.8571428,4.142857,4.125,4.142857,2.4,3.6,3.125,2.875,,,,73.75,69.42857,,,,3.125,4.5,1.5,3.0,2.625,3.625,,,,44.166668,44.375,,,,2.857143,3.0,1.2857143,3.375,2.625,4.25,1.75,,,28.0,32.589287,,,,1.8333334,4.1666665,2.75,3.25,3.375,3.5,2.0,4.125,1.8333334,,,,,,41.666668,60.069443,,,,4.1666665,3.375,4.0,1.5,4.5,1.625,4.375,78.0,77.083336,78.0,77.083336,,2.75,3.25,1.75,4.25,1.5,4.5,3.5,,70.3125,71.875,,,,3.375,4.0,3.375,3.625,,,66.96429,64.84375,,,,8.142858,,,3.375,4.75,4.375,3.125,4.375,,,,,2.875,0.125,1.0,0.0,0.0,0.0,,,,,,,0.0,0.0,0.0,0.0,0.125,0.0,0.0,0.0,0.0,0.25,4.25,9.0,,3.75,5.875,7.125,,,,,,,,,,,,,,,,,,,,,,,,,,,,,,,,,,,,,,,,,,,,,,,,,,,
CIV_18122016_L1,C��te d'Ivoire,CIV,2016.0,2016-12-18,Legislative,11.0,,4,4,1,2,3719.6245,1,2,0,,56.99584,,,,58.142784,43.503067,46.71677,62.5,79.85129,59.472065,46.410984,51.83081,61.363636,78.28283,7.090909,,2.2222223,3.7777777,2.6666667,3.3333333,2.1818182,3.8181818,,,,,66.666664,66.07744,,,,3.8181818,3.4,4.0,4.3636365,73.4375,72.38636,73.4375,72.38636,,3.857143,2.142857,3.5,2.5,2.5,36.11111,34.523808,36.11111,34.523808,,4.1,1.9,2.9,3.1,2.6666667,3.3333333,,,45.37037,44.444443,,,,2.2727273,3.7272727,3.909091,4.2727275,4.1,1.9,3.4,2.6,,,,56.666668,57.045456,,,,3.0,3.7272727,2.2727273,2.2727273,2.5454545,3.375,,,,40.714287,42.329544,,,,1.75,2.25,1.25,2.4,3.6,3.75,2.25,3.2222223,2.7777777,30.0,30.5,31.770834,32.824074,,2.7,3.3,2.7142856,3.2857144,4.2727275,4.3636365,1.6666666,2.75,1.1428572,,,,,,55.555553,56.828102,,,,3.909091,2.9,3.8,1.3333334,4.6666665,1.4444444,4.5555553,76.111115,74.15656,76.111115,74.15656,,3.8181818,2.1818182,2.0,4.0,2.1,3.9,4.111111,,63.194443,63.705807,,,,3.5454545,3.7,3.1,3.8,,,62.5,63.409092,,,,8.0,,,4.181818,5.5454545,5.090909,3.1818182,5.818182,,,,,2.8,0.18181819,1.0,0.09090909,0.0,0.0,,,,,,,0.09090909,0.09090909,0.09090909,0.18181819,0.45454547,0.0,0.0,0.0,0.0,0.54545456,4.818182,8.090909,,3.8181818,6.6363635,8.454545,,,,,3.4545455,11.636364,11.636364,3.4545455,3.3636363,20.90909,20.90909,21.272728,21.272728,,,,,,,,,,,,,,,,,,,,,,,,,,,,,,,,,,,,,,
CIV_31102020_L1,C��te d'Ivoire,CIV,2020.0,2020-10-31,Legislative,3.0,,5,4,1,2,5465.068781455938,1,2,0,,27.380953,15.816326,,,33.148148,20.555553,33.333336,50.0,28.703703,33.148148,20.555553,33.333336,50.0,28.703703,2.3333333,,5.0,1.0,5.0,1.0,4.6666665,1.3333334,,,,,0.0,2.7777777,,,,1.6666666,2.0,1.3333334,1.6666666,16.666666,16.666666,16.666666,16.666666,,3.6666667,2.3333333,3.6666667,2.3333333,3.0,38.88889,38.88889,38.88889,38.88889,,4.6666665,1.3333334,4.3333335,1.6666666,4.3333335,1.6666666,,,13.888888,13.888888,,,,4.6666665,1.3333334,2.6666667,2.6666667,4.3333335,1.6666666,4.3333335,1.6666666,,,,25.0,25.0,,,,3.3333333,4.6666665,1.3333334,2.6666667,2.6666667,3.6666667,,,,43.333332,43.333332,,,,1.6666666,1.6666666,1.6666666,4.3333335,1.6666666,4.6666665,1.3333334,4.3333335,1.6666666,15.0,15.0,15.277778,15.277778,,4.0,2.0,4.6666665,1.3333334,2.0,3.6666667,3.0,3.3333333,3.0,,,,,,38.88889,38.88889,,,,3.6666667,3.0,3.0,3.3333333,2.6666667,3.6666667,2.3333333,48.333332,48.333332,48.333332,48.333332,,3.6666667,2.3333333,3.0,3.0,4.0,2.0,2.6666667,,37.5,37.5,,,,1.3333334,2.3333333,1.3333334,1.6666666,,,16.666666,16.666666,,,,4.3333335,,,2.6666667,2.6666667,3.3333333,3.0,1.6666666,,,,,2.3333333,0.0,0.6666667,0.0,0.33333334,0.0,,,,,,,0.0,0.0,0.33333334,0.0,0.0,0.33333334,0.0,0.33333334,0.0,0.33333334,3.6666667,9.0,,,,,5.3333335,2.3333333,2.0,,,,,,,,,,,,,,,,,,,,,,,,,,,,,,,,,,,,,,,,,,,,,,,,
CIV_06032021_L1,C��te d'Ivoire,CIV,2021.0,2021-03-06,Legislative,2.0,,5,4,1,2,5939.7641364134,1,2,1,,42.34694,42.34694,,,47.534725,36.666668,46.180557,40.625,66.66667,47.534725,36.666668,46.180557,40.625,66.66667,6.5,,2.0,4.0,2.0,4.0,2.0,4.0,,,,,75.0,75.0,,,,2.0,2.5,1.5,4.0,37.5,37.5,37.5,37.5,,2.0,4.0,2.0,4.0,2.0,58.333332,58.333332,58.333332,58.333332,,3.0,3.0,3.0,3.0,2.0,4.0,,,58.333336,58.333336,,,,3.0,3.0,1.0,2.0,4.0,2.0,2.0,4.0,,,,35.0,35.0,,,,3.0,4.5,1.5,1.0,3.0,3.0,,,,32.5,32.5,,,,1.0,1.0,1.0,3.0,3.0,4.5,1.5,4.0,2.0,12.5,12.5,14.583333,14.583333,,2.0,4.0,4.0,2.0,4.0,3.0,1.5,3.0,1.5,,,,,,47.916664,47.916664,,,,4.0,2.5,2.0,2.0,4.0,2.0,4.0,57.5,57.5,57.5,57.5,,4.0,2.0,2.0,4.0,2.0,4.0,4.0,,62.5,62.5,,,,2.0,4.0,1.0,2.0,,,31.25,31.25,,,,9.0,,,5.5,7.0,7.0,6.0,6.5,,,,,3.0,0.5,0.0,0.0,1.0,0.0,,,,,,,0.0,0.0,0.0,0.0,0.0,0.0,0.0,1.0,0.0,0.0,6.0,9.0,,,,,6.5,6.5,6.5,,,,,,,,,,,,,,,,,,,,,,,,,,,,,,,,,,,,,,,,,,,,,,,,
DNK_18062015_L1,Denmark,DNK,2015.0,2015-06-18,Legislative,18.0,,1,1,2,4,48980.793,4,6,1,,85.121445,88.265305,,,85.39951,83.61865,79.14794,87.84722,90.984245,86.63194,83.62268,80.84491,87.84722,94.21297,9.777778,,1.5555556,4.4444447,1.2777778,4.7222223,1.2352941,4.7647057,,,,,91.17647,91.09477,,,,4.9411764,4.7777777,4.9444447,4.9444447,97.42647,97.54902,97.42647,97.54902,,1.1666666,4.8333335,1.3076923,4.6923075,4.4166665,90.97222,91.1859,90.97222,91.1859,,1.2352941,4.7647057,1.1764706,4.8235292,1.1875,4.8125,,,95.3125,95.00613,,,,1.3888888,4.611111,4.8333335,4.5,1.7222222,4.2777777,1.2222222,4.7777777,,,,90.0,90.0,,,,4.1666665,1.7777778,4.2222223,4.529412,4.388889,1.1428572,,,,67.14286,67.25024,,,,4.3333335,3.235294,2.6470587,1.5,4.5,1.2941177,4.7058825,,,71.875,72.10784,,,,1.0555556,4.9444447,1.0625,4.9375,4.888889,4.8333335,4.5,2.8125,1.5294118,,,,,,89.28571,87.15278,,,,4.8125,4.9411764,4.9444447,1.0909091,4.909091,1.0714285,4.928571,96.666664,97.67892,96.666664,97.67892,,1.0588236,4.9411764,1.117647,4.882353,1.0,5.0,4.111111,,93.05556,93.3415,,,,4.7222223,4.470588,4.75,4.9444447,,,92.578125,93.04534,,,,9.111111,,,9.666667,7.8333335,9.0,8.941176,9.777778,,,,,2.9444444,0.0,1.0,0.0,0.0,0.0,,,,,,,0.0,0.0,0.0,0.0,0.5555556,0.0,0.0,0.0,0.0,0.7777778,4.888889,9.222222,,4.0555553,8.055555,7.9444447,,,,,,,,,,,,,,,,,,,,,,,,,,,,,,,,,,,,,,,,,,,,,,,,,,,
DNK_05062019_L1,Denmark,DNK,2019.0,2019-06-05,Legislative,9.0,,1,1,2,4,58700.97466563119,4,6,1,,83.04361,,,,83.02641,83.245705,74.66242,87.5,86.69753,85.24499,83.49537,76.00309,87.5,93.98148,9.777778,,1.3333334,4.6666665,1.3333334,4.6666665,1.6666666,4.3333335,,,,,88.888885,88.888885,,,,4.4444447,4.7777777,4.888889,5.0,94.44444,94.44444,94.44444,94.44444,,1.4285715,4.571429,1.4285715,4.571429,4.571429,89.28571,89.28571,89.28571,89.28571,,1.375,4.625,1.25,4.75,1.25,4.75,,,92.708336,92.708336,,,,1.0,5.0,4.5555553,4.3333335,1.5555556,4.4444447,1.2222222,4.7777777,,,,90.55556,90.55556,,,,4.3333335,1.8888888,4.111111,4.3333335,4.111111,1.5,,,,60.0,66.94444,,,,4.3333335,2.625,3.1111112,1.7777778,4.2222223,1.7777778,4.2222223,1.6666666,4.3333335,65.0,67.56944,67.708336,70.19676,,1.1111112,4.888889,1.125,4.875,4.6666665,4.7777777,4.5,2.625,1.5,,,,,,84.895836,84.72222,,,,4.888889,4.888889,4.7777777,1.4,4.6,1.1666666,4.8333335,94.0,94.94444,94.0,94.94444,,1.2222222,4.7777777,1.5,4.5,1.125,4.875,3.6666667,,78.125,86.37153,,,,4.7777777,4.75,4.7777777,4.7777777,,,93.75,94.270836,,,,9.222222,,,9.222222,7.4444447,8.222222,8.0,9.666667,,,,,1.4444444,0.0,1.0,0.0,0.0,0.0,,,,,,,0.0,0.0,0.0,0.0,0.6666667,0.33333334,0.0,0.0,0.0,0.8888889,4.4444447,8.777778,,,,,9.444445,4.4444447,1.4444444,,,,,,,,,,,,,,,1.4444444,1.4444444,2.7777777,2.7777777,4.4444447,1.4444444,1.4444444,3.0,1.2857143,1.2857143,4.2222223,3.7777777,1.8888888,1.8888888,2.857143,2.857143,,,,,,,,,,,,,,,,,,
DNK_01112022_L1,Denmark,DNK,2022.0,2022-11-01,Legislative,10.0,,1,1,2,4,64651.2164467137,4,6,1,,85.285675,87.755104,,,86.48925,81.7209,80.55556,91.25,92.43056,87.167534,81.864586,80.55556,91.25,95.0,9.8,,1.5,4.5,1.6,4.4,1.2,4.8,,,,,89.166664,89.166664,,,,4.9,4.8,5.0,5.0,98.125,98.125,98.125,98.125,,1.1428572,4.857143,1.4285715,4.571429,4.714286,92.85714,92.85715,92.85714,92.85715,,1.3,4.7,1.1,4.9,1.2,4.8,,,95.0,95.0,,,,1.0,5.0,4.7,3.8,1.8,4.2,1.1,4.9,,,,88.0,88.0,,,,4.4,1.6,4.4,4.2222223,4.3,2.0,,,,69.0,71.611115,,,,4.2,2.5555556,2.5,1.4,4.6,1.2,4.8,1.1,4.9,66.111115,68.27778,71.296295,73.14815,,1.0,5.0,1.0,5.0,4.9,4.9,4.7,2.9,1.2,,,,,,89.16667,89.16667,,,,5.0,4.7,4.9,1.0,5.0,1.125,4.875,99.166664,97.375,99.166664,97.375,,1.2,4.8,1.2222222,4.7777777,1.1111112,4.888889,4.2,,95.0,91.666664,,,,5.0,4.7777777,4.8,4.9,,,97.22222,96.736115,,,,9.6,,,9.7,8.3,8.8,8.9,9.9,,1.2,,,1.4,0.0,1.0,0.0,0.0,0.0,,,,,,,0.0,0.0,0.0,0.0,0.8,0.2,0.0,0.0,0.0,1.0,4.6,8.4,,,,,10.0,6.0,3.1,,,,,,,,,,,,,,,,,,,,,,,,,,,,,,,1.1,4.9,4.7777777,1.2,4.8,1.1,4.9,1.2,4.8,1.4,4.6,1.2,4.8,4.2222223,1.2,4.8,1.2222222,4.7777777
DJI_22022013_L1,Djibouti,DJI,2013.0,2013-02-22,Legislative,5.0,,6,5,0,2,2976.3782,1,1,0,,,,,,20.407986,19.930555,15.451389,26.25,20.0,21.572916,19.416664,20.625,26.25,20.0,2.2,,4.2,1.8,4.8,1.2,3.8,2.2,,,,,18.333334,18.333334,,,,1.8,1.6666666,1.5,2.0,14.583333,18.541666,14.583333,18.541666,,3.0,3.0,3.0,3.0,2.25,43.75,43.75,43.75,43.75,,4.0,2.0,4.25,1.75,4.5,1.5,,,16.666666,18.75,,,,4.2,1.8,1.5,1.8,4.0,2.0,4.4,1.6,,,,13.333333,18.5,,,,1.8,4.8,1.2,1.4,2.2,3.6,,,,26.0,26.0,,,,1.4,1.6666666,1.4,4.0,2.0,4.2,1.8,,,18.333334,16.333334,,,,4.6666665,1.3333334,4.25,1.75,2.75,2.6,,1.0,1.0,,,,,,,,,,,1.6666666,1.3333334,1.6,3.6,2.4,4.2,1.8,17.5,19.0,17.5,19.0,,4.0,2.0,2.8,3.2,3.6,2.4,1.6,,32.5,32.5,,,,1.2,2.75,1.2,2.2,,,23.4375,20.9375,,,,7.2,,,2.2,2.0,2.0,2.0,2.6,,,,,3.0,0.0,0.8,0.4,0.2,0.0,,,,,,,0.0,0.0,0.0,0.0,0.0,1.0,0.0,0.0,0.0,0.2,3.8,7.2,,6.6,7.4,7.4,,,,,,,,,,,,,,,,,,,,,,,,,,,,,,,,,,,,,,,,,,,,,,,,,,,
DJI_08042016_P1,Djibouti,DJI,2016.0,2016-04-08,Presidential,6.0,,6,5,0,2,3342.4773,1,1,0,,37.54252,39.795918,,,28.413193,23.409723,28.29861,30.416666,31.527779,28.696468,23.003473,29.51389,29.166666,33.101852,3.1666667,,3.8,2.2,4.3333335,1.6666666,3.6,2.4,,,,,28.333334,27.222221,,,,2.8333333,3.6,2.6,2.4,42.1875,46.458332,42.1875,46.458332,,3.25,2.75,3.5,2.5,1.6666666,36.11111,32.63889,36.11111,32.63889,,4.5,1.5,4.3333335,1.6666666,4.0,2.0,,,20.833332,18.055555,,,,4.0,2.0,2.5,2.6,3.8,2.2,4.6666665,1.3333334,,,,26.25,28.166666,,,,2.0,4.3333335,1.6666666,2.0,2.0,3.75,,,,32.5,32.083332,,,,1.5,1.5,1.8333334,4.6666665,1.3333334,4.3333335,1.6666666,4.0,2.0,11.666667,14.166666,13.888889,15.972222,,3.0,3.0,4.0,2.0,3.75,2.6,2.3333333,1.75,1.8,,,,,,50.0,39.305557,,,,3.0,3.8,2.0,3.8,2.2,3.8,2.2,47.5,41.0,47.5,41.0,,4.4,1.6,3.0,3.0,2.0,4.0,2.25,,46.875,42.8125,,,,1.8333334,3.3333333,2.0,2.6666667,,,36.458332,36.458332,,,,7.3333335,,,3.0,4.0,3.2,4.6,2.4,,,,,3.0,0.0,1.0,0.0,0.0,0.16666667,,,,,,,0.0,0.0,0.0,0.0,0.16666667,0.0,0.0,0.0,0.0,0.16666667,4.1666665,8.666667,,5.1666665,6.1666665,6.8333335,,,,,2.6666667,3.0,3.0,35.166668,17.666666,35.333332,35.333332,19.5,19.5,,,,,,,,,,,,,,,,,,,,,,,,,,,,,,,,,,,,,,
DJI_23022018_L1,Djibouti,DJI,2018.0,2018-02-23,Legislative,2.0,,6,5,0,2,3342.477294921875,1,1,0,,24.489796,24.489796,,,36.336803,23.124998,30.555555,37.5,54.166664,36.72309,23.28125,30.555555,37.5,55.555557,2.5,,5.0,1.0,5.0,1.0,3.0,3.0,,,,,16.666666,16.666666,,,,3.0,3.0,1.0,3.5,40.625,40.625,40.625,40.625,,4.0,2.0,5.0,1.0,2.0,16.666666,16.666666,16.666666,16.666666,,4.0,2.0,4.0,2.0,3.0,3.0,,,33.333336,33.333336,,,,4.5,1.5,2.0,3.5,4.5,1.5,3.0,3.0,,,,32.5,32.5,,,,2.0,5.0,1.0,2.0,2.0,4.0,,,,30.0,30.0,,,,1.5,2.0,1.5,3.0,3.0,5.0,1.0,3.0,3.0,20.0,20.0,25.0,25.0,,2.5,3.5,4.5,1.5,3.5,3.5,2.5,1.5,1.5,,,,,,41.666668,41.666668,,,,2.0,3.5,1.5,2.0,4.0,4.0,2.0,30.0,40.0,30.0,40.0,,4.5,1.5,4.0,2.0,2.0,4.0,3.5,,43.75,43.75,,,,1.5,3.5,1.5,3.0,,,34.375,34.375,,,,6.5,,,2.5,2.0,2.5,2.0,1.5,,,,,3.0,0.0,1.0,0.0,0.0,0.0,,,,,,,0.0,0.0,0.0,0.0,0.5,0.5,0.0,0.0,0.0,0.5,6.0,9.0,,,,,2.0,2.5,2.5,,,,,,,,,,,,,,,2.5,2.5,2.0,2.0,2.0,4.5,4.5,2.5,3.5,3.5,2.0,2.0,4.5,4.5,3.0,3.0,,,,,,,,,,,,,,,,,,
DJI_09042021_P1,Djibouti,DJI,2021.0,2021-04-09,Presidential,3.0,,7,5,0,2,5925.79529621207,1,1,0,,35.969387,,,,33.3912,21.527777,34.72222,29.166666,48.148148,33.721066,21.111109,36.458332,29.166666,48.148148,3.0,,4.3333335,1.6666666,4.6666665,1.3333334,3.3333333,2.6666667,,,,,22.222221,22.222221,,,,2.6666667,3.0,2.0,3.3333333,43.75,43.75,43.75,43.75,,4.0,2.0,4.0,2.0,2.0,25.0,25.0,25.0,25.0,,4.0,2.0,3.6666667,2.3333333,3.3333333,2.6666667,,,33.333332,33.333332,,,,4.0,2.0,2.3333333,3.0,4.3333335,1.6666666,4.0,2.0,,,,30.0,30.0,,,,2.0,4.6666665,1.3333334,2.0,2.0,2.3333333,,,,23.333334,23.333334,,,,1.6666666,1.6666666,1.3333334,4.3333335,1.6666666,4.0,2.0,3.0,3.0,16.666666,16.666666,22.222221,22.222221,,3.0,3.0,3.0,3.0,2.3333333,2.6666667,2.0,2.0,2.0,,,,,,37.5,37.5,,,,3.0,3.0,3.0,3.3333333,2.6666667,3.3333333,2.6666667,45.0,46.666668,45.0,46.666668,,3.3333333,2.6666667,2.5,3.5,2.6666667,3.3333333,3.0,,50.0,53.125,,,,2.3333333,2.3333333,2.0,2.3333333,,,31.25,31.25,,,,5.6666665,,,3.5,3.0,3.5,2.5,2.5,,,,,2.3333333,0.33333334,1.0,0.0,0.0,0.0,,,,,,,0.0,0.0,0.0,0.0,0.0,1.0,0.0,0.0,0.0,0.0,4.3333335,7.3333335,,,,,7.3333335,4.6666665,2.0,,,,,,,,,,,,,,,,,,,,,,,,,,,,,,,,,,,,,,,,,,,,,,,,
DOM_15052016_P1,Dominican Republic,DOM,2016.0,2016-05-15,Presidential,9.0,,3,3,1,2,15208.914,2,9,0,,60.051018,49.489796,,,53.545387,37.798447,56.668594,52.77778,66.93673,52.15085,34.066357,55.709877,52.77778,66.049385,5.6666665,,3.75,2.25,3.625,2.375,2.2222223,3.7777777,,,,,45.833332,45.023148,,,,2.4444444,2.375,3.4444444,3.7777777,51.5625,50.260418,51.5625,50.260418,,2.0,4.0,2.6666667,3.3333333,4.0,75.0,69.44444,75.0,69.44444,,3.125,2.875,2.6666667,3.3333333,2.0,4.0,,,65.47619,60.069443,,,,2.5,3.5,3.3333333,3.2857144,4.111111,1.8888888,2.4285715,3.5714285,,,,65.0,52.896828,,,,2.4444444,3.5555556,2.4444444,1.5555556,2.4444444,3.875,,,,40.0,38.819443,,,,1.375,1.625,1.5,3.6666667,2.3333333,4.5555553,1.4444444,3.8888888,2.1111112,17.857143,16.38889,20.238094,18.287037,,2.5,3.5,3.75,2.25,3.1111112,3.7777777,3.4,4.0,1.0,,,,,,63.541668,58.495373,,,,3.0,2.2222223,2.75,1.8888888,4.111111,2.0,4.0,57.857143,55.416668,57.857143,55.416668,,4.2222223,1.7777778,4.0,2.0,3.3333333,2.6666667,3.625,,39.84375,37.93403,,,,2.7777777,3.2222223,2.7777777,2.3333333,,,44.444443,44.444443,,,,9.111111,,,3.4444444,5.111111,4.0,4.111111,4.2222223,,,,,2.6666667,0.44444445,0.8888889,0.33333334,0.33333334,0.11111111,,,,,,,0.0,0.0,0.0,0.0,0.44444445,0.0,0.0,0.0,0.11111111,0.7777778,3.7777777,9.222222,,5.111111,8.222222,9.0,,,,,3.4444444,2.5555556,2.5555556,3.6666667,3.4444444,4.5555553,4.5555553,4.5555553,4.5555553,,,,,,,,,,,,,,,,,,,,,,,,,,,,,,,,,,,,,,
DOM_05072020_P1,Dominican Republic,DOM,2020.0,2020-07-05,Presidential,4.0,,3,3,1,3,17934.193252564604,2,9,0,,70.12472,,,,66.25,61.875,63.368057,64.0625,75.69444,66.614586,60.208332,66.49306,64.0625,75.69444,7.75,,2.25,3.75,3.0,3.0,1.0,5.0,,,,,72.916664,72.916664,,,,3.75,3.25,4.5,4.5,75.0,75.0,75.0,75.0,,1.0,5.0,1.0,5.0,4.6666665,95.83333,97.22222,95.83333,97.22222,,2.5,3.5,2.25,3.75,2.3333333,3.6666667,,,69.44444,65.97222,,,,1.0,5.0,3.75,2.3333333,2.25,3.75,1.75,4.25,,,,66.666664,70.416664,,,,3.0,2.75,3.25,3.0,3.5,3.0,,,,43.333332,53.75,,,,3.0,3.0,2.0,3.25,2.75,4.25,1.75,4.0,2.0,37.5,37.5,35.416668,35.416668,,1.5,4.5,3.25,2.75,4.5,4.0,1.0,4.3333335,1.0,,,,,,64.58333,62.84722,,,,3.75,4.25,4.0,1.75,4.25,1.75,4.25,77.5,77.5,77.5,77.5,,1.5,4.5,1.75,4.25,1.0,5.0,3.5,,82.8125,82.8125,,,,3.0,4.25,3.75,3.75,,,67.1875,67.1875,,,,8.5,,,6.5,5.75,5.0,6.0,7.25,,,,,1.0,0.25,0.75,0.25,0.0,0.0,,,,,,,0.0,0.0,0.25,0.0,0.0,0.75,0.0,0.0,0.0,0.5,4.0,8.5,,,,,9.25,6.0,2.5,,,,,,,,,,,,,,,,,,,,,,,,,,,,,,,,,,,,,,,,,,,,,,,,
DOM_19052024_P1,Dominican Republic,DOM,2024.0,2024-05-19,Presidential,5.0,,3,3,1,3,23088.0,2,9,0,,50.255104,50.255104,59.06586,52.82258,58.925346,48.993057,62.333332,55.0,69.375,59.59722,49.34722,63.625,55.0,70.416664,7.8,,2.4,3.6,3.4,2.6,1.2,4.8,3.6,3.0,4.6,4.6,66.666664,66.666664,70.71429,70.71429,,4.2,4.4,4.4,4.2,82.5,82.5,82.5,82.5,,3.0,3.0,3.0,3.0,3.0,50.0,50.0,50.0,50.0,,3.0,3.0,2.8,3.2,3.3333333,2.6666667,3.4,2.6,41.666668,48.88889,41.666668,46.666668,,2.0,4.0,2.8,2.0,2.25,3.75,2.25,3.75,3.2,1.8,4.2,53.333332,56.5,55.95238,59.642857,,2.4,4.0,2.0,2.2,2.0,2.6666667,3.2,2.8,2.8,25.0,31.333334,30.952381,35.238094,,3.4,2.2,1.8,4.2,1.8,4.8,1.2,4.6,1.4,27.0,27.0,24.166666,24.166666,,2.6,3.4,3.2,2.8,4.4,4.4,4.25,4.4,1.3333334,4.0,2.0,2.5,2.75,3.25,75.0,73.541664,54.375,53.5,,4.75,4.6,4.0,1.4,4.6,1.4,4.6,86.25,87.75,86.25,87.75,,2.4,3.6,2.5,3.5,2.25,3.75,4.0,3.0,65.625,67.8125,58.333332,64.25,,4.0,3.8,4.0,3.8,1.75,4.25,73.4375,72.5,68.333336,74.25,,8.6,1.0,,5.0,5.6,3.6,4.0,6.6,,0.0,0.0,0.0,1.6,1.0,1.0,1.0,,1.0,6.2,3.2,0.2,5.0,1.0,3.8,0.0,0.0,0.0,0.0,0.6,0.4,0.0,0.0,0.0,1.0,3.8,8.6,,3.4,5.8,1.8,,,,,,,,,,,,,,,,,,,,,,,,,,,,,,,,,,,,,,,,,,,,,,,,,,,
ECU_17022013_P1,Ecuador,ECU,2013.0,2013-02-17,Presidential,13.0,,3,3,1,3,11037.347,2,9,0,,55.082222,60.204082,,,60.707695,43.385296,73.35664,58.61378,67.475075,60.117523,42.339745,73.23718,58.653847,66.23932,6.6153846,,3.7692308,2.2307692,4.0,2.0,2.1538463,3.8461537,,,,,42.307693,42.307693,,,,3.4615386,4.0,3.2307692,3.6923077,64.0625,64.90385,64.0625,64.90385,,3.5,2.5,3.75,2.25,2.6666667,36.805553,36.805557,36.805553,36.805557,,2.8181818,3.1818182,2.6363637,3.3636363,2.375,3.625,,,60.416668,59.753788,,,,3.0,3.0,4.25,3.8333333,3.6153846,2.3846154,2.8181818,3.1818182,,,,60.0,58.248837,,,,2.6153846,3.0833333,2.9166667,2.3076923,2.75,3.0,,,,35.625,42.94872,,,,2.6923077,2.7272727,2.3636363,2.75,3.25,4.4166665,1.5833334,,,39.444443,38.082752,,,,1.9090909,4.090909,2.3,3.7,3.6923077,3.9230769,3.5454545,4.4615383,1.5714285,,,,,,72.22222,72.55536,,,,3.6666667,3.6923077,3.7272727,2.25,3.75,2.1666667,3.8333333,70.55556,68.3479,70.55556,68.3479,,2.6923077,3.3076923,2.6923077,3.3076923,1.5833334,4.4166665,3.8,,66.875,67.70032,,,,2.3846154,3.8461537,3.2307692,2.9230769,,,52.403847,52.403847,,,,8.666667,,,3.6153846,4.076923,3.3076923,4.230769,4.0,,,,,2.8333333,0.07692308,1.0,0.07692308,0.0,0.15384616,,,,,,,0.0,0.0,0.0,0.0,0.23076923,0.7692308,0.0,0.0,0.0,0.46153846,4.0,8.166667,,4.3076925,5.3846154,6.230769,,,,,,,,,,,,,,,,,,,,,,,,,,,,,,,,,,,,,,,,,,,,,,,,,,,
ECU_02042017_P2,Ecuador,ECU,2017.0,2017-04-02,Presidential,13.0,,3,4,1,3,11286.174,2,9,0,,35.54734,33.290817,,,51.12776,38.028503,62.97632,52.47669,51.029526,51.975163,38.34936,62.713676,55.28846,51.549145,4.923077,,3.8461537,2.1538463,4.230769,1.7692307,2.9230769,3.0769231,,,,,33.333332,33.333332,,,,2.7692308,3.6923077,2.5384614,3.2307692,51.442307,51.442307,51.442307,51.442307,,3.4285715,2.5714285,4.375,1.625,2.75,35.714287,32.886906,35.714287,32.886906,,3.2727273,2.7272727,3.7272727,2.2727273,4.0,2.0,,,32.5,33.333332,,,,2.6666667,3.3333333,3.8461537,3.3846154,4.230769,1.7692307,3.25,2.75,,,,49.583332,50.416668,,,,2.3333333,4.090909,1.9090909,2.3333333,2.9166667,3.3333333,,,,37.272728,39.128788,,,,2.9,2.2857144,2.0,2.9166667,3.0833333,4.3846154,1.6153846,3.0,3.0,33.57143,34.42216,33.92857,37.018467,,2.5,3.5,3.3333333,2.6666667,4.0833335,4.076923,4.0,4.230769,1.875,,,,,,69.583336,68.99039,,,,3.4545455,2.4166667,2.8461537,3.090909,2.909091,2.7692308,3.2307692,47.272728,49.28613,47.272728,49.28613,,4.4615383,1.5384616,4.1538463,1.8461539,3.0,3.0,3.0,,33.522728,33.653847,,,,2.0769231,3.4545455,2.5384614,2.4615386,,,38.636364,40.82168,,,,9.0,,,3.8461537,3.8461537,3.8461537,5.0,3.6923077,,,,,2.8461537,0.23076923,1.0,0.07692308,0.07692308,0.15384616,,,,,,,0.0,0.0,0.0,0.0,0.3846154,0.61538464,0.0,0.0,0.0,0.6923077,4.1538463,8.615385,,,,,7.076923,5.0,2.3846154,,,,,3.4615386,,,,,,10.833333,17.384615,9.923077,10.0,17.846153,17.846153,,,,,,,,,,,,,,,,,,,,,,,,,,,,,,,,
ECU_11042021_P2,Ecuador,ECU,2021.0,2021-04-11,Presidential,3.0,,2,3,2,3,11661.193168490674,2,9,0,,63.435375,61.989796,,,69.87269,54.72222,68.98148,72.916664,82.87037,70.104164,54.72222,70.37037,72.916664,82.4074,8.0,,2.3333333,3.6666667,1.6666666,4.3333335,1.6666666,4.3333335,,,,,77.77778,77.77778,,,,4.0,4.6666665,4.3333335,4.3333335,83.333336,83.333336,83.333336,83.333336,,3.0,3.0,2.6666667,3.3333333,3.6666667,58.333332,58.333332,58.333332,58.333332,,4.0,2.0,3.0,3.0,3.5,2.5,,,33.333332,37.5,,,,3.0,3.0,4.6666665,4.3333335,4.0,2.0,3.0,3.0,,,,60.0,60.0,,,,3.0,2.0,4.0,3.6666667,3.0,3.3333333,,,,60.0,60.0,,,,4.3333335,3.6666667,1.6666666,3.0,3.0,2.3333333,3.6666667,2.3333333,3.6666667,56.666668,56.666668,58.333332,58.333332,,1.6666666,4.3333335,2.6666667,3.3333333,4.0,4.3333335,3.6666667,4.3333335,2.5,,,,,,75.0,75.0,,,,4.0,3.3333333,3.6666667,1.6666666,4.3333335,1.6666666,4.3333335,73.333336,73.333336,73.333336,73.333336,,2.3333333,3.6666667,2.3333333,3.6666667,1.3333334,4.6666665,4.5,,75.0,78.125,,,,3.0,4.0,3.6666667,3.0,,,60.416668,60.416668,,,,9.0,,,4.6666665,6.0,4.6666665,7.6666665,5.6666665,,,,,1.0,0.0,1.0,0.0,0.0,0.0,,,,,,,0.0,0.0,0.0,0.0,0.6666667,0.33333334,0.0,0.0,0.0,0.6666667,5.0,9.0,,,,,10.0,5.3333335,1.3333334,,,,,,,,,,,,,,,,,,,,,,,,,,,,,,,,,,,,,,,,,,,,,,,,
ECU_07022021_L1,Ecuador,ECU,2021.0,2021-02-07,Legislative,3.0,,2,3,2,3,11661.193168490674,2,9,0,,52.29592,52.29592,,,52.123844,30.486113,66.666664,43.75,67.59259,52.071762,30.277779,66.666664,43.75,67.59259,6.3333335,,3.0,3.0,3.0,3.0,3.0,3.0,,,,,50.0,50.0,,,,4.0,3.6666667,3.6666667,3.6666667,68.75,68.75,68.75,68.75,,4.0,2.0,3.5,2.5,2.0,29.166666,29.166666,29.166666,29.166666,,3.6666667,2.3333333,3.3333333,2.6666667,3.3333333,2.6666667,,,38.88889,38.88889,,,,4.3333335,1.6666666,3.3333333,3.6666667,4.3333335,1.6666666,4.0,2.0,,,,36.666668,36.666668,,,,2.0,3.6666667,2.3333333,2.3333333,3.3333333,2.3333333,,,,36.666668,36.666668,,,,4.0,2.3333333,1.3333334,4.3333335,1.6666666,4.0,2.0,3.6666667,2.3333333,31.666666,31.666666,31.944445,31.944445,,2.0,4.0,3.3333333,2.6666667,4.0,3.3333333,4.3333335,4.6666665,4.0,,,,,,70.833336,70.833336,,,,4.0,3.3333333,3.6666667,1.6666666,4.3333335,1.6666666,4.3333335,73.333336,73.333336,73.333336,73.333336,,2.3333333,3.6666667,3.3333333,2.6666667,1.6666666,4.3333335,3.6666667,,64.583336,64.583336,,,,2.0,3.3333333,2.6666667,2.3333333,,,39.583332,39.583332,,,,8.666667,,,2.6666667,3.6666667,3.6666667,5.3333335,4.3333335,,,,,1.0,0.0,1.0,0.0,0.0,0.0,,,,,,,0.0,0.0,0.0,0.33333334,0.33333334,0.33333334,0.0,0.0,0.0,0.6666667,4.3333335,5.6666665,,,,,9.666667,5.6666665,1.6666666,,,,,,,,,,,,,,,,,,,,,,,,,,,,,,,,,,,,,,,,,,,,,,,,
ECU_15102023_P2,Ecuador,ECU,2023.0,2023-10-15,Presidential,8.0,,3,3,1,3,13530.0,2,9,0,,61.516037,59.69388,63.74184,60.080647,62.620598,53.958332,61.88244,61.011906,73.629715,62.679035,54.570312,60.729164,62.15278,73.263885,7.25,,1.875,4.125,1.75,4.25,2.125,3.875,4.142857,3.25,4.0,4.428571,77.083336,77.083336,76.78571,75.255104,,3.875,4.125,4.125,4.375,78.125,78.125,78.125,78.125,,2.6666667,3.3333333,1.6666666,4.3333335,3.0,63.88889,63.88889,63.88889,63.88889,,2.7142856,3.2857144,2.375,3.625,2.142857,3.857143,3.0,3.0,68.05556,64.73215,63.541668,61.049107,,2.142857,3.857143,3.625,3.5,4.0,2.0,2.375,3.625,3.375,4.75,1.25,55.0,58.035713,48.469387,50.829082,,3.0,2.625,3.375,3.625,3.25,3.6,4.285714,1.7142857,3.25,63.0,59.25,57.142857,52.90816,,4.142857,3.2,2.1666667,3.142857,2.857143,3.0,3.0,3.0,3.0,48.75,51.833332,43.055557,51.52778,,3.5714285,2.4285715,2.2857144,3.7142856,3.75,4.375,4.285714,3.5,3.142857,3.0,3.0,2.857143,3.2857144,2.7142856,65.833336,66.88988,50.0,51.5625,,4.142857,4.0,4.285714,2.0,4.0,2.142857,3.857143,75.0,76.42857,75.0,76.42857,,1.7142857,4.285714,2.375,3.625,1.625,4.375,4.0,3.7142856,73.4375,76.78571,72.5,75.0,,3.625,4.125,3.875,3.625,2.5,3.5,70.3125,70.3125,68.75,68.75,,9.125,,,3.25,4.125,3.5,5.625,5.75,,0.0,0.0,0.0,1.0,1.0,1.0,1.0,1.0,,,,,,,,0.0,0.0,0.0,0.0,0.0,0.75,0.125,0.125,0.0,1.0,5.25,8.875,,,,,3.25,6.125,3.0,,,,,,,,,,,,,,,,,,,,,,,,,,,,,,,,,,,,,,,,,,,,,,,,
EGY_26052014_P1,Egypt,EGY,2014.0,2014-05-26,Presidential,6.0,,6,5,0,2,10407.34,1,8,0,,40.051018,33.67347,,,37.52778,23.375,58.333332,23.125,45.27778,38.022278,24.07986,61.458332,23.958334,42.59259,4.8333335,,4.0,2.0,4.0,2.0,3.6666667,2.3333333,,,,,25.0,27.777779,,,,3.0,3.8333333,2.3333333,2.8333333,50.0,50.0,50.0,50.0,,3.5,2.5,3.5,2.5,2.5,37.5,37.5,37.5,37.5,,4.0,2.0,4.0,2.0,3.75,2.25,,,27.777779,27.083334,,,,4.8,1.2,1.6,1.6,4.25,1.75,4.0,2.0,,,,13.75,15.75,,,,1.5,4.8,1.2,2.5,1.8333334,3.8,,,,27.0,29.166666,,,,2.0,1.6,1.6666666,3.6,2.4,4.4,1.6,,,21.25,21.333334,,,,2.4,3.6,3.6,2.4,3.6666667,2.5,3.0,4.3333335,1.6,,,,,,56.25,56.25,,,,3.0,3.4,3.2,3.0,3.0,3.0,3.0,61.666668,53.0,61.666668,53.0,,3.1666667,2.8333333,2.6,3.4,2.4,3.6,3.0,,53.75,55.208332,,,,2.0,3.6666667,1.8,2.6,,,36.25,37.916668,,,,8.2,,,4.6666665,3.5,3.8,3.8333333,4.3333335,,,,,2.8,0.33333334,0.6666667,0.16666667,0.33333334,0.16666667,,,,,,,0.0,0.0,0.0,0.16666667,0.16666667,0.6666667,0.0,0.0,0.0,0.6666667,4.6666665,7.4,,4.0,7.0,7.5,,,,,,,,,,,,,,,,,,,,,,,,,,,,,,,,,,,,,,,,,,,,,,,,,,,
EGY_02122015_L1,Egypt,EGY,2015.0,2015-12-02,Legislative,5.0,,6,5,0,2,10749.095,1,8,0,,51.190475,55.10204,,,46.501736,35.381943,67.56944,28.75,54.305557,46.35764,32.791668,70.416664,27.5,54.72222,4.4,,4.25,1.75,3.5,2.5,3.0,3.0,,,,,66.666664,35.416664,,,,3.0,3.75,3.25,3.75,60.9375,60.9375,60.9375,60.9375,,3.8,2.2,3.3333333,2.6666667,2.4,41.666664,35.555553,41.666664,35.555553,,2.3333333,3.6666667,3.0,3.0,2.3333333,3.6666667,,,61.11111,61.11111,,,,4.0,2.0,3.8,4.2,2.6666667,3.3333333,3.4,2.6,,,,60.0,54.666668,,,,1.8,4.0,2.0,1.75,2.6666667,2.5,,,,45.0,28.583334,,,,1.6666666,2.0,2.0,4.2,1.8,3.3333333,2.6666667,,,25.0,25.666666,,,,2.3333333,3.6666667,2.3333333,3.6666667,3.6,2.4,2.5,4.25,2.0,,,,,,58.333332,58.680553,,,,4.0,3.8,3.75,2.6,3.4,3.0,3.0,61.666668,64.75,61.666668,64.75,,3.5,2.5,2.5,3.5,2.0,4.0,2.8,,54.166668,55.0,,,,2.8,3.2,2.5,3.0,,,46.875,46.875,,,,6.8,,,4.8,3.0,2.6,3.0,5.2,,,,,2.8,0.2,1.0,0.2,0.2,0.2,,,,,,,0.0,0.0,0.0,0.0,0.2,0.0,0.0,0.0,0.0,0.2,3.0,7.0,,3.4,6.8,7.0,,,,,,,,,,,,,,,,,,,,,,,,,,,,,,,,,,,,,,,,,,,,,,,,,,,
EGY_28032018_P1,Egypt,EGY,2018.0,2018-03-28,Presidential,7.0,,6,6,0,2,10550.2060546875,1,8,0,,37.02381,,,,28.985449,20.154762,55.77381,13.690476,26.322752,30.080606,21.116072,55.654762,15.178572,28.373016,2.5714285,,3.5,2.5,4.5,1.5,4.2,1.8,,,,,20.833332,23.333334,,,,2.5714285,3.6666667,1.8571428,2.5714285,40.625,41.666668,40.625,41.666668,,2.5,3.5,4.0,2.0,2.5,41.666664,41.666668,41.666664,41.666668,,3.2,2.8,3.4,2.6,2.5,3.5,,,75.0,49.166668,,,,4.857143,1.1428572,2.5,1.6666666,4.1666665,1.8333334,4.5,1.5,,,,17.5,18.214285,,,,1.5714285,3.6666667,2.3333333,1.7142857,1.7142857,2.3333333,,,,15.0,23.333334,,,,1.4,1.5,1.1666666,3.6666667,2.3333333,4.285714,1.7142857,4.428571,1.5714285,10.0,15.571428,10.416666,15.357142,,3.5714285,2.4285715,4.0,2.0,3.5714285,1.1428572,3.8,4.5,1.25,,,,,,42.708332,47.67857,,,,2.8333333,3.5714285,2.2,4.285714,1.7142857,4.285714,1.7142857,23.75,35.166668,23.75,35.166668,,2.4,3.6,2.0,4.0,1.8333334,4.1666665,1.8333334,,62.5,60.0,,,,1.7142857,3.0,1.8333334,2.2857144,,,22.5,30.208334,,,,8.714286,,,6.0,1.6666666,1.5,2.1666667,3.6666667,,,,,2.7142856,0.0,1.0,0.14285715,0.0,0.0,,,,,,,0.0,0.14285715,0.0,0.0,0.14285715,0.71428573,0.0,0.14285715,0.0,0.2857143,3.4285715,6.714286,,,,,8.285714,5.571429,1.8571428,,,,,,,,,,,,,,,4.0,4.0,3.5,3.5,1.3333334,2.4,2.4,3.0,1.6666666,1.6666666,1.1666666,1.1666666,3.8333333,3.8333333,4.5,4.5,,,,,,,,,,,,,,,,,,
EGY_24102020_L1,Egypt,EGY,2020.0,2020-10-24,Legislative,3.0,,6,6,0,2,12605.97573726805,1,8,0,,35.204082,,,,20.208332,11.041667,39.930557,18.75,11.111112,16.357061,14.965278,30.555555,18.75,9.259259,1.5,,5.0,1.0,5.0,1.0,4.6666665,1.3333334,,,,,2.7777777,2.7777777,,,,2.0,2.0,1.3333334,1.6666666,18.75,18.75,18.75,18.75,,1.5,4.5,3.5,2.5,2.0,50.0,50.0,50.0,50.0,,3.5,2.5,3.5,2.5,3.5,2.5,,,37.5,37.5,,,,5.0,1.0,1.5,2.0,5.0,1.0,5.0,1.0,,,,0.0,7.5,,,,1.0,3.0,3.0,1.0,1.0,4.0,,,,35.0,25.0,,,,1.0,1.0,1.0,4.0,2.0,4.5,1.5,4.5,1.5,7.5,7.5,8.333333,8.333333,,4.0,2.0,4.5,1.5,2.5,1.5,1.0,4.0,2.0,,,,,,,27.083334,,,,1.5,2.5,1.5,5.0,1.0,5.0,1.0,12.5,12.5,12.5,12.5,,4.5,1.5,3.5,2.5,2.0,4.0,1.5,,50.0,34.375,,,,1.5,2.5,1.5,1.5,,,18.75,18.75,,,,9.0,,,3.5,2.5,2.5,1.5,2.5,,,,,1.0,0.0,0.6666667,0.0,0.0,0.0,,,,,,,0.0,0.0,0.0,0.0,0.0,0.6666667,0.0,0.0,0.0,0.0,4.5,9.0,,,,,7.5,8.0,2.0,,,,,,,,,,,,,,,,,,,,,,,,,,,,,,,,,,,,,,,,,,,,,,,,
EGY_08092020_L2,Egypt,EGY,2020.0,2020-09-08,Legislative,3.0,,6,6,0,2,12605.97573726805,1,8,0,,29.591837,,,,20.005787,15.555557,35.300926,12.5,16.666666,20.986689,14.965278,39.814816,12.5,16.666666,1.6666666,,5.0,1.0,5.0,1.0,5.0,1.0,,,,,0.0,0.0,,,,1.3333334,2.3333333,1.0,2.0,16.666666,16.666666,16.666666,16.666666,,4.0,2.0,4.0,2.0,2.0,25.0,25.0,25.0,25.0,,4.5,1.5,4.5,1.5,4.5,1.5,,,12.5,12.5,,,,5.0,1.0,2.3333333,2.6666667,3.3333333,2.6666667,5.0,1.0,,,,23.333334,23.333334,,,,1.3333334,4.6666665,1.3333334,1.3333334,1.3333334,3.0,,,,20.0,16.666666,,,,1.3333334,1.3333334,1.3333334,4.0,2.0,4.5,1.5,4.3333335,1.6666666,5.0,12.5,6.25,13.194445,,4.0,2.0,4.3333335,1.6666666,3.0,1.6666666,2.5,3.3333333,,,,,,,25.0,34.02778,,,,1.3333334,2.6666667,1.3333334,4.6666665,1.3333334,4.6666665,1.3333334,15.0,15.0,15.0,15.0,,2.5,3.5,2.6666667,3.3333333,1.0,5.0,1.6666666,,68.75,59.375,,,,1.0,2.3333333,1.3333334,1.3333334,,,12.5,12.5,,,,8.666667,,,1.3333334,1.0,1.0,1.0,1.0,,,,,1.0,0.0,1.0,0.0,0.0,0.0,,,,,,,0.0,0.0,0.0,0.0,0.0,1.0,0.0,0.0,0.0,0.0,4.3333335,9.0,,,,,10.0,5.0,1.0,,,,,,,,,,,,,,,,,,,,,,,,,,,,,,,,,,,,,,,,,,,,,,,,
EGY_10122023_P1,Egypt,EGY,2023.0,2023-12-10,Presidential,2.0,,6,6,0,2,16600.0,1,8,0,,,,,,10.329861,7.1180553,29.166664,1.3888896,3.6458328,10.538193,7.1180553,29.999996,1.3888896,3.6458328,1.5,,4.5,1.5,4.5,1.5,4.5,1.5,2.0,1.0,2.0,2.5,12.5,12.5,17.857143,17.857143,,1.5,1.5,1.5,1.0,9.375,9.375,9.375,9.375,,,,,,,,,,,,4.0,2.0,4.0,2.0,4.0,2.0,4.5,1.5,25.0,25.0,21.875,21.875,,5.0,1.0,1.5,1.5,4.5,1.5,5.0,1.0,1.0,5.0,1.0,7.5,7.5,5.357143,5.357143,,1.0,5.0,1.0,1.0,1.0,3.0,4.5,1.5,1.0,10.0,10.0,8.928572,8.928572,,1.0,1.0,1.5,4.5,1.5,4.5,1.5,4.5,1.5,7.5,7.5,8.333333,8.333333,,3.5,2.5,4.0,2.0,3.0,1.0,1.0,2.5,,4.5,1.5,2.0,3.0,3.0,8.333333,25.0,7.5,21.25,,2.0,2.0,2.0,4.5,1.5,4.5,1.5,20.0,20.0,20.0,20.0,,3.5,2.5,2.0,4.0,2.0,4.0,1.5,1.0,62.5,50.0,50.0,40.0,,1.0,1.5,1.0,1.5,2.0,4.0,6.25,6.25,25.0,20.0,,9.0,,,2.0,1.5,1.5,1.0,1.5,,,,,1.0,,1.0,1.0,,,,,,,,,0.0,0.0,0.0,0.0,0.0,1.0,0.0,0.0,0.0,,4.5,8.5,,,,,1.0,5.5,1.5,,,,,,,,,,,,,,,,,,,,,,,,,,,,,,,,,,,,,,,,,,,,,,,,
SLV_09032014_P2,El Salvador,SLV,2014.0,2014-03-09,Presidential,14.0,,2,3,2,2,8118.5952,2,9,0,,55.18066,60.37415,,,66.18646,51.50301,67.67659,61.195057,84.371185,65.47557,51.212795,66.74107,59.82143,84.12698,7.785714,,2.6666667,3.3333333,3.0,3.0,2.0,4.0,,,,,62.5,61.11111,,,,4.214286,4.071429,4.230769,4.357143,80.76923,80.46017,80.76923,80.46017,,2.1666667,3.8333333,2.2857144,3.7142856,3.4285715,62.5,66.468254,62.5,66.468254,,2.9166667,3.0833333,3.0714285,2.9285715,3.1666667,2.8333333,,,53.78788,48.710316,,,,1.4285715,4.571429,3.0714285,3.5384614,4.071429,1.9285715,2.0,4.0,,,,63.333332,60.54945,,,,1.5714285,1.9230769,4.076923,3.0,1.9285715,3.3846154,,,,45.833332,44.807693,,,,3.0833333,2.1818182,1.5,3.142857,2.857143,3.7692308,2.2307692,,,34.444443,34.26532,,,,2.0,4.0,3.1666667,2.8333333,4.428571,4.071429,3.4545455,4.230769,1.3076923,,,,,,72.395836,70.91103,,,,4.285714,4.357143,4.230769,1.2307693,4.769231,1.5384616,4.4615383,85.38461,85.52198,85.38461,85.52198,,4.714286,1.2857143,4.285714,1.7142857,2.5,3.5,4.357143,,42.857143,42.857143,,,,3.5,4.214286,4.0,4.071429,,,73.66071,73.66071,,,,9.153846,,,4.2222223,5.5555553,4.3333335,5.357143,6.357143,,,,,3.0,0.14285715,0.5714286,0.14285715,0.071428575,0.0,,,,,,,0.071428575,0.071428575,0.071428575,0.071428575,0.14285715,0.5,0.0,0.0,0.0,0.5714286,3.5714285,8.785714,,3.2142856,7.428571,6.785714,,,,,,,,,,,,,,,,,,,,,,,,,,,,,,,,,,,,,,,,,,,,,,,,,,,
SLV_01032015_L1,El Salvador,SLV,2015.0,2015-03-01,Legislative,9.0,,2,3,2,2,8352.9707,2,9,0,,48.106777,,,,56.85221,52.125,52.98446,61.11111,61.188274,55.69927,52.002316,50.11574,61.11111,59.5679,5.2222223,,3.0,3.0,2.7777777,3.2222223,2.8888888,3.1111112,,,,,52.77778,52.77778,,,,2.0,2.7777777,3.0,3.2222223,43.75,43.75,43.75,43.75,,2.4,3.6,2.4,3.6,3.6,65.0,65.0,65.0,65.0,,2.8888888,3.1111112,2.8888888,3.1111112,3.0,3.0,,,50.0,51.851852,,,,1.7777778,4.2222223,3.0,2.8333333,3.2222223,2.7777777,1.8888888,4.111111,,,,59.166668,59.72222,,,,2.1111112,2.7777777,3.2222223,2.7777777,2.8888888,3.75,,,,50.0,48.75,,,,3.5,2.0,1.625,3.0,3.0,3.375,2.625,,,33.0,38.75,,,,2.125,3.875,3.4285715,2.5714285,2.5555556,4.2222223,4.3333335,2.857143,1.0,,,,,,60.416664,60.06118,,,,3.2222223,1.0,3.25,2.3333333,3.6666667,2.3333333,3.6666667,48.75,49.02778,48.75,49.02778,,3.7777777,2.2222223,3.625,2.375,1.8571428,4.142857,3.75,,52.67857,53.062996,,,,3.0,2.6666667,2.7777777,2.0,,,39.0625,40.27778,,,,7.3333335,,,5.7777777,6.6666665,5.2222223,5.3333335,5.4444447,,,,,2.6666667,0.11111111,0.8888889,0.22222222,0.11111111,0.0,,,,,,,0.0,0.0,0.0,0.11111111,0.22222222,0.0,0.0,0.0,0.0,0.22222222,3.4444444,7.888889,,4.7777777,7.7777777,8.555555,,,,,,,,,,,,,,,,,,,,,,,,,,,,,,,,,,,,,,,,,,,,,,,,,,,
SLV_04032018_L1,El Salvador,SLV,2018.0,2018-03-04,Legislative,9.0,,2,3,2,2,7292.4580078125,2,9,0,,55.485912,,,,58.8074,52.51521,45.83168,61.805557,75.07716,59.68268,53.04398,48.57253,61.805557,75.30864,6.7777777,,2.2222223,3.7777777,2.2222223,3.7777777,2.3333333,3.6666667,,,,,68.51852,68.51852,,,,3.0,3.0,3.6666667,4.111111,61.11111,61.11111,61.11111,61.11111,,2.3333333,3.6666667,2.3333333,3.6666667,3.6666667,66.666664,66.66667,66.666664,66.66667,,3.4285715,2.5714285,3.25,2.75,3.5714285,2.4285715,,,38.095238,39.583332,,,,1.625,4.375,2.7777777,3.2,3.4285715,2.5714285,2.625,3.375,,,,62.5,56.496033,,,,2.1111112,2.0,4.0,2.7777777,2.3333333,3.6,,,,51.0,49.11111,,,,2.857143,2.1111112,2.4285715,3.4444444,2.5555556,3.5,2.5,2.6666667,3.3333333,28.0,37.261906,37.5,40.773808,,2.25,3.75,3.625,2.375,3.0,3.8888888,2.6666667,2.6,1.2,,,,,,54.166668,51.16898,,,,3.1111112,2.6666667,3.25,1.4444444,4.5555553,1.7777778,4.2222223,64.375,64.02778,64.375,64.02778,,2.75,3.25,2.3333333,3.6666667,1.875,4.125,3.8888888,,69.64286,68.31597,,,,3.4444444,3.6666667,3.25,3.2222223,,,58.59375,59.895832,,,,8.222222,,,4.2222223,5.6666665,4.6666665,5.4444447,5.6666665,,,,,3.0,0.11111111,0.8888889,0.22222222,0.22222222,0.11111111,,,,,,,0.0,0.0,0.0,0.11111111,0.33333334,0.44444445,0.0,0.22222222,0.0,0.33333334,4.0,7.888889,,,,,8.888889,5.6666665,2.2222223,,,,,,,,,,,,,,,3.142857,3.142857,2.25,2.25,3.0,3.4285715,3.4285715,3.3333333,2.0,2.0,3.1111112,2.3333333,3.6666667,3.6666667,3.8333333,3.8333333,,,,,,,,,,,,,,,,,,
SLV_03022019_P1,El Salvador,SLV,2019.0,2019-02-03,Presidential,7.0,,2,4,1,2,9146.512042558414,2,9,0,,56.615646,58.418365,,,62.898643,55.197422,58.0043,64.583336,73.809525,62.8249,56.011906,58.085316,63.392857,73.809525,8.285714,,1.4285715,4.571429,1.8571428,4.142857,2.2857144,3.7142856,,,,,78.57143,78.57143,,,,3.7142856,4.0,4.142857,4.0,74.10714,74.10714,74.10714,74.10714,,2.25,3.75,2.0,4.0,3.75,70.833336,70.833336,70.833336,70.833336,,3.2,2.8,3.2,2.8,3.0,3.0,,,50.0,46.666664,,,,1.6666666,4.3333335,3.2857144,2.5,3.142857,2.857143,1.7142857,4.285714,,,,58.0,61.309525,,,,2.7142856,2.7142856,3.2857144,2.1666667,3.2857144,2.8333333,,,,46.0,46.42857,,,,2.6666667,2.1666667,1.8333334,3.0,3.0,3.4,2.6,3.25,2.75,33.75,36.333332,37.5,37.569443,,2.5,3.5,2.6666667,3.3333333,3.7142856,4.1666665,3.75,3.5,1.3333334,,,,,,61.11111,66.51785,,,,4.0,3.857143,4.0,2.2857144,3.7142856,2.0,4.0,72.85714,72.85714,72.85714,72.85714,,2.0,4.0,2.142857,3.857143,1.7142857,4.285714,4.0,,76.041664,75.89286,,,,3.7142856,3.5714285,3.857143,3.857143,,,68.75,68.75,,,,8.571428,,,3.857143,4.714286,4.428571,5.428571,5.714286,,,,,1.0,0.14285715,0.85714287,0.0,0.2857143,0.0,,,,,,,0.0,0.0,0.0,0.0,0.14285715,0.71428573,0.14285715,0.0,0.0,0.42857143,3.5714285,8.571428,,,,,9.428572,6.857143,3.857143,,,,,,,,,,,,,,,2.857143,2.857143,3.3333333,3.3333333,3.142857,2.5714285,2.5714285,3.5,1.8333334,1.8333334,3.2857144,3.4285715,2.7142856,2.7142856,3.5714285,3.5714285,,,,,,,,,,,,,,,,,,
SLV_04022024_P1,El Salvador,SLV,2024.0,2024-02-04,Presidential,6.0,,4,4,1,3,11404.0,2,9,0,,38.091835,31.377552,38.47446,33.064514,34.854458,28.17824,52.42014,27.152779,31.666668,36.0272,28.668982,57.152775,26.11111,30.208334,3.2,,4.8333335,1.1666666,4.3333335,1.6666666,3.1666667,2.8333333,2.3333333,1.3333334,3.8333333,3.6666667,22.222221,22.222221,35.11905,35.11905,,2.6666667,2.8333333,2.3333333,2.8333333,41.666668,41.666668,41.666668,41.666668,,4.0,2.0,4.1666665,1.8333334,2.3333333,26.38889,26.38889,26.38889,26.38889,,3.75,2.25,4.2,1.8,3.5,2.5,3.4,2.6,29.166666,29.583332,31.25,32.1875,,2.8333333,3.1666667,2.6666667,2.2,3.8333333,2.1666667,3.4,2.6,2.0,4.0,2.0,36.25,39.0,31.25,35.0,,3.0,4.2,1.8,1.8,2.8,3.0,4.5,1.5,1.4,37.0,37.0,31.25,29.642857,,1.75,1.6666666,1.5,3.5,2.5,4.0,2.0,3.25,2.75,21.666666,22.083334,25.0,25.694445,,3.2,2.8,3.6,2.4,3.8,2.6,3.3333333,3.75,3.75,3.2,2.8,2.0,3.0,3.0,52.77778,52.84722,36.25,41.208332,,4.25,3.2,3.2,3.8,2.2,3.8,2.2,52.5,50.25,52.5,50.25,,2.8,3.2,1.8,4.2,1.2,4.8,3.4,2.0,72.5,72.5,66.25,63.0,,1.6,2.0,2.2,1.6,2.2,3.8,21.25,21.25,31.0,31.0,,8.0,1.4,,3.8,2.4,2.4,2.8,3.4,,0.0,0.0,0.0,1.0,1.0,1.0,1.0,,,6.2,3.75,0.2,5.0,1.0,2.0,0.0,0.0,0.0,0.16666667,0.33333334,0.5,0.0,0.0,0.0,1.0,4.2,7.8,,1.4,5.2,1.6,,,,,,,,,,,,,,,,,,,,,,,,,,,,,,,,,,,,,,,,,,,,,,,,,,,
GNQ_26052013_L1,Equatorial Guinea,GNQ,2013.0,2013-05-26,Legislative,10.0,,7,7,0,4,33877.543,1,2,0,,24.781342,,,,16.797413,18.372684,17.199902,10.625,20.992064,18.075521,16.46875,23.958334,10.625,21.25,1.9,,4.5,1.5,4.7,1.3,4.2,1.8,,,,,13.333333,13.333333,,,,1.7,2.1111112,1.7,2.1,22.222221,22.569445,22.222221,22.569445,,4.1666665,1.8333334,4.3333335,1.6666666,2.2,23.333332,22.5,23.333332,22.5,,4.571429,1.4285715,4.625,1.375,4.6666665,1.3333334,,,5.0,9.474207,,,,4.3,1.7,2.875,2.375,3.6666667,2.3333333,4.6666665,1.3333334,,,,32.142857,28.083334,,,,1.4,4.9,1.1,1.4,1.3,2.0,,,,9.444445,11.0,,,,1.3,1.5555556,1.3,4.0,2.0,4.3333335,1.6666666,,,17.0,14.111111,,,,4.857143,1.1428572,5.0,1.0,2.5,1.6,1.3333334,2.3333333,1.4285715,,,,,,9.166667,16.289682,,,,1.7777778,2.7777777,1.3,3.857143,2.142857,4.285714,1.7142857,21.0,23.563492,21.0,23.563492,,4.0,2.0,2.4444444,3.5555556,1.6666666,4.3333335,1.6666666,,45.535713,47.22222,,,,1.4,1.8,1.4,1.4,,,12.5,12.5,,,,7.9,,,2.0,1.4285715,1.7142857,1.3,1.7,,,,,3.0,0.0,0.5,0.3,0.0,0.0,,,,,,,0.0,0.0,0.0,0.1,0.2,0.5,0.1,0.0,0.1,0.4,3.0,8.3,,4.4,7.2,7.4,,,,,,,,,,,,,,,,,,,,,,,,,,,,,,,,,,,,,,,,,,,,,,,,,,,
GNQ_24042016_P1,Equatorial Guinea,GNQ,2016.0,2016-04-24,Presidential,7.0,,7,7,0,4,25535.105,1,2,0,,25.709425,,,,21.37897,18.27381,38.339947,10.714286,18.18783,21.840277,20.297619,36.11111,10.714286,20.238094,2.0,,4.285714,1.7142857,4.428571,1.5714285,4.0,2.0,,,,,19.047619,19.047619,,,,1.6666666,2.0,1.5714285,1.8571428,18.75,19.345238,18.75,19.345238,,3.6666667,2.3333333,3.3333333,2.6666667,2.7142856,46.666668,39.285713,46.666668,39.285713,,4.1666665,1.8333334,4.1666665,1.8333334,3.5,2.5,,,29.166666,26.38889,,,,5.0,1.0,2.3333333,2.142857,3.8333333,2.1666667,4.0,2.0,,,,18.0,23.214285,,,,1.1428572,4.857143,1.1428572,1.1428572,1.7142857,2.5714285,,,,13.571428,13.571428,,,,2.0,1.2857143,1.0,3.857143,2.142857,4.857143,1.1428572,3.5714285,2.4285715,12.857142,12.857142,16.666666,16.666666,,3.8333333,2.1666667,4.142857,1.8571428,3.3333333,1.7142857,2.0,3.2,1.0,,,,,,26.041666,34.464287,,,,2.0,3.2857144,2.142857,4.0,2.0,3.857143,2.142857,32.857143,32.857143,32.857143,32.857143,,3.0,3.0,2.3333333,3.6666667,1.4285715,4.571429,1.5,,51.5625,54.613094,,,,1.2857143,2.857143,1.3333334,2.142857,,,17.708334,22.619047,,,,7.857143,,,1.7142857,1.4285715,1.7142857,1.5714285,2.0,,,,,2.6666667,0.14285715,0.85714287,0.14285715,0.14285715,0.0,,,,,,,0.0,0.0,0.0,0.0,0.0,0.0,0.0,0.14285715,0.0,0.2857143,4.142857,9.285714,,4.571429,5.428571,6.142857,,,,,1.8571428,4.6666665,4.6666665,16.285715,1.4285715,4.428571,4.428571,4.285714,4.285714,,,,,,,,,,,,,,,,,,,,,,,,,,,,,,,,,,,,,,
GNQ_12112017_L1,Equatorial Guinea,GNQ,2017.0,2017-11-12,Legislative,11.0,,7,7,0,3,25535.10593,1,2,0,,20.743671,19.387756,,,15.032106,11.687771,19.343435,10.965909,18.131313,16.675346,11.524621,26.45202,10.795455,17.929293,1.8181819,,4.5,1.5,4.3636365,1.6363636,4.2727275,1.7272727,,,,,15.0,15.530303,,,,2.0,1.6363636,1.3636364,2.0,18.75,18.75,18.75,18.75,,4.0,2.0,4.428571,1.5714285,2.4285715,25.0,25.0,25.0,25.0,,4.625,1.375,4.4444447,1.5555556,4.142857,1.8571428,,,15.277778,14.897487,,,,4.6363635,1.3636364,1.9090909,1.3636364,4.4,1.6,4.7272725,1.2727273,,,,13.0,12.545455,,,,1.3,4.818182,1.1818181,1.1818181,1.3,2.7,,,,11.111111,13.318182,,,,1.2727273,1.2727273,1.2727273,4.4,1.6,4.3636365,1.6363636,4.3333335,1.6666666,8.0,10.272727,10.1851845,11.338384,,4.3333335,1.6666666,4.4,1.6,2.8181818,1.6363636,1.625,1.8333334,1.8571428,,,,,,19.166666,21.58144,,,,1.6,3.5,1.5,4.2,1.8,4.2727275,1.7272727,25.0,25.636364,25.0,25.636364,,3.909091,2.090909,2.3,3.7,2.0,4.0,1.5454545,,45.0,45.852272,,,,1.2727273,2.1818182,1.3636364,1.5454545,,,14.772727,14.772727,,,,7.909091,,,1.7272727,1.3636364,1.6363636,1.7272727,1.7272727,,,,,2.9,0.0,0.90909094,0.09090909,0.0,0.0,,,,,,,0.0,0.0,0.0,0.0,0.09090909,0.90909094,0.0,0.0,0.0,0.09090909,3.6363637,8.363636,,,,,7.181818,2.8181818,1.8181819,,,,,1.75,,,,,,19.181818,28.545454,10.454545,10.272727,21.0,21.0,,,,,,,,,,,,,,,,,,,,,,,,,,,,,,,,
GNQ_20112022_P1,Equatorial Guinea,GNQ,2022.0,2022-11-20,Presidential,2.0,,7,7,0,3,16080.1432631254,1,2,0,,15.306123,15.306123,,,15.572916,10.208332,18.402779,3.125,30.555557,15.572916,10.208332,18.402779,3.125,30.555557,1.0,,5.0,1.0,5.0,1.0,5.0,1.0,,,,,0.0,0.0,,,,1.0,1.5,1.0,2.5,12.5,12.5,12.5,12.5,,4.5,1.5,5.0,1.0,1.5,8.333333,8.333333,8.333333,8.333333,,4.0,2.0,4.0,2.0,4.0,2.0,,,25.0,25.0,,,,3.5,2.5,1.5,1.5,4.5,1.5,5.0,1.0,,,,15.0,15.0,,,,1.0,4.5,1.5,1.0,1.0,2.5,,,,10.0,10.0,,,,1.5,1.0,1.0,4.0,2.0,4.5,1.5,4.5,1.5,10.0,10.0,10.416666,10.416666,,4.0,2.0,4.0,2.0,2.0,1.0,1.5,1.5,2.0,,,,,,16.666666,16.666666,,,,1.0,1.5,1.5,3.0,3.0,4.0,2.0,20.0,20.0,20.0,20.0,,3.0,3.0,3.5,2.5,2.0,4.0,2.0,,46.875,46.875,,,,1.0,1.5,1.5,1.5,,,9.375,9.375,,,,10.0,,,1.0,1.5,1.0,3.0,1.0,,2.0,,,1.0,0.0,0.5,0.0,0.0,0.0,,,,,,,0.0,0.0,0.0,0.0,0.0,1.0,0.0,0.0,0.0,0.0,4.0,6.0,,,,,10.0,1.0,5.5,,,,,,,,,,,,,,,,,,,,,,,,,,,,,,,1.0,5.0,1.5,3.5,2.5,3.5,2.5,3.5,2.5,3.5,2.5,3.5,2.5,2.0,3.5,2.5,3.5,2.5
EST_01032015_L1,Estonia,EST,2015.0,2015-03-01,Legislative,18.0,,1,1,2,4,28946.789,4,5,1,,72.8783,71.42857,,,83.06465,70.98293,90.09545,81.93861,89.24162,82.60368,71.75347,88.59953,81.25,88.81173,8.888889,,2.1666667,3.8333333,2.2222223,3.7777777,1.6666666,4.3333335,,,,,74.53703,74.53703,,,,4.3333335,4.2777777,4.470588,4.4444447,84.92647,84.5384,84.92647,84.5384,,2.1111112,3.8888888,2.0,4.0,3.875,72.916664,73.03241,72.916664,73.03241,,1.1666666,4.8333335,1.2142857,4.785714,1.3333334,4.6666665,,,94.44444,94.047615,,,,1.25,4.75,4.0,3.4444444,2.5333333,3.4666667,1.4666667,4.5333333,,,,74.61539,75.97222,,,,4.0555553,2.357143,3.642857,4.0,3.8235295,3.8,,,,69.0,71.60971,,,,3.142857,3.5333333,3.142857,2.1764705,3.8235295,3.0625,2.9375,,,57.916668,57.900387,,,,1.25,4.75,2.0666666,3.9333334,4.5555553,4.7058825,4.4545455,4.8125,4.9444447,,,,,,91.203705,88.38257,,,,4.5333333,4.611111,4.1666665,1.3888888,4.611111,1.3888888,4.611111,89.333336,87.666664,89.333336,87.666664,,2.5,3.5,1.2857143,4.714286,1.0588236,4.9411764,4.714286,,85.9375,86.68593,,,,4.117647,4.4117646,4.428571,4.3333335,,,82.58929,83.07073,,,,8.055555,,,9.111111,8.222222,8.277778,8.166667,9.166667,,,,,2.7222223,0.22222222,0.8888889,0.16666667,0.055555556,0.0,,,,,,,0.0,0.0,0.0,0.0,0.5555556,0.0,0.0,0.0,0.0,0.6666667,4.6666665,8.611111,,5.4444447,8.277778,8.833333,,,,,,,,,,,,,,,,,,,,,,,,,,,,,,,,,,,,,,,,,,,,,,,,,,,
EST_03032019_L1,Estonia,EST,2019.0,2019-03-03,Legislative,10.0,,1,1,2,4,37851.30077261347,4,5,1,,80.2221,87.244896,,,88.07664,79.34028,90.419975,89.375,93.171295,88.1684,78.854164,90.55556,89.375,93.888885,9.4,,2.3,3.7,1.7,4.3,1.1,4.9,,,,,82.5,82.5,,,,4.5,4.7,4.8,4.9,93.125,93.125,93.125,93.125,,1.75,4.25,1.5,4.5,3.25,75.0,75.0,75.0,75.0,,1.1428572,4.857143,1.3333334,4.6666665,1.2857143,4.714286,,,94.047615,93.650795,,,,1.0,5.0,4.2,3.9,2.0,4.0,1.1,4.9,,,,84.44444,85.0,,,,4.1,1.8,4.2,4.0,4.3,4.3333335,,,,81.666664,79.666664,,,,4.1,4.3,3.3,1.8,4.2,2.6666667,3.3333333,1.8,4.2,69.44444,71.166664,70.833336,72.638885,,1.0,5.0,1.5,4.5,4.7,5.0,3.8,4.7777777,5.0,,,,,,95.83333,90.74074,,,,4.5555553,4.7,4.3,1.3333334,4.6666665,1.3,4.7,87.5,89.611115,87.5,89.611115,,2.142857,3.857143,1.125,4.875,1.0,5.0,4.625,,88.541664,89.73214,,,,4.2,4.6,4.6,4.6,,,87.5,87.5,,,,8.2,,,8.3,7.2,7.2,7.6,9.1,,,,,1.4,0.3,0.8,0.2,0.2,0.1,,,,,,,0.0,0.0,0.0,0.0,0.8,0.3,0.0,0.0,0.0,0.8,4.5555553,8.888889,,,,,9.8,5.8,1.8,,,,,,,,,,,,,,,1.7777778,1.7777778,3.1,3.1,4.2,2.0,2.0,4.25,1.4285715,1.4285715,4.3,3.8,3.0,3.0,2.375,2.375,,,,,,,,,,,,,,,,,,
EST_05032023_L1,Estonia,EST,2023.0,2023-03-05,Legislative,10.0,,1,1,2,4,43877.0,4,5,1,,78.9475,75.255104,79.4158,76.814514,77.16632,79.98462,72.99117,77.37599,78.31349,71.890915,80.87153,63.569443,78.47223,70.520836,9.25,,2.1,3.9,1.7,4.3,1.2,4.8,3.7777777,2.7777777,3.6666667,3.5555556,83.333336,83.333336,69.19643,70.63492,,4.6666665,4.6666665,4.7777777,4.7777777,93.05556,93.05556,93.05556,93.05556,,1.625,4.375,1.625,4.375,3.75,79.166664,79.166664,79.166664,79.166664,,1.7142857,4.285714,1.5,4.5,1.5,4.5,1.5555556,4.4444447,86.90476,85.71429,86.60714,85.81349,,1.125,4.875,4.888889,4.7777777,2.5714285,3.4285715,1.5,4.5,4.5555553,1.625,4.375,86.42857,87.35119,85.71429,87.14569,,3.875,2.142857,3.857143,4.25,4.125,2.8,3.0,3.0,4.25,62.5,69.53571,61.904762,68.418365,,3.2857144,3.7142856,3.6666667,2.0,4.0,2.0,4.0,2.0,4.0,66.666664,68.333336,67.36111,69.44444,,1.2,4.8,2.0,4.0,4.75,4.5,4.1666665,4.857143,5.0,2.4285715,3.5714285,3.4285715,1.8333334,4.1666665,93.75,87.80754,75.625,70.60119,,4.625,4.25,4.625,1.25,4.75,1.25,4.75,90.0,90.0,90.0,90.0,,4.0,2.0,2.5714285,3.4285715,1.1428572,4.857143,3.857143,4.428571,64.583336,63.392857,69.166664,67.85714,,4.625,4.625,4.571429,4.625,1.4285715,4.571429,89.28571,90.29018,90.833336,90.08929,,8.375,,,9.25,7.875,7.75,9.125,9.5,,0.0,0.0,0.0,1.25,1.0,1.0,1.0,1.0,,,,,,,,0.0,0.0,0.0,0.0,0.7,0.1,0.0,0.0,0.0,1.0,4.875,8.25,,,,,3.2857144,6.0,1.7142857,,,,,,,,,,,,,,,,,,,,,,,,,,,,,,,,,,,,,,,,,,,,,,,,
SWZ_20092013_L1,Eswatini,SWZ,2013.0,2013-09-20,Legislative,7.0,,7,5,0,2,8174.4351,1,1,0,,39.52041,40.561226,,,50.677086,31.746033,52.65873,52.82738,65.47619,50.803574,32.083332,52.083336,53.57143,65.47619,4.571429,,4.4,1.6,4.4,1.6,4.0,2.0,,,,,15.0,18.333334,,,,3.5714285,3.6666667,3.142857,3.7142856,58.333332,63.095238,58.333332,63.095238,,4.0,2.0,4.0,2.0,2.1666667,28.333332,26.38889,28.333332,26.38889,,3.0,3.0,3.142857,2.857143,3.142857,2.857143,,,47.61905,47.61905,,,,3.6666667,2.3333333,1.5714285,2.0,3.2,2.8,3.0,3.0,,,,33.75,33.523808,,,,3.2857144,2.8333333,3.1666667,1.5714285,3.2857144,3.1666667,,,,50.0,47.38095,,,,2.3333333,2.3333333,2.8333333,3.7142856,2.2857144,3.2,2.8,,,30.0,37.92857,,,,2.7142856,3.2857144,3.0,3.0,2.7142856,3.0,2.8,3.3333333,1.6,,,,,,50.833336,50.555557,,,,3.142857,3.6666667,3.2857144,2.142857,3.857143,2.2857144,3.7142856,71.666664,63.333332,71.666664,63.333332,,4.3333335,1.6666666,2.857143,3.142857,1.7142857,4.285714,3.7142856,,57.291668,55.059525,,,,2.5714285,3.5714285,2.7142856,3.0,,,49.107143,49.107143,,,,8.833333,,,4.714286,4.285714,4.428571,4.428571,4.714286,,,,,2.0,0.42857143,0.71428573,0.14285715,0.14285715,0.0,,,,,,,0.0,0.0,0.2857143,0.14285715,0.14285715,0.71428573,0.0,0.0,0.0,0.42857143,5.1666665,9.428572,,4.714286,6.0,6.142857,,,,,,,,,,,,,,,,,,,,,,,,,,,,,,,,,,,,,,,,,,,,,,,,,,,
SWZ_21092018_L1,Eswatini,SWZ,2018.0,2018-09-21,Legislative,8.0,,7,6,0,2,7738.974609375,1,1,0,,37.877068,53.57143,,,39.330273,29.184523,42.28836,34.598213,51.25,38.75,31.041666,40.27778,35.9375,49.131943,3.0,,4.5,1.5,4.2,1.8,4.5,1.5,,,,,14.583333,15.0,,,,2.875,3.0,3.2857144,3.75,57.142857,55.691963,57.142857,55.691963,,3.3333333,2.6666667,3.0,3.0,3.0,50.0,47.22222,50.0,47.22222,,3.2,2.8,3.0,3.0,3.25,2.75,,,50.0,46.25,,,,4.0,2.0,2.4285715,2.0,2.75,3.25,3.6666667,2.3333333,,,,30.0,35.059525,,,,2.75,3.5,2.5,1.75,2.625,3.0,,,,38.333332,38.125,,,,1.6,1.5,1.8,3.857143,2.142857,4.0,2.0,3.0,3.0,15.0,20.214285,25.0,25.178572,,3.0,3.0,3.3333333,2.6666667,3.142857,2.142857,3.0,2.2,1.8,,,,,,51.38889,42.301586,,,,4.0,3.0,3.8,3.142857,2.857143,3.2,2.8,70.0,57.285713,70.0,57.285713,,4.0,2.0,2.857143,3.142857,3.0,3.0,2.8,,47.5,43.392857,,,,2.5,3.25,2.142857,2.4285715,,,41.07143,39.50893,,,,7.875,,,3.75,3.0,3.0,2.875,3.875,,,,,2.8333333,0.125,0.5,0.625,0.0,0.0,,,,,,,0.0,0.0,0.25,0.0,0.0,0.625,0.0,0.0,0.0,0.25,5.0,7.375,,,,,6.0,3.625,3.125,,,,,,,,,,,,,,,2.857143,2.857143,2.5,2.5,2.7142856,2.5,2.5,4.25,1.6666666,1.6666666,2.6666667,3.0,3.3333333,3.3333333,3.142857,3.142857,,,,,,,,,,,,,,,,,,
SWZ_29092023_L1,Eswatini,SWZ,2023.0,2023-09-29,Legislative,2.0,,7,6,0,2,10171.0,1,1,0,,,,,,15.9375,8.75,19.583332,10.416667,25.0,23.072918,28.125,35.000004,4.166667,25.0,1.5,,5.0,1.0,5.0,1.0,5.0,1.0,2.5,1.0,2.5,2.5,0.0,0.0,16.071428,16.071428,,4.0,2.0,4.0,4.0,62.5,62.5,62.5,62.5,,5.0,1.0,,,,,,,,,5.0,1.0,5.0,1.0,,,5.0,1.0,,,,,,5.0,1.0,2.0,1.0,4.0,2.0,5.0,1.0,1.5,3.0,3.0,,10.0,,16.071428,,1.0,5.0,1.0,1.0,1.0,4.0,2.0,4.0,1.0,15.0,15.0,21.428572,21.428572,,1.0,1.0,,5.0,1.0,5.0,1.0,5.0,1.0,,,,,,5.0,1.0,5.0,1.0,4.0,1.0,1.5,,,5.0,1.0,1.0,5.0,1.0,,,,,,4.0,4.0,4.0,2.0,4.0,5.0,1.0,,60.0,,60.0,,,,2.0,4.0,2.0,4.0,1.0,1.0,,,,,,1.0,1.5,1.0,2.5,2.0,4.0,0.0,12.5,15.0,25.0,,7.0,,,1.5,1.5,1.5,1.5,3.0,,,,,1.0,1.0,1.0,1.0,1.0,1.0,,,,,,,0.0,0.0,0.0,0.0,0.0,1.0,0.0,0.0,0.0,,3.0,10.0,,,,,2.0,3.5,1.5,,,,,,,,,,,,,,,,,,,,,,,,,,,,,,,,,,,,,,,,,,,,,,,,
ETH_24052015_L1,Ethiopia,ETH,2015.0,2015-05-24,Legislative,17.0,,6,6,0,1,1632.345,1,1,0,,21.025024,11.394558,,,17.13672,21.951912,22.071028,12.591911,11.932033,17.275837,21.043709,23.468138,13.235294,11.35621,1.5882353,,4.4117646,1.5882353,4.7647057,1.2352941,4.5625,1.4375,,,,,10.9375,10.508578,,,,1.7647059,2.4117646,1.1764706,1.6470588,18.75,18.75,18.75,18.75,,3.6666667,2.3333333,3.9285715,2.0714285,2.2857144,29.761906,30.753967,29.761906,30.753967,,3.6153846,2.3846154,3.7857144,2.2142856,3.8,2.2,,,32.692307,31.657509,,,,4.352941,1.6470588,2.4705882,2.6666667,4.142857,1.8571428,4.529412,1.4705882,,,,23.928572,25.560225,,,,1.25,4.4117646,1.5882353,1.7647059,1.2941177,2.8,,,,18.666666,18.485294,,,,1.6470588,1.5625,1.4285715,3.090909,2.909091,4.647059,1.3529412,,,18.0,19.500813,,,,4.5,1.5,4.5,1.5,2.6875,1.5882353,2.2307692,1.7692307,1.3636364,,,,,,19.791666,21.982231,,,,1.4,1.8235294,1.6,4.6875,1.3125,4.75,1.25,9.230769,11.930147,9.230769,11.930147,,4.125,1.875,2.7142856,3.2857144,2.2857144,3.7142856,1.5384616,,45.833332,40.084133,,,,1.117647,1.882353,1.1764706,1.3529412,,,9.558824,9.558824,,,,9.294118,,,1.7647059,1.5882353,1.5294118,2.1176472,1.3529412,,,,,2.5294118,0.11764706,1.0,0.05882353,0.05882353,0.0,,,,,,,0.05882353,0.0,0.0,0.05882353,0.05882353,0.0,0.0,0.0,0.0,0.7058824,4.7647057,9.0,,5.0588236,6.470588,7.470588,,,,,,,,,,,,,,,,,,,,,,,,,,,,,,,,,,,,,,,,,,,,,,,,,,,
ETH_21062021_L1,Ethiopia,ETH,2021.0,2021-06-21,Legislative,4.0,,5,6,0,1,2599.7361652958834,1,1,0,,52.43764,68.36735,,,42.057293,40.45139,31.25,43.75,52.77778,44.600697,43.333336,38.541664,43.75,52.77778,5.0,,2.5,3.5,3.25,2.75,2.0,4.0,,,,,60.416668,60.416668,,,,3.0,3.25,2.5,2.75,46.875,46.875,46.875,46.875,,4.5,1.5,4.0,2.0,3.3333333,29.166668,31.944445,29.166668,31.944445,,3.75,2.25,3.0,3.0,3.0,3.0,,,50.0,43.75,,,,4.3333335,1.6666666,3.75,2.75,2.75,3.25,4.0,2.0,,,,36.666668,42.083332,,,,2.5,4.5,1.5,2.5,3.0,2.75,,,,36.25,36.25,,,,2.0,2.6666667,2.0,1.75,4.25,3.5,2.5,2.25,3.75,38.333332,42.083332,43.055553,46.52778,,4.0,2.0,3.5,2.5,3.25,3.5,3.5,1.0,1.0,,,,,,41.666668,40.625,,,,3.3333333,2.5,3.25,3.5,2.5,2.75,3.25,56.666668,49.166668,56.666668,49.166668,,4.75,1.25,2.5,3.5,2.5,3.5,3.5,,48.4375,48.4375,,,,3.0,3.75,3.5,3.75,,,62.5,62.5,,,,9.5,,,5.25,5.25,5.0,5.25,6.75,,,,,1.25,0.0,1.0,0.0,0.0,0.0,,,,,,,0.0,0.0,0.0,0.0,0.0,1.0,0.0,0.0,0.0,0.0,4.75,8.75,,,,,9.0,6.25,3.75,,,,,,,,,,,,,,,,,,,,,,,,,,,,,,,,,,,,,,,,,,,,,,,,
FJI_17092014_L1,Fiji,FJI,2014.0,2014-09-17,Legislative,17.0,,3,4,1,2,8800.3594,5,3,0,,50.963417,32.65306,,,55.9297,38.20513,73.644806,46.32353,65.54532,55.859375,37.775734,71.56863,47.058823,67.03432,5.352941,,3.6875,2.3125,4.25,1.75,3.5625,2.4375,,,,,29.166666,29.166666,,,,3.9411764,3.9375,3.764706,4.0,74.166664,72.77114,74.166664,72.77114,,3.1538463,2.8461537,3.3846154,2.6153846,3.2142856,47.916668,47.298534,47.916668,47.298534,,2.909091,3.090909,2.2307692,3.7692308,2.3333333,3.6666667,,,62.037037,62.72339,,,,4.1764708,1.8235294,4.0588236,3.8823528,3.9285715,2.0714285,3.1538463,2.8461537,,,,49.583332,48.41144,,,,2.3529413,4.0,2.0,2.3125,2.4705882,3.2142856,,,,36.53846,36.751575,,,,1.8,1.9230769,2.5384614,2.8461537,3.1538463,4.3125,1.6875,,,25.0,30.514423,,,,1.8571428,4.142857,2.3333333,3.6666667,3.5294118,3.5294118,4.090909,4.3125,1.4444444,,,,,,76.85185,71.96565,,,,3.7272727,3.4117646,3.6923077,1.9285715,4.071429,2.9230769,3.0769231,67.72727,64.89848,67.72727,64.89848,,4.0588236,1.9411764,2.4,3.6,1.4375,4.5625,3.3846154,,58.854168,59.301823,,,,2.8823528,4.125,3.2941177,3.8125,,,63.671875,63.212315,,,,9.0,,,4.647059,4.0,5.9411764,3.5882354,5.2941175,,,,,2.7142856,0.05882353,1.0,0.0,0.05882353,0.0,,,,,,,0.05882353,0.0,0.0,0.11764706,0.3529412,0.64705884,0.0,0.0,0.0,0.3529412,3.5,8.6470585,,3.5294118,7.7647057,7.2352943,,,,,,,,,,,,,,,,,,,,,,,,,,,,,,,,,,,,,,,,,,,,,,,,,,,
FJI_14112018_L1,Fiji,FJI,2018.0,2018-11-14,Legislative,8.0,,3,3,1,3,8702.9755859375,5,3,0,,56.01069,34.183674,,,58.38418,47.549606,66.48065,51.004463,68.50198,55.94401,46.041664,63.498264,51.5625,62.67361,6.125,,4.0,2.0,4.125,1.875,3.25,2.75,,,,,30.208334,30.208334,,,,4.142857,4.25,3.75,4.142857,77.67857,76.78571,77.67857,76.78571,,2.0,4.0,2.0,4.0,4.0,75.0,75.0,75.0,75.0,,3.0,3.0,2.75,3.25,2.2857144,3.7142856,,,61.904762,58.035713,,,,3.125,2.875,3.75,4.125,4.125,1.875,2.5714285,3.4285715,,,,57.142857,55.267857,,,,2.125,3.7142856,2.2857144,2.75,2.875,3.3333333,,,,45.0,41.845238,,,,2.1666667,2.857143,2.8333333,2.875,3.125,4.25,1.75,3.25,2.75,35.0,38.660713,35.0,39.50893,,2.0,4.0,2.5714285,3.4285715,4.375,3.875,3.7142856,4.0,1.2857143,,,,,,73.333336,72.47024,,,,4.0,3.625,3.857143,2.2857144,3.7142856,2.875,3.125,67.14286,66.60714,67.14286,66.60714,,4.25,1.75,3.0,3.0,1.2857143,4.714286,3.7142856,,58.333332,57.366074,,,,3.125,3.75,3.25,3.625,,,60.9375,60.9375,,,,9.25,,,5.375,4.5,5.0,3.375,5.375,,,,,2.375,0.0,0.875,0.25,0.0,0.0,,,,,,,0.0,0.0,0.125,0.0,0.375,0.625,0.0,0.0,0.0,0.5,3.0,8.75,,,,,8.625,4.75,2.75,,,,,,,,,,,,,,,2.7142856,2.7142856,3.2857144,3.2857144,3.142857,2.142857,2.142857,3.4,1.5,1.5,3.0,2.625,2.875,2.875,3.857143,3.857143,,,,,,,,,,,,,,,,,,
FJI_30112022_L1,Fiji,FJI,2022.0,2022-12-14,Legislative,4.0,,4,3,1,3,11380.5694967405,5,3,0,,57.568024,,,,61.59433,49.791664,69.44444,60.9375,66.203705,61.154514,52.083336,64.93056,60.9375,66.66667,6.75,,3.25,2.75,3.5,2.5,3.75,2.25,,,,,37.5,37.5,,,,3.5,4.0,3.75,4.25,71.875,71.875,71.875,71.875,,4.0,2.0,4.0,2.0,2.0,25.0,25.0,25.0,25.0,,3.0,3.0,3.0,3.0,3.0,3.0,,,58.333336,50.0,,,,2.6666667,3.3333333,3.0,3.75,3.0,3.0,2.6666667,3.3333333,,,,57.5,57.083332,,,,2.5,3.75,2.25,3.0,3.5,3.3333333,,,,51.666668,47.916668,,,,2.0,3.0,3.0,2.3333333,3.6666667,3.25,2.75,2.5,3.5,30.0,47.083332,33.333332,49.65278,,2.75,3.25,3.0,3.0,4.5,4.5,4.5,4.3333335,1.5,,,,,,91.666664,75.34722,,,,4.0,2.5,4.25,3.0,3.0,3.6666667,2.3333333,56.666668,55.416668,56.666668,55.416668,,3.75,2.25,3.0,3.0,1.75,4.25,3.75,,57.8125,57.8125,,,,3.0,4.25,3.5,3.75,,,65.625,65.625,,,,7.0,,,5.25,5.0,6.0,4.75,5.75,,2.0,,,2.0,0.25,1.0,0.0,0.25,0.0,,,,,,,0.0,0.0,0.0,0.0,0.25,0.75,0.0,0.0,0.0,0.25,4.25,9.25,,,,,8.0,6.5,5.25,,,,,,,,,,,,,,,,,,,,,,,,,,,,,,,2.0,4.0,4.0,2.0,4.0,2.0,4.0,2.0,4.0,2.3333333,3.6666667,2.0,4.0,4.3333335,1.75,4.25,2.0,4.0
FIN_19042015_L1,Finland,FIN,2015.0,2015-04-19,Legislative,16.0,,1,1,2,4,42275.238,4,6,1,,85.80371,84.69388,,,90.84751,80.34896,97.69097,87.109375,98.24074,90.93533,80.364586,97.65625,87.109375,98.611115,9.875,,2.6875,3.3125,1.5625,4.4375,1.1333333,4.866667,,,,,80.0,80.138885,,,,4.8125,4.9375,5.0,5.0,98.4375,98.4375,98.4375,98.4375,,2.4166667,3.5833333,1.5833334,4.4166665,3.9166667,74.30556,74.30556,74.30556,74.30556,,1.2666667,4.733333,1.125,4.875,1.0714285,4.928571,,,98.21429,96.14087,,,,1.125,4.875,4.8125,4.375,1.4375,4.5625,1.125,4.875,,,,92.5,92.5,,,,3.875,1.8125,4.1875,3.9333334,4.266667,2.5555556,,,,66.25,69.09028,,,,3.6,3.2,3.5,1.875,4.125,1.4,4.6,,,70.76923,70.125,,,,1.0,5.0,1.2,4.8,4.75,4.9375,4.9333334,5.0,1.0,,,,,,97.32143,97.58681,,,,4.9375,4.9375,5.0,1.0,5.0,1.0,5.0,99.28571,99.375,99.28571,99.375,,1.0625,4.9375,1.3846154,4.6153846,1.0,5.0,4.8333335,,95.0,96.163864,,,,4.8125,4.8125,4.866667,4.875,,,96.666664,96.041664,,,,9.375,,,8.6875,7.3125,8.0625,7.5625,9.3125,,,,,3.0,0.0,1.0,0.0,0.0,0.0625,,,,,,,0.0,0.0,0.0,0.0,0.9375,0.0,0.0,0.0,0.0625,0.9375,4.8125,9.0,,5.5,8.75,9.375,,,,,,,,,,,,,,,,,,,,,,,,,,,,,,,,,,,,,,,,,,,,,,,,,,,
FIN_28012018_P1,Finland,FIN,2018.0,2018-01-28,Presidential,20.0,,1,1,2,4,40585.72265625,4,6,1,,81.466545,78.23129,,,86.47884,82.01511,94.08077,77.45066,92.36883,87.10374,82.02604,93.81944,77.5,95.06944,9.9,,1.7368422,4.263158,1.5789474,4.4210525,1.35,4.65,,,,,85.96491,86.11842,,,,4.75,4.75,4.9,4.9,95.625,95.625,95.625,95.625,,1.2222222,4.7777777,1.5555556,4.4444447,3.125,78.125,77.89352,78.125,77.89352,,1.0,5.0,1.0,5.0,1.1666666,4.8333335,,,98.611115,98.611115,,,,1.15,4.85,4.55,4.05,1.9473684,4.0526314,1.2,4.8,,,,86.31579,86.51316,,,,3.85,2.1578948,3.8421052,4.25,4.1,1.9090909,,,,62.272728,64.75598,,,,3.8333333,3.1,3.6,1.7368422,4.263158,1.7222222,4.2777777,1.0,5.0,69.6875,70.371346,74.739586,75.309456,,1.0526316,4.9473686,1.3,4.7,4.85,4.35,4.5789475,4.55,1.1111112,,,,,,91.89815,91.567986,,,,4.8,4.85,4.894737,1.1111112,4.888889,1.1111112,4.888889,96.17647,96.61257,96.17647,96.61257,,1.0526316,4.9473686,1.0555556,4.9444447,1.0,5.0,4.375,,97.32143,95.41758,,,,4.85,4.75,4.65,4.85,,,94.375,94.375,,,,9.4,,,8.75,6.3,8.0,8.2,9.25,,,,,2.6666667,0.0,1.0,0.05,0.0,0.0,,,,,,,0.0,0.0,0.0,0.0,0.85,0.15,0.0,0.0,0.0,0.95,4.5263157,8.263158,,,,,9.9,5.25,2.95,,,,,,,,,,,,,,,1.45,1.45,2.1,2.1,4.0,1.7894737,1.7894737,3.6875,1.1666666,1.1666666,4.0,4.0,2.25,2.25,2.75,2.75,,,,,,,,,,,,,,,,,,
FIN_14042019_L1,Finland,FIN,2019.0,2019-04-14,Legislative,9.0,,1,1,2,4,50321.53969072293,4,6,0,,86.68003,,,,93.29833,84.6131,95.833336,93.05556,99.69136,93.33719,84.76852,95.833336,93.05556,99.69136,9.777778,,1.5555556,4.4444447,1.1111112,4.888889,1.0,5.0,,,,,94.44444,94.44444,,,,4.7777777,5.0,4.888889,5.0,97.916664,97.916664,97.916664,97.916664,,1.8571428,4.142857,1.2857143,4.714286,4.0,82.14285,82.14286,82.14285,82.14286,,1.3333334,4.6666665,1.0,5.0,1.1111112,4.888889,,,96.296295,96.296295,,,,1.0,5.0,4.888889,4.888889,1.6666666,4.3333335,1.1111112,4.888889,,,,95.0,95.0,,,,4.4444447,1.3333334,4.6666665,4.3333335,4.4444447,2.0,,,,78.333336,74.44444,,,,3.7777777,2.8888888,3.3333333,1.6666666,4.3333335,1.75,4.25,1.2222222,4.7777777,67.5,67.916664,72.395836,72.33796,,1.0,5.0,1.1111112,4.888889,4.7777777,4.888889,4.888889,4.7777777,1.125,,,,,,96.75926,96.75926,,,,4.888889,5.0,5.0,1.0,5.0,1.0,5.0,99.375,99.44444,99.375,99.44444,,1.1111112,4.888889,1.1111112,4.888889,1.0,5.0,5.0,,96.875,98.611115,,,,4.888889,4.7777777,4.888889,4.888889,,,96.52778,96.52778,,,,9.555555,,,8.888889,8.0,8.222222,8.222222,9.777778,,,,,1.3333334,0.0,1.0,0.0,0.0,0.11111111,,,,,,,0.11111111,0.0,0.0,0.0,0.5555556,0.33333334,0.0,0.0,0.0,0.8888889,3.857143,9.111111,,,,,10.0,4.4444447,1.2222222,,,,,,,,,,,,,,,1.2222222,1.2222222,2.3333333,2.3333333,4.5555553,1.7142857,1.7142857,4.2222223,1.1428572,1.1428572,4.4444447,4.4444447,1.7777778,1.7777778,2.25,2.25,,,,,,,,,,,,,,,,,,
FIN_02042023_L1,Finland,FIN,2023.0,2023-04-23,Legislative,13.0,,1,1,2,4,58634.0,4,6,1,,81.66744,67.85714,83.20829,69.354836,78.877495,79.537926,76.302444,72.34849,87.32113,78.61311,79.94925,76.089745,72.75641,85.65705,9.538462,,2.2307692,3.7692308,1.6923077,4.3076925,1.2307693,4.769231,4.8461537,3.8333333,3.9230769,4.923077,82.051285,82.051285,79.7619,83.470695,,4.923077,4.923077,4.923077,4.923077,98.07692,98.07692,98.07692,98.07692,,2.5555556,3.4444444,1.5555556,4.4444447,3.875,72.916664,73.03241,72.916664,73.03241,,1.1818181,4.818182,1.1666666,4.8333335,1.1666666,4.8333335,1.1666666,4.8333335,95.454544,95.70707,95.454544,95.73864,,1.2307693,4.769231,4.769231,4.3846154,1.2307693,4.769231,1.3076923,4.6923075,4.076923,2.4166667,3.5833333,91.92308,91.92308,86.90476,85.87454,,3.9230769,2.0769231,3.9230769,4.1538463,4.3846154,2.5,3.4545455,2.5454545,3.4166667,71.875,69.42308,64.79592,63.738346,,4.0,3.3076923,3.6666667,2.3333333,3.6666667,1.6153846,4.3846154,1.2307693,4.769231,74.0,70.128204,77.5,74.1453,,1.2307693,4.769231,1.4615384,4.5384617,4.769231,4.769231,4.6363635,4.6923075,1.25,4.076923,1.9230769,3.4166667,1.5,4.5,92.80303,92.3951,69.44444,70.03642,,4.8461537,4.8461537,4.923077,1.4615384,4.5384617,1.1666666,4.8333335,96.25,94.9359,96.25,94.9359,,1.3076923,4.6923075,1.8461539,4.1538463,1.1538461,4.8461537,4.0,4.3333335,81.94444,85.57692,83.888885,85.128204,,4.769231,4.5384617,4.7272725,4.8461537,1.3846154,4.6153846,92.61364,93.006996,91.818184,92.48251,,9.615385,,,9.230769,7.3846154,8.0,8.692307,9.692307,,0.0,0.0,0.0,1.3076923,,1.0,,,,,,,,,,0.0,0.0,0.0,0.0,0.9230769,0.07692308,0.0,0.0,0.0,1.0,3.8333333,8.769231,,,,,2.2307692,4.1538463,1.0769231,,,,,,,,,,,,,,,,,,,,,,,,,,,,,,,,,,,,,,,,,,,,,,,,
FIN_11022024_P2,Finland,FIN,2024.0,2024-02-11,Presidential,6.0,,1,1,2,4,57064.0,4,6,1,,89.45578,91.32653,86.38441,,85.231476,84.861115,80.90278,81.15741,94.00463,84.78299,83.94676,80.06944,81.36574,93.75,9.833333,,1.1666666,4.8333335,1.1666666,4.8333335,1.0,5.0,4.3333335,4.0,4.8,4.8333335,97.22222,97.22222,92.85714,91.54762,,4.8333335,5.0,4.8333335,4.8333335,96.875,96.875,96.875,96.875,,1.0,5.0,1.0,5.0,3.0,83.33333,83.333336,83.33333,83.333336,,1.0,5.0,1.2,4.8,1.0,5.0,1.0,5.0,97.916664,98.333336,98.4375,98.75,,1.0,5.0,4.8333335,4.1666665,2.0,4.0,1.1666666,4.8333335,4.0,2.4,3.6,89.166664,89.166664,84.28571,83.690475,,4.5,1.3333334,4.6666665,4.5,4.8,1.5,2.8,3.2,3.8,82.5,74.833336,75.0,71.309525,,3.4,3.6666667,3.8333333,2.0,4.0,1.1666666,4.8333335,1.0,5.0,73.0,73.666664,79.166664,78.05556,,1.1666666,4.8333335,1.1666666,4.8333335,4.8333335,4.8333335,5.0,4.6666665,1.1666666,3.8,2.2,3.4,2.0,4.0,95.833336,95.833336,73.75,71.5,,4.8333335,4.8333335,4.8333335,1.2,4.8,1.1666666,4.8333335,95.0,95.666664,95.0,95.666664,,1.1666666,4.8333335,1.6666666,4.3333335,1.1666666,4.8333335,4.6666665,4.8,85.416664,91.666664,86.666664,92.333336,,4.1666665,4.6666665,4.8,4.6666665,1.3333334,4.6666665,91.25,89.375,92.0,89.833336,,9.666667,3.5,,9.5,8.333333,8.5,9.166667,9.833333,,0.0,0.0,0.0,1.3333334,1.0,1.0,1.0,,,5.1666665,3.5,0.16666667,5.0,1.0,4.6666665,0.0,0.0,0.0,0.0,0.8333333,0.16666667,0.0,0.0,0.0,1.0,4.6666665,8.833333,,1.0,4.3333335,1.6666666,,,,,,,,,,,,,,,,,,,,,,,,,,,,,,,,,,,,,,,,,,,,,,,,,,,
FRA_18062017_L2,France,FRA,2017.0,2017-06-18,Legislative,14.0,,1,1,2,4,41466.266,4,6,1,,72.03183,67.85714,,,79.230515,69.94173,81.69007,76.78571,88.504555,79.50025,70.28274,82.440475,76.78571,88.492065,9.0,,3.0714285,2.9285715,2.2857144,3.7142856,1.5,4.5,,,,,67.85714,67.85714,,,,4.642857,4.857143,4.6923075,4.857143,93.75,94.05907,93.75,94.05907,,2.0,4.0,2.0,4.0,3.4,69.166664,70.0,69.166664,70.0,,2.857143,3.142857,2.1538463,3.8461537,2.0833333,3.9166667,,,67.42424,65.880646,,,,1.2857143,4.714286,3.9285715,3.3636363,3.0,3.0,1.7857143,4.214286,,,,70.0,71.1039,,,,3.5714285,2.142857,3.857143,3.857143,3.4285715,2.9,,,,61.5,63.07143,,,,3.642857,3.142857,3.4615386,1.7142857,4.285714,2.357143,3.642857,1.3571428,4.642857,65.76923,65.87912,69.871796,70.077835,,1.3571428,4.642857,1.8333334,4.1666665,4.214286,4.428571,3.5,4.642857,1.6666666,,,,,,79.166664,81.64683,,,,4.5,4.357143,4.6923075,1.5,4.5,1.3636364,4.6363635,88.57143,88.42907,88.57143,88.42907,,2.6153846,3.3846154,2.642857,3.357143,1.7692307,4.230769,4.3846154,,72.15909,70.98214,,,,4.5,4.285714,4.0,4.357143,,,81.25,82.14286,,,,9.357142,,,9.0,7.5384617,7.785714,8.428572,8.857142,,,,,2.7692308,0.071428575,0.9285714,0.0,0.0,0.071428575,,,,,,,0.0,0.0,0.0,0.0,0.42857143,0.5,0.0,0.0,0.071428575,0.5,4.428571,8.071428,,,,,9.571428,6.071429,2.357143,,,,,4.214286,,,,,,57.357143,31.0,3.7142856,3.7142856,1.7142857,1.7142857,,,,,,,,,,,,,,,,,,,,,,,,,,,,,,,,
FRA_07052017_P2,France,FRA,2017.0,2017-05-07,Presidential,19.0,,1,1,2,4,41466.266,4,6,1,,72.78392,85.71429,,,79.79028,72.85915,81.474304,76.57164,88.25602,80.063965,72.79605,80.68348,76.64474,90.13158,9.052631,,3.0,3.0,2.1052632,3.8947368,1.4736842,4.5263157,,,,,70.17544,70.17544,,,,4.631579,4.5555553,4.6875,4.8421054,92.083336,91.97962,92.083336,91.97962,,2.3333333,3.6666667,2.25,3.75,3.9,71.875,69.30556,71.875,69.30556,,3.0588236,2.9411764,2.1875,3.8125,2.0666666,3.9333334,,,63.194443,64.05842,,,,1.5263158,4.4736843,4.105263,3.8823528,1.9473684,4.0526314,1.6111112,4.388889,,,,81.5625,79.51411,,,,3.4210527,2.2222223,3.7777777,3.7894738,3.631579,3.1,,,,64.0,63.599415,,,,3.7894738,3.875,3.5263157,2.0,4.0,2.375,3.625,1.3333334,4.6666665,72.083336,69.07895,75.69444,72.84357,,1.5,4.5,1.5714285,4.428571,4.368421,4.5263157,3.6363637,4.5555553,1.7647059,,,,,,90.104164,83.39678,,,,4.631579,4.7894735,4.7222223,1.3333334,4.6666665,1.2352941,4.7647057,91.78571,92.87324,91.78571,92.87324,,1.7222222,4.2777777,2.8333333,3.1666667,1.7647059,4.2352943,4.1538463,,69.88636,73.95991,,,,4.5263157,4.5789475,4.352941,4.5263157,,,87.5,87.40325,,,,9.105263,,,8.473684,7.5263157,7.5263157,7.7894735,8.578947,,,,,2.8421052,0.10526316,1.0,0.05263158,0.0,0.05263158,,,,,,,0.0,0.0,0.05263158,0.0,0.36842105,0.57894737,0.0,0.0,0.0,0.47368422,4.4736843,7.9473686,,,,,9.526316,6.5789475,2.7894738,,,,,4.4736843,,,,,,67.947365,29.0,3.9473684,8.947369,2.0,2.0,,,,,,,,,,,,,,,,,,,,,,,,,,,,,,,,
FRA_24042022_P2,France,FRA,2022.0,2022-04-24,Presidential,3.0,,1,2,2,4,50541.25936432727,4,6,1,,63.52041,63.52041,,,71.01273,61.597225,82.87037,64.583336,75.0,72.59838,62.84722,84.25926,64.583336,78.703705,8.666667,,3.3333333,2.6666667,3.3333333,2.6666667,2.6666667,3.3333333,,,,,47.22222,47.22222,,,,4.3333335,4.3333335,4.3333335,4.6666665,85.416664,85.416664,85.416664,85.416664,,2.5,3.5,4.0,2.0,1.5,33.333332,33.333332,33.333332,33.333332,,3.3333333,2.6666667,2.3333333,3.6666667,1.5,4.5,,,75.0,65.27778,,,,1.6666666,4.3333335,4.6666665,4.6666665,3.0,3.0,1.6666666,4.3333335,,,,80.0,80.0,,,,2.0,3.0,3.0,3.3333333,2.0,2.6666667,,,,40.0,40.0,,,,3.0,3.0,2.6666667,2.0,4.0,3.3333333,2.6666667,1.0,5.0,51.666668,51.666668,59.72222,59.72222,,1.3333334,4.6666665,1.3333334,4.6666665,4.6666665,4.6666665,3.0,4.6666665,1.0,,,,,,81.25,84.72222,,,,5.0,5.0,5.0,2.0,4.0,1.3333334,4.6666665,93.333336,93.333336,93.333336,93.333336,,1.3333334,4.6666665,2.0,4.0,1.0,5.0,3.0,,75.0,79.166664,,,,4.3333335,4.3333335,4.3333335,4.3333335,,,83.333336,83.333336,,,,9.666667,,,6.0,4.3333335,4.3333335,5.6666665,8.333333,,1.3333334,,,2.3333333,0.0,1.0,0.0,0.0,0.0,,,,,,,0.0,0.0,0.0,0.0,0.6666667,0.33333334,0.0,0.0,0.0,0.6666667,2.6666667,8.333333,,,,,9.333333,6.6666665,3.3333333,,,,,,,,,,,,,,,,,,,,,,,,,,,,,,,1.6666666,4.3333335,4.6666665,1.0,5.0,1.0,5.0,1.3333334,4.6666665,1.6666666,4.3333335,1.0,5.0,2.0,2.0,4.0,2.0,4.0
FRA_19062022_L2,France,FRA,2022.0,2022-06-19,Legislative,3.0,,1,2,2,4,50541.25936432727,4,6,1,,,,,,71.26736,52.083332,79.861115,62.5,90.625,60.364582,50.486107,77.083336,62.5,90.625,9.0,,3.3333333,2.6666667,3.6666667,2.3333333,1.6666666,4.3333335,,,,,52.77778,52.77778,,,,4.5,4.5,4.5,4.5,87.5,87.5,87.5,87.5,,4.0,2.0,4.0,2.0,3.0,33.333332,33.333332,33.333332,33.333332,,4.0,2.0,3.0,3.0,1.5,4.5,,,54.166664,54.166668,,,,1.5,4.5,3.5,2.5,3.5,2.5,1.5,4.5,,,,62.5,62.5,,,,3.0,3.0,3.0,3.5,3.0,,,,,,,,,,3.0,2.5,2.0,2.5,3.5,3.0,3.0,1.5,4.5,30.0,45.0,37.5,52.083332,,1.0,5.0,1.0,5.0,4.0,4.0,,4.5,1.0,,,,,,,,,,,4.5,4.5,4.5,,,1.0,5.0,,,,,,1.0,5.0,3.0,3.0,2.0,4.0,,,,,,,,4.5,4.0,4.5,4.5,,,84.375,84.375,,,,8.5,,,6.5,4.5,5.5,5.0,8.5,,1.0,,,1.0,0.0,0.6666667,0.0,0.0,0.0,,,,,,,0.0,0.0,0.0,0.0,0.33333334,0.33333334,0.0,0.0,0.0,0.33333334,3.0,5.5,,,,,9.5,5.0,1.0,,,,,,,,,,,,,,,,,,,,,,,,,,,,,,,1.5,4.5,3.5,2.0,4.0,2.0,4.0,3.0,3.0,1.0,5.0,1.5,4.5,2.0,2.0,4.0,,
FRA_07072024_L2,France,FRA,2024.0,2024-07-07,Legislative,7.0,,1,2,2,4,55441.0,4,6,1,,71.01403,74.65987,71.37289,72.17742,71.778275,67.599205,61.52778,68.89881,89.0873,72.334656,67.242065,59.087303,66.666664,92.46032,8.5,,2.857143,3.142857,2.2857144,3.7142856,1.4285715,4.571429,3.6666667,3.0,3.0,3.7142856,70.2381,70.2381,67.85714,63.605442,,4.142857,4.428571,5.0,4.857143,90.625,90.17857,90.625,90.17857,,2.6,3.4,2.25,3.75,3.4,68.75,62.916668,68.75,62.916668,,2.8333333,3.1666667,1.6666666,4.3333335,1.6666666,4.3333335,3.0,3.0,73.611115,73.611115,67.708336,67.708336,,1.4,4.6,3.2,3.0,2.4,3.6,1.6,4.4,3.0,3.0,3.0,69.0,69.0,63.571426,63.57143,,3.5,2.5,3.5,3.5,3.75,2.5,4.0,2.0,3.25,58.75,58.75,53.57143,53.57143,,4.0,3.75,3.25,1.5,4.5,2.25,3.75,1.0,5.0,71.25,71.25,76.041664,76.041664,,2.25,3.75,2.0,4.0,4.5,4.75,3.3333333,4.75,2.0,4.0,2.0,2.0,1.5,4.5,81.94444,79.513885,62.5,58.958332,,5.0,5.0,5.0,1.25,4.75,1.0,5.0,98.75,98.75,98.75,98.75,,2.5,3.5,3.75,2.25,1.5,4.5,4.6666665,4.3333335,64.583336,68.229164,68.333336,71.25,,4.75,4.25,3.75,4.75,1.75,4.25,84.375,84.375,83.75,83.75,,9.25,1.0,,8.25,3.75,6.25,7.25,9.5,,0.0,0.0,0.0,1.0,,1.0,,,1.0,5.5,4.5,0.25,4.75,1.0,3.75,0.0,0.0,0.0,0.0,0.42857143,0.14285715,0.0,0.0,0.0,1.0,3.5,6.5,,4.5,6.25,2.75,,,,,,,,,,,,,,,,,,,,,,,,,,,,,,,,,,,,,,,,,,,,,,,,,,,
GAB_27082016_P2,Gabon,GAB,2016.0,2016-08-27,Presidential,9.0,,6,5,0,3,18107.6,1,2,0,,28.162745,27.933674,,,40.8591,36.21528,48.34105,41.666668,37.213406,41.493053,38.773148,49.11265,41.666668,36.419754,2.8888888,,4.125,1.875,3.7777777,2.2222223,3.3333333,2.6666667,,,,,28.125,31.365742,,,,2.125,2.8888888,1.75,2.4444444,31.25,32.552082,31.25,32.552082,,4.0,2.0,3.5714285,2.4285715,2.142857,30.555555,29.761904,30.555555,29.761904,,3.25,2.75,3.0,3.0,3.375,2.625,,,42.708332,44.791668,,,,2.2222223,3.7777777,3.5555556,4.125,3.125,2.875,3.0,3.0,,,,59.375,61.666668,,,,1.4444444,3.8888888,2.1111112,1.6666666,1.2222222,3.6666667,,,,25.555555,25.555555,,,,1.2857143,1.5714285,1.1111112,3.6666667,2.3333333,4.0,2.0,4.0,2.0,15.714286,16.507936,16.666666,17.92328,,3.2222223,2.7777777,4.75,1.25,3.6666667,3.5555556,1.75,4.0,1.25,,,,,,46.428574,45.833332,,,,3.125,1.5555556,1.4444444,3.2222223,2.7777777,2.7142856,3.2857144,37.857143,35.94246,37.857143,35.94246,,5.0,1.0,3.0,3.0,4.888889,1.1111112,2.3333333,,21.09375,21.527779,,,,1.4444444,2.0,2.0,1.5555556,,,18.75,18.75,,,,8.333333,,,2.1111112,2.3333333,3.1111112,3.2222223,2.2222223,,,,,2.875,0.33333334,0.7777778,0.33333334,0.33333334,0.33333334,,,,,,,0.22222222,0.0,0.0,0.22222222,0.22222222,0.0,0.0,0.11111111,0.0,0.6666667,4.5555553,7.3333335,,4.7777777,6.5555553,7.3333335,,,,,14.111111,4.0,4.0,13.444445,2.0,4.5555553,4.5555553,4.5555553,4.5555553,,,,,,,,,,,,,,,,,,,,,,,,,,,,,,,,,,,,,,
GAB_27102018_L2,Gabon,GAB,2018.0,2018-10-27,Legislative,4.0,,7,5,0,3,16562.4140625,1,2,0,,24.14966,21.683674,,,25.439816,21.145834,33.680557,20.3125,26.620369,25.876736,21.562502,34.895832,20.3125,26.73611,2.5,,3.75,2.25,4.0,2.0,3.75,2.25,,,,,29.166666,29.166666,,,,1.5,2.25,1.6666666,1.75,20.833334,19.791666,20.833334,19.791666,,3.75,2.25,3.5,2.5,2.5,35.416668,35.416668,35.416668,35.416668,,4.3333335,1.6666666,4.3333335,1.6666666,4.0,2.0,,,19.444445,19.444445,,,,4.0,2.0,4.0,2.75,3.75,2.25,4.6666665,1.3333334,,,,33.333332,36.666668,,,,1.5,4.75,1.25,1.75,2.0,4.6666665,,,,26.666666,30.833332,,,,1.0,1.0,1.0,4.75,1.25,5.0,1.0,5.0,1.0,0.0,1.25,0.0,1.0416666,,3.5,2.5,4.0,2.0,2.75,2.25,1.75,3.25,1.25,,,,,,35.416668,35.416668,,,,1.0,1.5,1.0,3.0,3.0,3.6666667,2.3333333,18.333334,19.166666,18.333334,19.166666,,4.25,1.75,3.75,2.25,3.0,3.0,2.25,,32.8125,32.8125,,,,1.25,2.5,1.25,1.75,,,17.1875,17.1875,,,,9.0,,,2.25,2.25,3.25,2.5,2.5,,,,,3.0,0.25,0.5,0.25,0.0,0.0,,,,,,,0.25,0.0,0.0,0.0,0.5,0.25,0.0,0.25,0.0,0.5,4.25,8.25,,,,,5.0,3.25,2.5,,,,,,,,,,,,,,,3.75,3.75,1.5,1.5,1.5,2.75,2.75,2.5,1.0,1.0,2.25,1.5,4.25,4.25,3.75,3.75,,,,,,,,,,,,,,,,,,
GAB_26082023_P1,Gabon,GAB,2023.0,2023-08-26,Presidential,3.0,,7,5,0,3,19718.0,1,2,0,,17.091837,21.938776,20.833334,26.209677,19.311344,18.611113,30.27778,12.731481,15.625001,27.751736,16.192131,43.88889,18.055555,23.61111,1.0,,4.6666665,1.3333334,5.0,1.0,4.0,2.0,2.6666667,2.0,2.6666667,4.3333335,11.111111,11.111111,32.142857,32.142857,,1.3333334,2.5,1.5,2.3333333,18.75,22.916666,18.75,22.916666,,4.5,1.5,5.0,1.0,3.5,25.0,25.0,25.0,25.0,,4.0,2.0,5.0,1.0,5.0,1.0,5.0,1.0,8.333333,8.333333,6.25,6.25,,3.5,2.5,4.0,4.0,4.0,2.0,5.0,1.0,2.5,4.5,1.5,50.0,42.5,50.0,37.5,,1.5,5.0,1.0,1.5,1.0,2.5,5.0,1.0,3.0,12.5,12.5,16.071428,16.071428,,1.5,1.5,1.5,5.0,1.0,5.0,1.0,5.0,1.0,7.5,7.5,6.25,6.25,,4.0,2.0,5.0,1.0,1.5,1.0,1.5,2.0,1.5,4.5,1.5,2.5,4.5,1.5,12.5,12.5,11.25,11.25,,1.5,3.0,1.0,5.0,1.0,5.0,1.0,12.5,12.5,12.5,12.5,,5.0,1.0,2.5,3.5,1.0,5.0,1.0,1.0,40.625,40.625,32.5,32.5,,1.0,2.5,1.5,1.0,3.0,3.0,12.5,12.5,30.0,20.0,,8.5,,,2.0,1.5,1.5,2.5,1.0,,0.0,0.0,0.0,1.0,,1.0,,,,,,,,,,0.0,0.0,0.0,0.0,0.33333334,0.33333334,0.0,0.0,0.0,1.0,3.5,9.5,,,,,1.0,1.0,1.0,,,,,,,,,,,,,,,,,,,,,,,,,,,,,,,,,,,,,,,,,,,,,,,,
GMB_01122016_P1,Gambia,GMB,2016.0,2016-12-01,Presidential,9.0,,7,6,0,1,1689.0756,1,2,0,,45.20279,59.183674,,,45.492863,38.149803,39.4235,43.055557,61.342594,47.762344,38.310184,48.726852,43.055557,60.95679,7.3333335,,4.3333335,1.6666666,4.2222223,1.7777778,3.4444444,2.5555556,,,,,25.0,25.0,,,,4.2222223,4.111111,4.0,3.7777777,75.69444,75.69444,75.69444,75.69444,,3.0,3.0,3.3333333,2.6666667,3.375,47.22222,50.34722,47.22222,50.34722,,3.6666667,2.3333333,3.2222223,2.7777777,3.6666667,2.3333333,,,36.11111,37.037037,,,,2.3333333,3.6666667,3.2222223,3.8888888,3.375,2.625,3.6666667,2.3333333,,,,55.0,53.680557,,,,1.8888888,4.7777777,1.2222222,1.6666666,2.4444444,3.625,,,,28.125,29.23611,,,,1.5714285,2.125,1.875,2.75,3.25,4.5,1.5,2.625,3.375,23.333334,26.607143,27.777777,32.06845,,2.7777777,3.2222223,3.5714285,2.4285715,3.7777777,3.8888888,2.0,2.0,1.25,,,,,,50.0,47.156086,,,,4.285714,3.5555556,4.5,3.375,2.625,2.4444444,3.5555556,69.166664,67.60913,69.166664,67.60913,,4.625,1.375,3.2222223,2.7777777,2.6666667,3.3333333,3.375,,46.42857,42.881943,,,,4.0,3.6666667,3.4444444,4.0,,,69.44444,69.44444,,,,9.0,,,3.1111112,2.6666667,2.6666667,2.3333333,6.5555553,,,,,2.8888888,0.11111111,0.7777778,0.11111111,0.22222222,0.11111111,,,,,,,0.0,0.11111111,0.11111111,0.11111111,0.22222222,0.0,0.0,0.0,0.0,0.44444445,3.6666667,9.111111,,4.0,7.7777777,7.7777777,,,,,3.5555556,14.333333,14.333333,14.555555,3.5555556,4.111111,4.111111,4.3333335,4.3333335,,,,,,,,,,,,,,,,,,,,,,,,,,,,,,,,,,,,,,
GMB_06042017_L1,Gambia,GMB,2017.0,2017-04-06,Legislative,6.0,,6,6,0,1,1689.0756,1,2,0,,47.59141,50.765305,,,51.475113,42.937496,34.86111,56.25,71.85185,54.412613,44.444443,42.418983,58.333332,72.453705,7.3333335,,3.5,2.5,3.0,3.0,3.0,3.0,,,,,45.833332,45.833332,,,,4.0,3.0,3.8333333,4.0,67.708336,67.708336,67.708336,67.708336,,3.6666667,2.3333333,3.75,2.25,2.5,36.11111,34.02778,36.11111,34.02778,,3.4,2.6,3.6,2.4,3.25,2.75,,,45.833332,39.583332,,,,2.8333333,3.1666667,2.8333333,2.8333333,3.5,2.5,2.0,4.0,,,,50.0,51.666668,,,,3.3333333,4.0,2.0,2.8333333,2.8333333,3.2,,,,43.0,46.0,,,,1.6,2.0,1.6,2.6666667,3.3333333,4.0,2.0,3.4,2.6,36.666668,27.666666,37.5,29.722221,,2.5,3.5,2.8,3.2,4.0,3.8333333,2.3333333,1.25,1.25,,,,,,52.083332,50.48611,,,,3.6,4.0,4.1666665,1.8,4.2,1.8,4.2,75.0,75.833336,75.0,75.833336,,3.2,2.8,1.8333334,4.1666665,1.8333334,4.1666665,3.6,,65.0,67.083336,,,,4.0,3.3333333,3.6666667,4.0,,,68.75,68.75,,,,9.0,,,5.8333335,6.1666665,6.3333335,3.3333333,7.3333335,,,,,2.8333333,0.33333334,0.33333334,0.33333334,0.0,0.0,,,,,,,0.0,0.0,0.0,0.0,0.0,1.0,0.0,0.0,0.0,0.5,5.0,8.833333,,,,,8.5,6.0,3.3333333,,,,,4.0,,,,,,66.333336,50.333332,3.3333333,19.333334,2.6666667,2.6666667,,,,,,,,,,,,,,,,,,,,,,,,,,,,,,,,
GMB_04122021_P1,Gambia,GMB,2021.0,2021-12-04,Presidential,5.0,,4,4,1,1,2433.8983959892753,1,2,0,,59.268707,60.459183,,,65.64931,54.958332,49.583332,72.5,85.55556,66.44965,54.0625,54.23611,72.5,85.0,8.0,,2.8,3.2,2.6,3.4,1.4,4.6,,,,,68.333336,68.333336,,,,4.4,4.0,3.8,4.4,78.75,78.75,78.75,78.75,,1.5,4.5,1.5,4.5,3.3333333,75.0,77.77778,75.0,77.77778,,2.6,3.4,2.0,4.0,3.25,2.75,,,64.58333,59.583332,,,,3.4,2.6,2.6,3.4,2.2,3.8,1.8,4.2,,,,58.0,58.0,,,,3.6,2.8,3.2,3.5,4.2,3.25,,,,56.666668,63.75,,,,1.75,1.75,1.75,2.5,3.5,4.0,2.0,2.2,3.8,33.333332,28.75,40.27778,35.625,,1.6,4.4,2.8,3.2,4.4,4.4,2.8,1.5,1.5,,,,,,58.333332,61.25,,,,4.6,4.4,4.6,1.5,4.5,1.5,4.5,86.25,88.0,86.25,88.0,,4.2,1.8,2.8,3.2,2.2,3.8,4.6,,58.75,58.75,,,,3.2,3.6,3.8,4.0,,,66.25,66.25,,,,9.0,,,7.8,6.4,6.0,5.4,7.0,,,,,1.8,0.2,0.6,0.2,0.2,0.0,,,,,,,0.0,0.0,0.0,0.2,0.2,0.6,0.2,0.2,0.0,0.2,4.0,8.4,,,,,9.2,5.2,2.6,,,,,,,,,,,,,,,,,,,,,,,,,,,,,,,,,,,,,,,,,,,,,,,,
GMB_09042022_L1,Gambia,GMB,2022.0,2022-04-09,Legislative,4.0,,4,4,1,1,2281.30552640672,1,2,0,,64.314064,,,,69.43576,66.458336,55.90278,73.4375,81.94444,72.113716,64.322914,69.09722,73.4375,81.59722,8.5,,2.0,4.0,2.0,4.0,1.75,4.25,,,,,77.083336,77.083336,,,,4.75,4.0,4.75,4.75,89.0625,89.0625,89.0625,89.0625,,1.6666666,4.3333335,1.6666666,4.3333335,3.0,72.22222,72.22222,72.22222,72.22222,,2.3333333,3.6666667,2.0,4.0,2.6666667,3.3333333,,,79.166664,66.666664,,,,1.3333334,4.6666665,3.0,4.5,2.3333333,3.6666667,2.0,4.0,,,,76.666664,74.166664,,,,3.75,3.0,3.0,3.25,3.75,2.75,,,,57.5,57.5,,,,2.0,2.0,2.25,1.3333334,4.6666665,4.0,2.0,2.0,4.0,55.0,39.583332,58.333332,45.48611,,1.5,4.5,1.0,5.0,4.5,4.5,2.6666667,1.5,1.5,,,,,,70.833336,69.44444,,,,4.5,4.25,4.75,1.75,4.25,1.5,4.5,86.25,86.25,86.25,86.25,,2.0,4.0,2.0,4.0,1.5,4.5,4.0,,81.25,78.125,,,,4.25,4.0,3.5,4.25,,,75.0,75.0,,,,9.5,,,7.25,5.5,7.0,6.75,8.25,,1.75,,,2.25,0.25,0.75,0.25,0.0,0.0,,,,,,,0.0,0.0,0.0,0.25,0.25,0.75,0.25,0.0,0.0,0.5,5.0,7.75,,,,,9.0,6.5,1.75,,,,,,,,,,,,,,,,,,,,,,,,,,,,,,,1.0,5.0,3.25,1.25,4.75,1.25,4.75,1.0,5.0,1.0,5.0,1.6666666,4.3333335,2.3333333,1.0,5.0,1.0,5.0
GEO_01102012_L1,Georgia,GEO,2012.0,2012-10-01,Legislative,7.0,,3,3,1,2,8026.5073,3,5,0,,52.89116,40.816326,,,54.885914,42.261906,55.654762,58.92857,62.698414,55.083084,40.967262,55.95238,58.92857,64.48413,,,2.1666667,3.8333333,3.857143,2.142857,2.2857144,3.7142856,,,,,58.333332,55.753967,,,,3.5714285,3.857143,3.142857,3.3333333,65.625,61.904762,65.625,61.904762,,3.0,3.0,2.5,3.5,3.5,62.5,58.333332,62.5,58.333332,,3.1666667,2.8333333,3.1666667,2.8333333,2.8,3.2,,,51.666664,48.88889,,,,2.7142856,3.2857144,4.3333335,3.0,3.857143,2.142857,3.142857,2.857143,,,,54.166668,53.095238,,,,2.5714285,3.4285715,2.5714285,2.4285715,2.2857144,3.8333333,,,,40.0,43.45238,,,,2.7142856,1.7142857,2.0,3.7142856,2.2857144,4.428571,1.5714285,,,26.428572,26.428572,,,,2.6666667,3.3333333,3.5714285,2.4285715,3.857143,4.142857,3.6666667,3.5,2.0,,,,,,47.916664,62.20238,,,,4.0,4.0,3.7142856,1.5714285,4.428571,2.142857,3.857143,75.0,75.0,75.0,75.0,,2.7142856,3.2857144,2.142857,3.857143,1.5714285,4.428571,3.3333333,,67.708336,68.15476,,,,3.0,3.6666667,3.2857144,3.4285715,,,56.25,58.63095,,,,9.0,,,4.285714,6.1666665,5.6666665,5.5,6.142857,,,,,3.0,0.0,0.85714287,0.42857143,0.14285715,0.0,,,,,,,0.0,0.0,0.0,0.14285715,0.2857143,0.71428573,0.0,0.0,0.0,0.2857143,5.857143,7.857143,,,,,,,,,,,,,,,,,,,,,,,,,,,,,,,,,,,,,,,,,,,,,,,,,,,,,,,
GEO_27102013_P1,Georgia,GEO,2013.0,2013-10-27,Presidential,9.0,,3,3,1,2,8541.8125,3,5,0,,63.316326,67.006805,,,66.23913,54.949074,69.2667,66.666664,74.07407,66.10147,55.069443,70.138885,66.666664,72.53087,7.6666665,,2.2222223,3.7777777,2.2222223,3.7777777,1.4444444,4.5555553,,,,,75.92593,75.92593,,,,3.7777777,4.0,3.7777777,3.8888888,71.52778,71.52778,71.52778,71.52778,,3.0,3.0,2.8,3.2,3.4,55.0,55.0,55.0,55.0,,2.375,3.625,2.625,3.375,2.625,3.375,,,61.458332,61.458332,,,,3.0,3.0,4.0,3.1111112,3.8888888,2.1111112,2.1111112,3.8888888,,,,55.555557,55.555557,,,,3.1111112,2.8888888,3.1111112,3.6666667,3.2222223,3.2222223,,,,56.666668,56.666668,,,,3.75,3.2222223,3.2222223,3.5555556,2.4444444,3.3333333,2.6666667,,,52.5,51.52778,,,,2.125,3.875,2.2857144,3.7142856,4.4444447,4.2222223,3.125,3.875,1.3333334,,,,,,70.2381,71.8998,,,,3.875,4.3333335,4.25,1.25,4.75,1.6666666,4.3333335,87.5,82.708336,87.5,82.708336,,2.3333333,3.6666667,1.8888888,4.111111,1.1111112,4.888889,3.75,,78.90625,77.604164,,,,3.7777777,4.0,3.6666667,3.8888888,,,70.833336,70.833336,,,,8.625,,,5.111111,5.5555553,5.5555553,5.888889,6.3333335,,,,,2.875,0.22222222,0.7777778,0.5555556,0.0,0.0,,,,,,,0.0,0.0,0.0,0.11111111,0.44444445,0.5555556,0.11111111,0.11111111,0.11111111,0.6666667,5.4444447,9.0,,3.4444444,7.3333335,7.0,,,,,,,,,,,,,,,,,,,,,,,,,,,,,,,,,,,,,,,,,,,,,,,,,,,
GEO_08102016_L1,Georgia,GEO,2016.0,2016-10-08,Legislative,8.0,,3,3,1,2,9996.9355,3,5,0,,63.860542,62.857143,,,66.86818,51.674107,70.08929,67.63393,78.0754,66.64713,50.963543,69.09722,68.75,77.77778,7.25,,3.5,2.5,3.5,2.5,1.625,4.375,,,,,53.125,53.125,,,,3.75,4.625,3.5714285,4.285714,75.89286,76.45089,75.89286,76.45089,,2.857143,3.142857,3.142857,2.857143,3.0,50.0,50.0,50.0,50.0,,2.4285715,3.5714285,2.2857144,3.7142856,2.5714285,3.4285715,,,64.28571,64.28571,,,,2.5,3.5,3.75,3.625,4.0,2.0,2.857143,3.142857,,,,55.0,55.089287,,,,3.4285715,2.857143,3.142857,3.857143,2.875,3.75,,,,60.714287,60.267857,,,,3.7142856,2.5714285,3.4285715,3.25,2.75,3.875,2.125,2.7142856,3.2857144,48.57143,47.946426,50.0,49.479168,,2.5,3.5,2.7142856,3.2857144,4.5,4.125,3.857143,4.142857,1.2857143,,,,,,74.30556,72.54464,,,,3.7142856,3.375,3.625,1.5,4.5,1.75,4.25,75.0,72.32143,75.0,72.32143,,3.25,2.75,1.875,4.125,1.25,4.75,3.875,,71.875,71.875,,,,3.7142856,4.125,3.875,3.5,,,68.75,70.08929,,,,9.25,,,4.75,5.375,5.0,6.0,6.5,,,,,2.875,0.5,0.875,0.75,0.125,0.125,,,,,,,0.0,0.0,0.0,0.0,0.5,0.0,0.0,0.125,0.0,0.875,6.25,9.375,,4.875,8.375,9.25,,,,,15.375,14.25,14.25,15.75,3.375,14.875,14.875,15.0,15.0,,,,,,,,,,,,,,,,,,,,,,,,,,,,,,,,,,,,,,
GEO_28112018_P2,Georgia,GEO,2018.0,2018-11-28,Presidential,10.0,,3,3,1,2,9745.0791015625,3,5,0,,53.903297,48.214287,,,55.421295,52.738426,60.405094,56.875,51.666664,54.854168,51.01389,59.86111,56.875,51.666664,5.2,,3.0,3.0,3.4444444,2.5555556,1.8,4.2,,,,,55.555557,56.296295,,,,3.0,3.9,2.6,2.6,50.625,50.625,50.625,50.625,,2.5,3.5,2.6666667,3.3333333,3.3333333,59.72222,59.72222,59.72222,59.72222,,2.75,3.25,2.9,3.1,3.1111112,2.8888888,,,53.125,51.99074,,,,1.7777778,4.2222223,4.2222223,3.3333333,3.6666667,2.3333333,2.0,4.0,,,,65.55556,65.55556,,,,2.4,3.1,2.9,3.5,2.3,3.5,,,,48.0,48.0,,,,3.0,2.1111112,2.875,4.111111,1.8888888,4.2,1.8,3.7,2.3,31.25,33.375,30.729168,33.229168,,3.4,2.6,3.9,2.1,4.0,3.9,4.111111,4.3,2.0,,,,,,63.88889,62.546295,,,,3.4,3.8888888,3.4444444,1.9,4.1,2.2,3.8,71.111115,68.166664,71.111115,68.166664,,4.1,1.9,4.0,2.0,2.2,3.8,2.9,,41.25,41.25,,,,2.8,3.7,3.2,2.9,,,53.75,53.75,,,,9.2,,,4.3,4.9,4.9,6.9,5.7,,,,,2.9,0.2,0.9,0.6,0.0,0.0,,,,,,,0.0,0.0,0.0,0.1,0.6,0.4,0.0,0.0,0.0,0.9,5.6,9.3,,,,,7.7,5.8,3.1,,,,,,,,,,,,,,,3.6666667,3.6666667,4.3,4.3,2.7777777,3.0,3.0,3.7777777,2.0,2.0,3.2,2.1,4.3333335,4.3333335,4.0,4.0,,,,,,,,,,,,,,,,,,
GEO_31102020_L1,Georgia,GEO,2020.0,2020-10-31,Legislative,4.0,,4,3,1,3,14731.20059474575,3,5,0,,58.290817,66.07143,,,64.36922,68.125,67.30324,67.1875,54.86111,64.21007,68.125,66.66667,67.1875,54.86111,6.0,,1.5,4.5,2.0,4.0,1.0,5.0,,,,,87.5,87.5,,,,3.0,4.5,2.75,3.0,57.8125,57.8125,57.8125,57.8125,,1.75,4.25,1.75,4.25,3.0,70.83333,70.83333,70.83333,70.83333,,3.0,3.0,2.5,3.5,2.0,4.0,,,58.333332,62.5,,,,1.25,4.75,4.5,4.0,3.5,2.5,1.75,4.25,,,,75.0,75.0,,,,2.75,2.5,3.5,3.75,2.75,2.75,,,,52.5,52.5,,,,3.25,2.5,3.5,3.0,3.0,3.5,2.5,2.3333333,3.6666667,48.75,48.75,58.333332,51.73611,,3.0,3.0,3.25,2.75,4.5,4.25,4.75,4.0,1.25,,,,,,71.875,71.875,,,,4.0,2.25,3.0,1.25,4.75,1.25,4.75,68.75,68.75,68.75,68.75,,4.75,1.25,4.5,1.5,2.5,3.5,2.5,,29.6875,29.6875,,,,2.5,3.25,2.75,3.0,,,47.916668,46.875,,,,8.75,,,2.5,4.75,5.0,7.25,5.0,,,,,1.0,0.0,0.75,0.25,0.0,0.0,,,,,,,0.0,0.0,0.0,0.0,1.0,0.0,0.0,0.0,0.0,1.0,6.5,8.25,,,,,9.25,6.75,5.25,,,,,,,,,,,,,,,,,,,,,,,,,,,,,,,,,,,,,,,,,,,,,,,,
GEO_26102024_L1,Georgia,GEO,2024.0,2024-10-26,Legislative,7.0,,4,3,1,3,22591.0,3,5,0,,51.105442,51.785717,50.356186,73.3871,51.855984,49.12037,54.434525,51.785717,52.083332,51.946922,48.65079,55.8631,51.190475,52.083332,5.0,,3.5714285,2.4285715,3.4285715,2.5714285,2.142857,3.857143,3.2857144,2.3333333,4.6666665,3.857143,48.809525,48.809525,57.142857,57.142857,,3.4285715,3.857143,2.857143,3.142857,58.035713,58.035713,58.035713,58.035713,,2.25,3.75,2.75,3.25,3.75,64.583336,64.583336,64.583336,64.583336,,2.857143,3.142857,2.857143,3.142857,3.0,3.0,2.6666667,3.3333333,58.333332,52.38095,60.0,53.86905,,1.8571428,4.142857,3.857143,3.7142856,4.142857,1.8571428,2.0,4.0,3.4285715,4.285714,1.7142857,62.857143,62.857143,56.122448,56.122448,,2.7142856,3.4285715,2.5714285,3.142857,2.5714285,3.7142856,4.0,2.0,2.8,48.57143,48.57143,45.714287,44.69388,,2.857143,2.3333333,2.7142856,3.4285715,2.5714285,3.7142856,2.2857144,3.7142856,2.2857144,36.666668,38.809525,34.72222,37.698414,,3.8333333,2.1666667,3.6666667,2.3333333,4.285714,3.857143,3.8333333,2.1666667,1.0,2.4285715,3.5714285,2.2857144,2.8333333,3.1666667,54.166668,52.678574,46.875,44.166668,,3.0,3.5714285,2.7142856,1.7142857,4.285714,2.4285715,3.5714285,60.714287,60.714287,60.714287,60.714287,,4.714286,1.2857143,3.4285715,2.5714285,4.0,2.0,2.7142856,3.4285715,28.571428,28.571428,35.0,35.0,,2.4285715,3.2857144,2.5714285,2.5714285,3.7142856,2.2857144,42.857143,42.857143,40.714287,40.714287,,9.428572,2.0,,3.7142856,4.857143,4.571429,8.166667,4.571429,,0.0,0.0,0.0,1.2857143,1.0,1.0,1.0,,1.0,6.0,4.857143,0.14285715,5.0,1.0,4.142857,0.0,0.0,0.0,0.14285715,0.71428573,0.2857143,0.14285715,0.0,0.0,1.0,4.571429,8.857142,,3.142857,6.0,3.142857,,,,,,,,,,,,,,,,,,,,,,,,,,,,,,,,,,,,,,,,,,,,,,,,,,,
DEU_22092013_L1,Germany,DEU,2013.0,2013-09-22,Legislative,27.0,,1,1,2,4,45232.199,4,6,1,,78.27371,81.88776,,,83.15911,78.069885,87.74944,81.26781,85.54932,83.74068,78.1983,88.34876,80.55556,87.860085,9.384615,,2.5185184,3.4814816,1.7037038,4.296296,1.5185186,4.4814816,,,,,77.16049,77.16049,,,,4.5185184,4.3703704,4.6153846,4.6666665,88.22115,88.568375,88.22115,88.568375,,1.7391304,4.2608695,1.8181819,4.181818,3.5652175,74.242424,75.06587,74.242424,75.06587,,1.7272727,4.2727275,1.5652174,4.4347825,1.7272727,4.2727275,,,84.12698,83.16864,,,,1.2962962,4.703704,4.423077,3.9615386,2.0,4.0,1.4615384,4.5384617,,,,83.478264,83.1339,,,,3.925926,1.9230769,4.076923,4.2222223,4.0,1.8125,,,,62.333332,65.18786,,,,4.0,3.4230769,3.32,1.6666666,4.3333335,2.0,4.0,,,69.78261,70.38205,,,,1.037037,4.962963,1.2916666,4.7083335,4.296296,4.5,4.3333335,4.36,1.05,,,,,,85.11905,88.170525,,,,4.64,4.6666665,4.769231,1.173913,4.826087,1.12,4.88,93.57143,93.90992,93.57143,93.90992,,1.4230769,4.576923,1.44,4.56,1.2,4.8,3.9333334,,83.03571,86.6891,,,,4.3076925,4.24,4.2916665,4.5925927,,,83.152176,83.9497,,,,9.166667,,,8.851851,7.576923,8.115385,7.125,9.115385,,,,,2.8181818,0.14814815,0.9259259,0.037037037,0.0,0.0,,,,,,,0.0,0.0,0.0,0.037037037,0.6666667,0.2962963,0.0,0.0,0.0,0.7037037,4.28,8.576923,,5.4814816,8.074074,8.24,,,,,,,,,,,,,,,,,,,,,,,,,,,,,,,,,,,,,,,,,,,,,,,,,,,
DEU_24092017_L1,Germany,DEU,2017.0,2017-09-24,Legislative,21.0,,1,1,2,4,48729.59042,4,6,1,,79.60728,75.918365,,,84.33798,76.847534,88.690475,82.14286,89.67105,85.07771,76.78571,88.42593,82.14286,92.95635,9.523809,,2.2857144,3.7142856,1.7142857,4.285714,1.2857143,4.714286,,,,,80.95238,80.95238,,,,4.904762,4.8095236,4.9,5.0,98.125,97.58929,98.125,97.58929,,1.7894737,4.2105265,1.7777778,4.2222223,3.5,75.46296,74.43957,75.46296,74.43957,,1.6666666,4.3333335,1.5,4.5,1.5,4.5,,,88.690475,86.111115,,,,1.6,4.4,3.8095238,3.8095238,1.9047619,4.095238,2.0,4.0,,,,74.75,75.57143,,,,3.952381,2.142857,3.857143,4.3333335,3.857143,2.3,,,,64.0,66.5,,,,4.1904764,3.45,3.65,1.4,4.6,2.7368422,3.2631578,1.1,4.9,70.625,70.76817,75.833336,75.22347,,1.2857143,4.714286,1.4,4.6,4.571429,4.6666665,4.5,4.428571,1.2222222,,,,,,89.70588,89.50397,,,,4.8095236,4.904762,4.85,1.15,4.85,1.2,4.8,96.94444,96.07143,96.94444,96.07143,,1.3809524,4.6190476,2.2380953,3.7619047,1.2380953,4.7619047,4.0,,78.125,82.14286,,,,4.85,4.5238094,4.631579,4.6666665,,,92.708336,91.70035,,,,9.523809,,,8.9,7.85,8.1,7.2,9.1,,,,,2.857143,0.0952381,1.0,0.0,0.04761905,0.0,,,,,,,0.0,0.0,0.0,0.0,0.7619048,0.23809524,0.0,0.0,0.0,0.8095238,4.2,8.619047,,,,,9.571428,5.428571,1.8571428,,,,,4.65,,,,,,35.04762,22.0,8.761905,8.523809,6.3809524,6.3809524,,,,,,,,,,,,,,,,,,,,,,,,,,,,,,,,
DEU_26092021_L1,Germany,DEU,2021.0,2021-09-26,Legislative,12.0,,1,1,2,4,57927.590074170315,4,6,1,,79.835335,91.32653,,,84.77075,80.15467,87.04808,82.8125,89.06776,84.40755,79.81771,86.22685,82.8125,88.77315,9.083333,,1.6666666,4.3333335,1.5,4.5,1.3333334,4.6666665,,,,,87.5,87.5,,,,4.25,4.6666665,4.5833335,4.6666665,88.541664,88.541664,88.541664,88.541664,,1.25,4.75,1.3333334,4.6666665,4.0,88.541664,86.80556,88.541664,86.80556,,1.3333334,4.6666665,1.3333334,4.6666665,1.5714285,4.428571,,,90.27778,89.68253,,,,1.1666666,4.8333335,4.0833335,3.5833333,2.0,4.0,1.4166666,4.5833335,,,,80.416664,80.416664,,,,3.8333333,1.9166666,4.0833335,4.0833335,3.5,2.4285715,,,,59.285713,64.64286,,,,4.25,3.3333333,3.5454545,1.5,4.5,2.909091,3.090909,1.7272727,4.2727275,68.63636,68.59849,70.833336,70.801765,,1.1666666,4.8333335,1.8,4.2,4.3333335,4.6666665,4.375,4.5,1.125,,,,,,89.0625,87.11806,,,,4.5,4.75,4.5833335,1.2727273,4.7272725,1.3333334,4.6666665,91.111115,91.13637,91.111115,91.13637,,1.6363636,4.3636365,1.25,4.75,1.1666666,4.8333335,4.375,,90.625,89.512314,,,,4.5833335,4.4166665,4.5454545,4.25,,,86.931816,86.22159,,,,9.5,,,8.636364,7.181818,7.7272725,6.4545455,8.909091,,,,,1.2727273,0.0,0.9166667,0.0,0.0,0.0,,,,,,,0.0,0.0,0.0,0.0,0.6666667,0.25,0.0,0.0,0.0,0.6666667,3.9,8.363636,,,,,9.090909,5.090909,1.8181819,,,,,,,,,,,,,,,,,,,,,,,,,,,,,,,,,,,,,,,,,,,,,,,,
GHA_07122012_P1,Ghana,GHA,2012.0,2012-12-07,Presidential,13.0,,1,2,2,2,3699.3479,1,2,0,,56.89853,50.68027,,,63.18443,59.517857,52.1408,63.942307,77.13675,64.59135,60.12821,56.089745,63.942307,78.205124,,,2.0769231,3.9230769,2.0,4.0,1.3846154,4.6153846,,,,,79.48718,79.48718,,,,3.0,3.9166667,3.5833333,4.0,66.666664,65.625,66.666664,65.625,,2.3076923,3.6923077,2.7692308,3.2307692,3.1538463,58.974358,58.974358,58.974358,58.974358,,3.1818182,2.8181818,2.25,3.75,3.8181818,2.1818182,,,47.727272,47.916668,,,,2.2307692,3.7692308,3.25,4.25,1.6923077,4.3076925,1.5384616,4.4615383,,,,75.0,75.19231,,,,3.0769231,3.0,3.0,3.5384614,3.4615386,2.9,,,,53.0,54.884617,,,,1.5714285,2.6,1.3333334,3.0,3.0,3.5,2.5,,,25.714285,30.02381,,,,2.5384614,3.4615386,3.2222223,2.7777777,2.75,4.076923,3.2307692,3.0,1.25,,,,,,48.80952,55.4042,,,,4.0833335,4.3076925,3.5,1.3846154,4.6153846,1.3846154,4.6153846,80.0,80.60897,80.0,80.60897,,4.3846154,1.6153846,4.1538463,1.8461539,2.2307692,3.7692308,4.0,,45.3125,45.192307,,,,3.4615386,3.909091,3.5384614,3.0769231,,,63.06818,62.412586,,,,9.090909,,,6.3076925,5.5384617,5.3846154,6.1538463,6.0,,,,,2.75,0.15384616,0.9230769,0.23076923,0.07692308,0.07692308,,,,,,,0.0,0.07692308,0.0,0.15384616,0.46153846,0.3846154,0.0,0.0,0.0,0.7692308,4.6,8.75,,,,,,,,,,,,,,,,,,,,,,,,,,,,,,,,,,,,,,,,,,,,,,,,,,,,,,,
GHA_07122016_P1,Ghana,GHA,2016.0,2016-12-07,Presidential,10.0,,1,2,2,2,4293.5728,1,2,0,,71.35126,72.34694,,,73.41128,71.62351,58.641975,77.083336,86.296295,73.59549,72.229164,60.34722,75.0,86.80556,8.4,,2.2,3.8,1.3,4.7,1.5,4.5,,,,,83.333336,83.333336,,,,4.0,4.0,4.2,4.4,78.75,78.75,78.75,78.75,,1.75,4.25,1.875,4.125,3.625,75.0,75.0,75.0,75.0,,2.3,3.7,2.7,3.3,3.2,2.8,,,56.666668,56.666668,,,,2.0,4.0,4.4,4.9,1.7,4.3,1.1,4.9,,,,87.5,87.5,,,,3.6,2.6,3.4,4.0,4.0,4.0,,,,70.0,70.0,,,,3.2857144,2.8888888,2.0,2.4,3.6,3.8888888,2.1111112,2.4,3.6,41.666668,44.428574,46.52778,47.857143,,2.2,3.8,1.8888888,4.111111,4.4,4.6666665,3.9,2.375,1.25,,,,,,71.42857,71.88657,,,,4.8,3.6,4.6,1.2,4.8,1.1,4.9,88.5,88.5,88.5,88.5,,2.0,4.0,1.5,4.5,1.2222222,4.7777777,4.2222223,,83.92857,84.375,,,,4.2,4.4,4.5,4.5,,,85.0,85.0,,,,9.4,,,8.1,6.4,6.2,8.2,7.8,,,,,3.0,0.3,0.8,0.1,0.2,0.0,,,,,,,0.1,0.1,0.0,0.1,0.6,0.0,0.1,0.0,0.1,0.8,5.4,8.9,,3.9,8.4,8.8,,,,,4.1,2.7,2.7,4.4,13.7,13.2,13.2,13.4,13.4,,,,,,,,,,,,,,,,,,,,,,,,,,,,,,,,,,,,,,
GHA_07122020_P1,Ghana,GHA,2020.0,2020-12-07,Presidential,4.0,,2,2,2,2,5749.655385485279,1,2,0,,62.92517,63.265305,,,69.65278,67.15278,35.76389,87.5,88.19444,69.80035,67.395836,36.11111,87.5,88.19444,7.0,,2.25,3.75,1.75,4.25,1.5,4.5,,,,,79.166664,79.166664,,,,3.5,5.0,3.5,4.75,79.6875,79.6875,79.6875,79.6875,,1.75,4.25,1.75,4.25,4.5,83.333336,83.333336,83.333336,83.333336,,3.25,2.75,2.75,3.25,3.6666667,2.3333333,,,50.0,44.444443,,,,1.25,4.75,4.0,4.5,1.0,5.0,1.75,4.25,,,,87.5,87.5,,,,4.25,2.25,3.75,4.25,4.0,4.25,,,,77.5,77.5,,,,2.3333333,3.0,1.25,3.5,2.5,4.25,1.75,4.0,2.0,26.666666,29.166668,26.38889,28.472221,,2.25,3.75,3.0,3.0,4.5,5.0,3.0,1.0,1.0,,,,,,55.555557,59.375,,,,4.5,3.0,3.6666667,1.0,5.0,1.0,5.0,83.333336,80.833336,83.333336,80.833336,,5.0,1.0,4.75,1.25,3.75,2.25,4.0,,28.125,28.125,,,,3.0,5.0,4.5,3.5,,,75.0,75.0,,,,9.5,,,5.0,4.5,4.5,4.75,5.0,,,,,1.25,0.0,1.0,0.25,0.0,0.0,,,,,,,0.0,0.0,0.0,0.0,0.5,0.5,0.0,0.0,0.0,0.5,4.75,8.75,,,,,8.75,6.25,3.75,,,,,,,,,,,,,,,,,,,,,,,,,,,,,,,,,,,,,,,,,,,,,,,,
GHA_07122024_P1,Ghana,GHA,2024.0,2024-12-07,Presidential,3.0,,2,2,2,2,6796.0,1,2,0,,70.57823,70.918365,72.58064,73.3871,75.47454,64.35185,78.05556,74.07407,85.416664,75.7176,64.35185,79.02778,74.07407,85.416664,8.333333,,2.0,4.0,1.0,5.0,1.0,5.0,4.6666665,4.0,5.0,5.0,91.666664,91.666664,91.666664,91.666664,,4.6666665,5.0,4.6666665,5.0,95.833336,95.833336,95.833336,95.833336,,2.0,4.0,1.3333334,4.6666665,4.6666665,86.11111,86.11111,86.11111,86.11111,,2.6666667,3.3333333,2.0,4.0,3.3333333,2.6666667,3.3333333,2.6666667,58.333332,58.333332,54.166668,54.166668,,1.3333334,4.6666665,4.6666665,4.6666665,1.6666666,4.3333335,1.3333334,4.6666665,3.6666667,3.6666667,2.3333333,90.0,90.0,78.57143,78.57143,,4.0,2.0,4.0,4.0,4.3333335,3.6666667,3.3333333,2.6666667,3.6666667,75.0,75.0,69.04762,69.04762,,1.3333334,1.3333334,1.3333334,4.0,2.0,4.0,2.0,2.3333333,3.6666667,15.0,15.0,23.61111,23.61111,,2.6666667,3.3333333,2.3333333,3.6666667,4.6666665,4.6666665,4.5,3.5,1.0,2.3333333,3.6666667,4.0,2.0,4.0,91.666664,76.388885,77.5,65.0,,4.0,2.6666667,4.3333335,1.3333334,4.6666665,1.3333334,4.6666665,76.666664,76.666664,76.666664,76.666664,,2.6666667,3.3333333,2.3333333,3.6666667,2.0,4.0,4.3333335,4.3333335,70.833336,70.833336,73.333336,73.333336,,4.6666665,4.6666665,3.6666667,4.6666665,2.6666667,3.3333333,85.416664,85.416664,80.0,80.0,,9.0,1.0,,6.6666665,5.6666665,6.0,8.333333,8.333333,,0.0,0.0,0.0,1.6666666,,1.0,1.0,1.0,,4.0,3.3333333,0.0,5.0,1.0,3.3333333,0.0,0.0,0.0,0.0,0.0,0.6666667,0.33333334,0.0,0.0,1.0,6.3333335,9.333333,,8.666667,5.6666665,3.6666667,,,,,,,,,,,,,,,,,,,,,,,,,,,,,,,,,,,,,,,,,,,,,,,,,,,
GRC_25012015_L1,Greece,GRC,2015.0,2015-01-25,Legislative,13.0,,2,2,2,4,26357.938,4,6,1,,69.82268,57.397957,,,69.670815,57.06724,58.403748,74.03846,89.17379,73.5637,58.677883,70.51282,74.03846,91.02564,9.230769,,3.5384614,2.4615386,3.6153846,2.3846154,2.0769231,3.9230769,,,,,48.076923,48.076923,,,,4.5384617,4.769231,4.769231,4.923077,93.75,93.75,93.75,93.75,,3.25,2.75,2.2857144,3.7142856,3.25,58.333332,55.95238,58.333332,55.95238,,2.090909,3.909091,2.2727273,3.7272727,1.5,4.5,,,75.757576,76.13636,,,,1.2307693,4.769231,4.1538463,3.8333333,3.6363637,2.3636363,1.8461539,4.1538463,,,,72.0,71.36946,,,,3.0769231,2.4615386,3.5384614,3.4615386,2.9230769,3.1666667,,,,52.5,55.833332,,,,3.4615386,2.7,1.7272727,2.3846154,3.6153846,2.9,3.1,,,45.625,48.02098,,,,1.2307693,4.769231,1.1666666,4.8333335,4.6923075,4.6153846,3.0,1.375,1.125,,,,,,67.708336,72.021904,,,,4.8333335,4.8461537,4.923077,2.2,3.8,1.6666666,4.3333335,85.0,88.67949,85.0,88.67949,,1.0769231,4.923077,1.6666666,4.3333335,1.4545455,4.5454545,4.7,,92.361115,90.63666,,,,4.4615383,4.5833335,4.1,4.6153846,,,84.375,86.0016,,,,9.769231,,,7.5384617,5.6153846,5.923077,5.769231,8.692307,,,,,3.0,0.07692308,0.9230769,0.07692308,0.15384616,0.07692308,,,,,,,0.0,0.0,0.0,0.0,0.46153846,0.0,0.0,0.0,0.0,0.9230769,4.3076925,8.769231,,5.8461537,8.769231,9.692307,,,,,,,,,,,,,,,,,,,,,,,,,,,,,,,,,,,,,,,,,,,,,,,,,,,
GRC_20092015_L1,Greece,GRC,2015.0,2015-09-20,Legislative,19.0,,2,2,2,4,26357.938,4,6,1,,59.241936,68.19728,,,60.386738,46.69322,51.024326,59.86842,83.96098,61.693623,46.737938,58.223682,59.86842,81.94444,8.0,,3.1578948,2.8421052,4.263158,1.7368422,2.2631578,3.7368422,,,,,44.298244,44.298244,,,,4.4210525,4.5263157,4.4736843,4.6842103,88.1579,88.1579,88.1579,88.1579,,3.2727273,2.7272727,3.5454545,2.4545455,2.6666667,40.151516,40.40404,40.151516,40.40404,,2.357143,3.642857,3.1176472,2.8823528,2.7857144,3.2142856,,,55.555557,56.162464,,,,1.7647059,4.2352943,3.3157895,3.4210527,3.8823528,2.1176472,2.3333333,3.6666667,,,,61.25,58.78225,,,,2.368421,2.7894738,3.2105262,2.8947368,2.631579,3.3636363,,,,46.81818,47.344498,,,,3.1052632,2.3529413,1.7368422,2.8421052,3.1578948,3.6,2.4,,,37.692307,38.764706,,,,1.5555556,4.4444447,1.5882353,4.4117646,4.1578946,4.0,2.25,1.4615384,1.3846154,,,,,,59.895832,61.356842,,,,4.388889,4.368421,4.5555553,1.7272727,4.2727275,1.7333333,4.266667,89.0,84.2613,89.0,84.2613,,1.7647059,4.2352943,1.6666666,4.3333335,1.3157895,4.6842103,4.357143,,84.82143,85.06238,,,,4.111111,4.1578946,3.5625,4.105263,,,76.25,74.604805,,,,9.263158,,,5.2777777,3.6666667,3.8333333,3.8888888,7.5555553,,,,,2.8947368,0.21052632,1.0,0.0,0.0,0.15789473,,,,,,,0.0,0.0,0.05263158,0.0,0.5263158,0.0,0.0,0.0,0.0,1.0,4.368421,8.789474,,5.4736843,7.8421054,8.789474,,,,,,,,,,,,,,,,,,,,,,,,,,,,,,,,,,,,,,,,,,,,,,,,,,,
GRC_07072019_L1,Greece,GRC,2019.0,2019-07-07,Legislative,6.0,,1,2,2,4,30356.266395386276,4,6,0,,67.08333,70.918365,,,62.413193,58.125,47.01389,61.458332,83.05556,64.42564,56.197918,56.712963,61.458332,83.333336,8.333333,,3.5,2.5,3.1666667,2.8333333,2.0,4.0,,,,,52.77778,52.77778,,,,4.1666665,4.3333335,4.3333335,4.6666665,84.375,84.375,84.375,84.375,,1.3333334,4.6666665,1.3333334,4.6666665,3.3333333,80.55556,80.55555,80.55556,80.55555,,2.6,3.4,2.5,3.5,1.8333334,4.1666665,,,63.333332,67.22222,,,,1.6666666,4.3333335,3.6666667,3.1666667,3.0,3.0,1.8333334,4.1666665,,,,66.666664,66.666664,,,,2.5,2.6666667,3.3333333,3.6666667,2.8333333,2.3333333,,,,48.333332,48.333332,,,,2.6666667,2.1666667,1.6666666,2.8333333,3.1666667,3.3333333,2.6666667,2.1666667,3.8333333,36.666668,36.666668,42.36111,42.36111,,1.6666666,4.3333335,1.6666666,4.3333335,4.0,4.0,2.0,1.25,1.25,,,,,,53.125,57.98611,,,,4.1666665,4.1666665,4.0,1.6,4.4,1.3333334,4.6666665,79.0,82.0,79.0,82.0,,1.5,4.5,1.5,4.5,1.1666666,4.8333335,4.1666665,,87.5,87.5,,,,4.0,3.4,3.3333333,4.0,,,62.5,67.083336,,,,9.333333,,,5.8333335,3.8333333,4.5,5.6666665,7.6666665,,,,,1.3333334,0.0,0.6666667,0.16666667,0.0,0.16666667,,,,,,,0.0,0.0,0.0,0.16666667,0.8333333,0.16666667,0.0,0.0,0.0,1.0,4.0,9.0,,,,,8.333333,6.0,3.8333333,,,,,,,,,,,,,,,2.6,2.6,3.0,3.0,2.8333333,2.2,2.2,3.5,1.6666666,1.6666666,3.3333333,2.3333333,3.6666667,3.6666667,4.0,4.0,,,,,,,,,,,,,,,,,,
GRC_25062023_L2,Greece,GRC,2023.0,2023-06-25,Legislative,9.0,,2,2,2,4,35329.0,4,6,1,,69.578476,75.765305,69.4334,78.83064,61.51772,52.79266,66.80886,47.530865,78.93849,59.677856,52.492283,65.23148,45.987656,75.0,8.625,,2.7777777,3.2222223,3.6666667,2.3333333,1.8888888,4.111111,4.6666665,2.6666667,3.3333333,4.6666665,55.555553,55.555553,64.28571,64.28571,,4.6666665,4.5555553,4.888889,5.0,94.44444,94.44444,94.44444,94.44444,,1.8333334,4.1666665,1.8333334,4.1666665,3.857143,75.0,76.5873,75.0,76.5873,,1.75,4.25,2.6666667,3.3333333,1.8888888,4.111111,2.1111112,3.8888888,70.833336,72.453705,70.3125,72.395836,,3.3333333,2.6666667,3.2222223,2.7777777,3.5555556,2.4444444,2.2222223,3.7777777,4.0,2.0,4.0,49.444443,49.444443,56.746033,56.746033,,2.4444444,3.8888888,2.1111112,3.2222223,2.7777777,2.4285715,3.7777777,2.2222223,2.4444444,35.714287,39.920635,35.204082,38.038548,,3.25,3.0,2.0,2.5714285,3.4285715,3.7142856,2.2857144,1.8571428,4.142857,42.142857,44.82143,48.214287,50.44643,,1.125,4.875,1.5,4.5,4.375,4.0,3.3333333,3.875,1.625,3.25,2.75,2.5714285,1.8571428,4.142857,82.63889,78.99306,63.333332,61.05655,,4.75,4.875,4.875,1.3333334,4.6666665,1.1428572,4.857143,95.833336,95.11905,95.833336,95.11905,,1.625,4.375,1.0,5.0,1.0,5.0,4.4,4.4,90.0,92.34375,89.0,90.875,,4.25,4.25,4.1666665,4.5,1.125,4.875,82.291664,82.291664,85.0,85.208336,,9.875,,,7.0,5.625,6.375,5.375,8.875,,0.0,0.0,0.0,1.625,1.0,1.0,1.0,,1.0,,,,,,,0.0,0.11111111,0.0,0.0,0.44444445,0.33333334,0.0,0.0,0.0,1.0,3.5,9.0,,,,,3.875,6.0,2.5,,,,,,,,,,,,,,,,,,,,,,,,,,,,,,,,,,,,,,,,,,,,,,,,
GRD_19022013_L1,Grenada,GRD,2013.0,2013-02-19,Legislative,6.0,,1,2,2,3,11655.407,2,9,0,,66.462585,,,,65.6441,52.645836,62.22222,53.541668,94.166664,65.0434,53.055557,63.71528,51.041668,92.36111,8.833333,,3.0,3.0,2.6666667,3.3333333,1.4,4.6,,,,,73.33333,66.11111,,,,4.6666665,4.6666665,4.8,4.8333335,96.25,93.541664,96.25,93.541664,,2.25,3.75,2.6,3.4,2.8,60.416668,57.916668,60.416668,57.916668,,3.2,2.8,3.0,3.0,1.6666666,4.3333335,,,69.44444,59.444447,,,,1.1666666,4.8333335,4.6666665,4.6666665,3.5,2.5,1.8,4.2,,,,77.5,79.333336,,,,2.1666667,3.2,2.8,3.0,2.4,2.0,,,,48.333332,36.833332,,,,2.2,1.6,1.3333334,4.4,1.6,3.25,2.75,,,25.0,22.416666,,,,1.25,4.75,2.3333333,3.6666667,4.8333335,3.8,2.4,3.0,1.0,,,,,,64.58333,68.541664,,,,4.6,5.0,4.8333335,1.5,4.5,1.5,4.5,93.0,92.166664,93.0,92.166664,,1.3333334,4.6666665,1.0,5.0,1.0,5.0,5.0,,100.0,97.916664,,,,3.8333333,4.8333335,4.4,5.0,,,90.0,87.916664,,,,9.166667,,,6.3333335,3.0,3.6666667,3.8333333,7.0,,,,,3.0,0.5,1.0,0.0,0.0,0.0,,,,,,,0.0,0.0,0.0,0.0,0.33333334,0.5,0.16666667,0.16666667,0.16666667,0.5,3.6,9.333333,,5.8333335,7.8333335,7.6666665,,,,,,,,,,,,,,,,,,,,,,,,,,,,,,,,,,,,,,,,,,,,,,,,,,,
GRD_13032018_L1,Grenada,GRD,2018.0,2018-03-13,Legislative,6.0,,1,2,2,3,13593.876953125,2,9,0,,51.984127,,,,58.450233,49.680557,54.375,61.458332,68.28704,58.89178,49.86111,56.655094,61.458332,67.59259,5.5,,3.6666667,2.3333333,3.1666667,2.8333333,2.2,3.8,,,,,55.0,49.72222,,,,3.5,4.0,3.5,3.8333333,67.708336,67.708336,67.708336,67.708336,,2.6666667,3.3333333,2.6666667,3.3333333,2.6666667,52.77778,52.77778,52.77778,52.77778,,3.3333333,2.6666667,3.5,2.5,3.0,3.0,,,41.666668,43.055557,,,,1.6666666,4.3333335,3.6666667,3.6,3.2,2.8,1.8,4.2,,,,65.0,68.0,,,,2.8333333,3.6666667,2.3333333,3.0,2.5,3.0,,,,35.0,43.333332,,,,2.0,1.6666666,1.6666666,3.4,2.6,4.5,1.5,4.5,1.5,13.333333,22.166666,13.888888,20.555555,,2.3333333,3.6666667,3.6666667,2.3333333,4.3333335,4.3333335,3.4,3.8,1.6666666,,,,,,75.0,66.111115,,,,3.75,4.5,3.6666667,1.75,4.25,2.0,4.0,72.5,75.833336,72.5,75.833336,,1.8,4.2,1.6,4.4,1.6,4.4,3.5,,79.6875,78.125,,,,2.5,4.0,3.3333333,3.5,,,60.416668,58.333332,,,,8.5,,,6.0,4.8333335,4.6666665,4.5,5.1666665,,,,,2.5,0.16666667,1.0,0.0,0.0,0.0,,,,,,,0.0,0.0,0.0,0.0,0.16666667,0.8333333,0.0,0.0,0.0,0.5,4.8,9.0,,,,,7.3333335,4.6666665,3.1666667,,,,,,,,,,,,,,,2.0,2.0,2.4,2.4,3.5,3.1666667,3.1666667,3.0,2.0,2.0,3.0,2.8333333,3.6666667,3.6666667,3.0,3.0,,,,,,,,,,,,,,,,,,
GRD_23062022_L1,Grenada,GRD,2022.0,2022-06-23,Legislative,2.0,,1,2,2,3,15037.8495447229,2,9,0,,,,,,66.423615,59.791664,63.194447,59.375,83.33333,68.09462,62.65625,68.05556,59.375,82.291664,7.0,,3.0,3.0,3.0,3.0,2.0,4.0,,,,,58.333332,58.333332,,,,4.0,3.5,4.0,4.0,71.875,71.875,71.875,71.875,,3.0,3.0,3.0,3.0,4.0,58.333332,58.333332,58.333332,58.333332,,4.0,2.0,3.5,2.5,3.0,3.0,,,33.333332,37.5,,,,1.5,4.5,3.5,4.0,2.0,4.0,2.0,4.0,,,,70.0,75.0,,,,3.0,3.5,2.5,3.5,3.5,4.0,,,,45.0,57.5,,,,2.5,2.0,2.0,2.0,4.0,4.0,2.0,2.5,3.5,30.0,37.5,29.166666,41.666668,,2.0,4.0,2.0,4.0,3.5,4.0,3.0,4.0,1.0,,,,,,66.666664,68.75,,,,4.5,4.5,4.5,1.0,5.0,1.0,5.0,85.0,92.5,85.0,92.5,,2.0,4.0,2.0,4.0,1.0,5.0,,,,,,,,3.5,4.0,4.0,4.0,,,71.875,71.875,,,,7.5,,,7.5,6.0,6.0,7.0,6.5,,2.0,,,1.0,0.0,1.0,0.0,0.0,0.0,,,,,,,0.0,0.0,0.0,0.0,0.0,1.0,0.0,0.0,0.0,0.0,4.0,9.0,,,,,8.0,5.5,2.0,,,,,,,,,,,,,,,,,,,,,,,,,,,,,,,3.5,2.5,4.0,2.0,4.0,3.5,2.5,3.0,3.0,2.0,4.0,3.0,3.0,3.0,,,,
GTM_25102015_P2,Guatemala,GTM,2015.0,2015-10-25,Presidential,9.0,,3,4,1,2,7764.7734,2,9,0,,50.3586,38.77551,,,44.54007,36.0119,37.496696,37.15278,67.4989,43.804977,34.942127,37.962963,34.72222,67.59259,5.4444447,,2.857143,3.142857,3.0,3.0,3.4444444,2.5555556,,,,,51.190475,47.48677,,,,3.1111112,3.5555556,3.7777777,3.4444444,61.805557,61.805557,61.805557,61.805557,,2.5,3.5,2.1666667,3.8333333,3.5,65.27778,65.27778,65.27778,65.27778,,4.0,2.0,3.75,2.25,3.2857144,2.7142856,,,35.714287,33.035713,,,,3.25,2.75,2.4444444,1.8888888,3.4444444,2.5555556,3.0,3.0,,,,36.25,38.194443,,,,2.2222223,3.1666667,2.8333333,2.0,2.8888888,3.4285715,,,,45.0,41.865078,,,,2.625,1.3333334,1.4444444,4.111111,1.8888888,4.375,1.625,,,18.75,19.583334,,,,3.5555556,2.4444444,3.375,2.625,3.6666667,2.4444444,2.8,2.2857144,1.3333334,,,,,,48.958332,42.776123,,,,3.875,4.0,4.111111,1.7142857,4.285714,1.875,4.125,78.333336,76.98413,78.333336,76.98413,,2.5,3.5,2.4444444,3.5555556,2.25,3.75,3.5555556,,67.1875,64.75694,,,,3.4444444,3.8888888,3.8888888,3.4444444,,,66.666664,66.666664,,,,9.111111,,,4.0,2.5555556,2.4444444,3.2222223,6.4444447,,,,,3.0,0.11111111,0.6666667,0.33333334,0.22222222,0.11111111,,,,,,,0.0,0.0,0.0,0.11111111,0.11111111,0.0,0.0,0.0,0.0,0.22222222,3.5,7.888889,,3.5555556,7.2222223,7.0,,,,,,,,,,,,,,,,,,,,,,,,,,,,,,,,,,,,,,,,,,,,,,,,,,,
GTM_11082019_P2,Guatemala,GTM,2019.0,2019-08-11,Presidential,3.0,,4,4,1,3,9018.517520351106,2,9,1,,47.959183,47.959183,,,50.914352,44.166664,53.819447,51.041668,54.62963,50.954865,42.708332,55.555557,50.0,55.555557,4.6666665,,3.0,3.0,3.0,3.0,2.6666667,3.3333333,,,,,52.77778,52.77778,,,,3.0,2.6666667,3.0,3.3333333,50.0,50.0,50.0,50.0,,2.0,4.0,2.0,4.0,4.0,75.0,75.0,75.0,75.0,,3.0,3.0,3.0,3.0,3.0,3.0,,,50.0,50.0,,,,4.0,2.0,3.0,2.3333333,3.6666667,2.3333333,3.0,3.0,,,,38.333332,38.333332,,,,2.6666667,2.5,3.5,3.0,2.5,2.6666667,,,,42.5,46.666668,,,,3.0,2.3333333,2.6666667,3.6666667,2.3333333,3.3333333,2.6666667,3.3333333,2.6666667,40.0,40.0,40.27778,40.27778,,3.3333333,2.6666667,3.3333333,2.6666667,3.0,3.0,3.5,3.6666667,2.0,,,,,,45.833336,52.083336,,,,3.0,3.6666667,3.0,2.6666667,3.3333333,2.6666667,3.3333333,56.666668,56.666668,56.666668,56.666668,,3.0,3.0,3.0,3.0,3.0,3.0,3.0,,50.0,50.0,,,,2.6666667,2.5,3.0,3.0,,,43.75,44.791668,,,,8.666667,,,3.3333333,1.6666666,1.6666666,2.0,4.0,,,,,1.0,0.0,1.0,0.0,0.0,0.0,,,,,,,0.0,0.0,0.0,0.0,0.33333334,0.6666667,0.0,0.0,0.0,0.33333334,4.3333335,6.0,,,,,7.6666665,5.0,2.3333333,,,,,,,,,,,,,,,3.0,3.0,3.6666667,3.6666667,3.0,3.0,3.0,3.3333333,2.6666667,2.6666667,2.6666667,2.6666667,3.0,3.0,3.3333333,3.3333333,,,,,,,,,,,,,,,,,,
GTM_16062019_L1,Guatemala,GTM,2019.0,2019-06-16,Legislative,3.0,,4,4,1,3,9018.517520351106,2,9,1,,39.795918,47.959183,,,43.73264,32.222225,42.708332,50.0,50.000004,44.01331,31.493055,44.560184,50.0,50.000004,4.3333335,,3.0,3.0,3.0,3.0,3.0,3.0,,,,,50.0,50.0,,,,2.6666667,3.0,3.0,2.3333333,43.75,43.75,43.75,43.75,,3.0,3.0,3.0,3.0,3.0,50.0,50.0,50.0,50.0,,3.5,2.5,3.0,3.0,2.5,3.5,,,50.0,50.0,,,,4.3333335,1.6666666,2.0,2.0,4.3333335,1.6666666,3.3333333,2.6666667,,,,25.0,25.0,,,,2.6666667,2.0,4.0,2.3333333,3.3333333,3.5,,,,50.0,54.166668,,,,2.6666667,2.0,2.3333333,4.0,2.0,4.0,2.0,4.0,2.0,30.0,30.0,25.0,29.166666,,3.5,2.5,3.5,2.5,3.0,2.6666667,2.6666667,3.0,2.0,,,,,,33.333332,43.055557,,,,4.0,3.6666667,4.0,2.0,4.0,2.0,4.0,72.5,73.333336,72.5,73.333336,,2.3333333,3.6666667,2.3333333,3.6666667,2.0,4.0,3.0,,64.583336,64.583336,,,,2.6666667,3.3333333,3.0,3.0,,,50.0,50.0,,,,8.0,,,2.3333333,1.3333334,1.3333334,2.0,5.0,,,,,1.0,0.0,1.0,0.0,0.0,0.0,,,,,,,0.0,0.0,0.0,0.0,0.33333334,0.6666667,0.0,0.0,0.0,0.33333334,3.0,9.5,,,,,8.333333,5.3333335,2.3333333,,,,,,,,,,,,,,,3.0,3.0,3.0,3.0,2.3333333,2.3333333,2.3333333,3.6666667,2.3333333,2.3333333,2.0,3.0,3.0,3.0,3.0,3.0,,,,,,,,,,,,,,,,,,
GTM_20082023_P2,Guatemala,GTM,2023.0,2023-08-20,Presidential,10.0,,5,4,1,3,12425.0,2,9,0,,52.48198,52.210884,48.629513,50.40323,47.49284,33.667824,53.143806,48.125,55.03472,46.850693,31.71875,53.84375,48.194443,53.645832,7.0,,3.1,2.9,3.6,2.4,2.7,3.3,2.1,1.8888888,3.6666667,3.375,46.666664,46.666664,44.387756,45.109127,,3.5,3.7,3.6,3.7,65.625,65.625,65.625,65.625,,2.6,3.4,2.2,3.8,3.6,65.0,65.0,65.0,65.0,,3.2857144,2.7142856,2.5714285,3.4285715,2.6666667,3.3333333,4.0,2.0,51.38889,53.968254,43.75,46.72619,,4.6,1.4,3.0,2.5,3.7777777,2.2222223,4.0,2.0,2.5,4.1,1.9,30.0,30.61111,30.952381,30.436508,,2.9,3.875,2.125,2.8888888,3.5,3.7777777,4.2,1.8,2.9,50.625,50.958332,46.42857,46.041668,,2.75,1.625,1.6666666,3.5,2.5,4.2,1.8,3.7777777,2.2222223,26.428572,26.708334,27.97619,27.349537,,3.125,2.875,2.25,3.75,3.75,3.6,3.25,3.625,1.75,3.5555556,2.4444444,2.0,2.8333333,3.1666667,56.944443,61.875,45.833332,46.15278,,3.3,4.0,4.6,1.6666666,4.3333335,1.6666666,4.3333335,80.0,77.833336,80.0,77.833336,,4.5,1.5,3.8,2.2,2.1,3.9,2.8,3.2,40.0,40.0,43.0,43.0,,3.2,3.4,3.4,3.7,4.111111,1.8888888,60.625,60.625,51.11111,52.944443,,9.0,,,2.6,1.7,1.7,3.4,5.3,,0.0,0.0,0.0,1.4,,1.0,1.0,1.0,,,,,,,,0.0,0.0,0.0,0.0,0.0,0.9,0.0,0.1,0.0,1.0,4.0,8.4,,,,,1.8,6.2,2.4,,,,,,,,,,,,,,,,,,,,,,,,,,,,,,,,,,,,,,,,,,,,,,,,
GIN_28092013_L1,Guinea,GIN,2013.0,2013-09-28,Legislative,4.0,,5,5,1,1,1277.8719,1,2,0,,40.929707,,,,50.928818,44.340275,49.131943,60.9375,49.305557,51.23915,45.234375,49.479168,60.9375,49.305557,5.5,,2.6666667,3.3333333,3.0,3.0,3.0,3.0,,,,,58.333332,52.77778,,,,2.25,2.75,1.75,1.75,28.125,28.125,28.125,28.125,,3.3333333,2.6666667,3.6666667,2.3333333,2.3333333,36.11111,36.11111,36.11111,36.11111,,4.5,1.5,4.25,1.75,3.75,2.25,,,20.833332,20.833332,,,,1.75,4.25,4.0,4.25,3.0,3.0,3.75,2.25,,,,63.75,63.75,,,,3.25,3.0,3.0,3.25,3.25,3.25,,,,55.0,55.0,,,,2.25,1.3333334,1.25,3.75,2.25,4.5,1.5,,,15.0,17.916666,,,,2.25,3.75,3.75,2.25,3.0,3.75,2.3333333,3.75,1.25,,,,,,52.77778,53.47222,,,,4.0,1.5,3.0,2.0,4.0,2.0,4.0,58.333332,57.5,58.333332,57.5,,4.25,1.75,3.3333333,2.6666667,1.5,4.5,3.75,,54.166668,54.166668,,,,1.75,3.5,2.25,2.0,,,34.375,34.375,,,,8.75,,,3.0,3.75,4.0,4.75,3.5,,,,,3.0,0.0,0.5,0.75,0.0,0.25,,,,,,,0.0,0.0,0.0,0.25,0.0,0.25,0.5,0.5,0.5,0.25,4.75,8.25,,2.25,6.75,7.25,,,,,,,,,,,,,,,,,,,,,,,,,,,,,,,,,,,,,,,,,,,,,,,,,,,
GIN_11102015_P1,Guinea,GIN,2015.0,2015-10-11,Presidential,8.0,,5,5,1,1,1260.6847,1,2,0,,29.912537,34.183674,,,44.617435,34.54861,43.4747,45.089287,55.357143,45.788845,38.059895,42.578125,47.65625,54.86111,4.75,,3.75,2.25,3.625,2.375,2.7142856,3.2857144,,,,,42.857143,40.92262,,,,2.375,3.5,2.25,3.25,46.09375,46.09375,46.09375,46.09375,,4.0,2.0,4.3333335,1.6666666,2.6666667,27.777779,27.777779,27.777779,27.777779,,3.857143,2.142857,4.0,2.0,4.0,2.0,,,26.190475,26.190475,,,,2.625,3.375,2.875,3.142857,3.857143,2.142857,3.25,2.75,,,,40.833332,46.428574,,,,2.7142856,4.0,2.0,2.142857,2.5714285,3.5714285,,,,40.0,40.0,,,,2.0,2.3333333,1.7142857,3.4285715,2.5714285,4.428571,1.5714285,,,27.0,25.952381,,,,3.125,2.875,4.0,2.0,3.375,3.25,1.6,3.5,1.4,,,,,,52.083332,44.166668,,,,3.3333333,3.625,2.8333333,2.4285715,3.5714285,2.5714285,3.4285715,57.5,58.958332,57.5,58.958332,,4.5,1.5,2.75,3.25,3.375,2.625,3.25,,41.40625,41.40625,,,,2.875,3.625,2.4285715,2.25,,,43.75,44.86607,,,,8.375,,,3.125,3.625,4.125,2.625,3.875,,,,,2.857143,0.0,0.75,0.25,0.0,0.125,,,,,,,0.0,0.0,0.0,0.125,0.125,0.0,0.0,0.0,0.0,0.125,3.857143,7.5,,4.125,8.875,9.375,,,,,,,,,,,,,,,,,,,,,,,,,,,,,,,,,,,,,,,,,,,,,,,,,,,
GIN_18102020_P1,Guinea,GIN,2020.0,2020-10-18,Presidential,2.0,,5,5,1,1,2754.41838364472,1,2,0,,,,,,31.336807,28.125,36.111115,37.5,23.61111,29.301216,29.53125,32.812504,31.25,23.61111,4.0,,3.0,3.0,4.5,1.5,3.5,2.5,,,,,41.666668,33.333336,,,,2.0,2.0,2.0,2.5,28.125,28.125,28.125,28.125,,,,,,,,,,,,4.0,2.0,4.0,2.0,4.0,2.0,,,25.0,25.0,,,,3.0,3.0,3.0,2.5,5.0,1.0,5.0,1.0,,,,25.0,27.5,,,,2.0,4.0,2.0,2.0,2.5,3.5,,,,35.0,35.0,,,,3.0,3.0,2.0,3.5,2.5,4.5,1.5,4.0,2.0,40.0,35.0,37.5,33.333332,,3.0,3.0,4.0,2.0,2.5,3.0,1.5,3.0,1.5,,,,,,37.5,37.5,,,,2.0,3.0,2.0,4.0,2.0,4.0,2.0,25.0,30.0,25.0,30.0,,3.5,2.5,2.5,3.5,3.5,2.5,1.5,,37.5,37.5,,,,2.0,2.5,1.5,2.0,,,25.0,25.0,,,,4.5,,,3.0,2.5,4.5,2.0,2.5,,,,,1.0,0.0,1.0,0.0,0.0,0.0,,,,,,,0.0,0.0,0.0,0.0,0.0,1.0,0.0,0.0,0.0,0.0,3.5,9.5,,,,,7.5,5.0,3.0,,,,,,,,,,,,,,,,,,,,,,,,,,,,,,,,,,,,,,,,,,,,,,,,
GNB_18052014_P2,Guinea-Bissau,GNB,2014.0,2014-05-18,Presidential,8.0,,6,5,0,1,1468.8188,1,2,0,,53.801426,61.22449,,,60.839325,49.164185,60.13889,65.17857,68.87566,61.992188,48.489582,62.760414,66.40625,70.3125,6.875,,2.5,3.5,2.75,3.25,2.25,3.75,,,,,62.5,62.5,,,,3.2857144,3.7142856,4.0,4.142857,69.64286,69.64286,69.64286,69.64286,,2.7142856,3.2857144,2.7142856,3.2857144,2.8333333,51.38889,53.373016,51.38889,53.373016,,3.142857,2.857143,2.857143,3.142857,2.2,3.8,,,65.0,56.666664,,,,2.75,3.25,2.375,3.25,2.75,3.25,2.0,4.0,,,,55.714287,55.625,,,,3.142857,2.7142856,3.2857144,3.142857,3.4285715,3.5,,,,59.166668,57.5,,,,3.0,1.6666666,1.7142857,3.4285715,2.5714285,3.875,2.125,,,27.5,30.386904,,,,2.8333333,3.1666667,2.5,3.5,4.0,4.0,2.3333333,3.8,1.6,,,,,,56.944443,61.666664,,,,3.7142856,3.5,3.8,2.142857,3.857143,2.8333333,3.1666667,62.0,65.190475,62.0,65.190475,,3.5,2.5,3.1666667,2.8333333,1.75,4.25,3.7142856,,56.25,58.11012,,,,3.4,3.6666667,3.2,3.5714285,,,61.25,61.4881,,,,7.285714,,,3.0,3.5,4.375,1.75,5.375,,,,,2.857143,0.25,1.0,0.25,0.25,0.125,,,,,,,0.0,0.0,0.0,0.0,0.125,0.875,0.0,0.0,0.0,0.125,3.875,9.125,,5.375,7.75,9.125,,,,,,,,,,,,,,,,,,,,,,,,,,,,,,,,,,,,,,,,,,,,,,,,,,,
GNB_04062023_L1,Guinea-Bissau,GNB,2023.0,2023-06-04,Legislative,3.0,,5,4,1,1,2192.0,1,2,0,,55.612244,55.612244,58.803764,58.467743,56.20949,54.513893,60.833336,49.074078,60.416668,56.883682,56.006947,61.11111,50.000004,60.416668,7.3333335,,2.6666667,3.3333333,2.3333333,3.6666667,2.0,4.0,4.0,3.0,3.6666667,4.0,66.666664,66.666664,66.666664,66.666664,,3.0,3.3333333,3.6666667,3.6666667,60.416668,60.416668,60.416668,60.416668,,2.0,4.0,2.0,4.0,3.0,66.666664,66.666664,66.666664,66.666664,,2.6666667,3.3333333,2.6666667,3.3333333,2.3333333,3.6666667,2.6666667,3.3333333,61.11111,61.11111,60.416668,60.416668,,2.0,4.0,3.3333333,2.6666667,3.0,3.0,2.0,4.0,3.6666667,2.6666667,3.3333333,60.0,60.0,60.714287,60.714287,,3.0,4.0,2.0,3.5,3.3333333,3.3333333,3.3333333,2.6666667,2.6666667,47.5,50.833332,48.214287,48.214287,,2.0,2.6666667,1.5,3.5,2.5,3.6666667,2.3333333,3.0,3.0,25.0,30.0,29.166668,33.333336,,2.3333333,3.6666667,2.3333333,3.6666667,3.6666667,3.6666667,3.0,4.0,1.6666666,3.0,3.0,3.0,3.6666667,2.3333333,64.583336,65.27778,47.5,50.0,,4.0,4.0,4.0,2.3333333,3.6666667,2.3333333,3.6666667,71.666664,71.666664,71.666664,71.666664,,2.0,4.0,2.3333333,3.6666667,2.0,4.0,3.3333333,4.0,68.75,68.75,70.0,70.0,,3.0,4.0,2.6666667,3.6666667,2.3333333,3.6666667,58.333332,58.333332,60.0,60.0,,6.3333335,,,5.6666665,4.3333335,6.3333335,3.6666667,7.3333335,,,,,1.6666666,,1.0,,1.0,,,,,,,,0.0,0.0,0.0,0.0,0.0,1.0,0.0,0.0,0.0,,4.3333335,6.3333335,,,,,3.3333333,7.0,4.0,,,,,,,,,,,,,,,,,,,,,,,,,,,,,,,,,,,,,,,,,,,,,,,,
GUY_11052015_L1,Guyana,GUY,2015.0,2015-05-11,Legislative,7.0,,2,3,2,2,7520.0342,2,9,0,,50.724487,,,,55.012733,44.541664,50.29762,53.57143,71.64021,56.763393,45.35714,54.315475,53.57143,73.809525,7.142857,,3.4285715,2.5714285,3.5714285,2.4285715,2.857143,3.142857,,,,,42.857143,42.857143,,,,3.857143,4.142857,4.142857,4.142857,76.78571,76.78571,76.78571,76.78571,,3.5,2.5,3.4,2.6,3.2,41.666664,44.166664,41.666664,44.166664,,2.8333333,3.1666667,2.142857,3.857143,3.0,3.0,,,58.333332,58.531746,,,,1.7142857,4.285714,3.2857144,3.5714285,3.857143,2.142857,1.7142857,4.285714,,,,62.857143,62.857143,,,,2.4285715,4.142857,1.8571428,2.142857,2.5714285,3.2857144,,,,36.42857,36.42857,,,,1.5,2.5714285,1.7142857,3.4,2.6,3.5714285,2.4285715,,,35.0,29.071428,,,,2.5,3.5,3.3333333,2.6666667,4.285714,4.142857,1.8333334,2.6666667,1.8333334,,,,,,47.916664,54.56349,,,,4.0,1.4285715,4.0,1.5,4.5,1.5714285,4.428571,67.5,66.78571,67.5,66.78571,,4.285714,1.7142857,3.857143,2.142857,1.8571428,4.142857,3.2,,45.0,45.0,,,,4.0,4.142857,3.8333333,3.857143,,,73.958336,73.958336,,,,8.857142,,,4.857143,5.571429,5.428571,5.714286,5.428571,,,,,2.8333333,0.0,1.0,0.14285715,0.14285715,0.0,,,,,,,0.0,0.0,0.0,0.14285715,0.2857143,0.0,0.0,0.0,0.0,0.85714287,3.5714285,8.571428,,5.285714,7.142857,8.285714,,,,,,,,,,,,,,,,,,,,,,,,,,,,,,,,,,,,,,,,,,,,,,,,,,,
GUY_02032020_L1,Guyana,GUY,2020.0,2020-03-02,Legislative,4.0,,2,3,2,3,19702.97442026801,2,9,0,,45.408165,,,,54.03067,51.076385,49.53704,60.416664,55.09259,50.477432,46.875,47.22222,60.416668,51.041664,5.3333335,,3.6666667,2.3333333,3.6666667,2.3333333,3.0,3.0,,,,,38.88889,38.88889,,,,2.0,3.6666667,3.25,3.0,45.833332,49.479168,45.833332,49.479168,,3.0,3.0,3.0,3.0,3.0,50.0,50.0,50.0,50.0,,3.3333333,2.6666667,3.6666667,2.3333333,3.0,3.0,,,45.833336,41.666668,,,,2.0,4.0,3.5,3.25,4.0,2.0,2.0,4.0,,,,67.5,58.75,,,,3.0,2.6666667,3.3333333,4.5,3.3333333,4.0,,,,67.5,65.833336,,,,3.0,1.6666666,1.3333334,2.6666667,3.3333333,3.0,3.0,4.0,2.0,42.5,36.666668,39.583332,34.72222,,3.6666667,2.3333333,4.0,2.0,4.0,3.6666667,1.0,4.3333335,1.6666666,,,,,,47.22222,47.22222,,,,2.3333333,1.3333334,2.0,2.0,4.0,3.0,3.0,38.333332,38.333332,38.333332,38.333332,,5.0,1.0,2.3333333,3.6666667,4.6666665,1.3333334,3.5,,31.25,34.375,,,,1.0,3.6666667,2.3333333,1.6666666,,,21.875,29.166666,,,,8.333333,,,6.0,4.6666665,5.3333335,6.0,3.6666667,,,,,1.0,0.0,0.75,0.0,0.0,0.0,,,,,,,0.0,0.0,0.25,0.0,0.25,0.25,0.0,0.0,0.0,0.5,6.0,7.6666665,,,,,7.6666665,4.6666665,4.3333335,,,,,,,,,,,,,,,,,,,,,,,,,,,,,,,,,,,,,,,,,,,,,,,,
HTI_25102015_L2,Haiti,HTI,2015.0,2015-10-25,Legislative,7.0,,5,5,1,1,1758.1117,2,9,0,,26.887753,,,,31.45139,29.982141,7.1527777,51.964287,36.70635,30.438988,28.005953,7.1428566,52.67857,33.928574,2.0,,3.142857,2.857143,4.0,2.0,2.8333333,3.1666667,,,,,41.666668,41.865078,,,,1.1428572,1.6666666,1.8571428,1.5714285,15.625,13.988095,15.625,13.988095,,2.3333333,3.6666667,3.3333333,2.6666667,2.3333333,47.22222,47.22222,47.22222,47.22222,,4.4,1.6,4.3333335,1.6666666,4.5,1.5,,,8.333333,14.722222,,,,3.5,2.5,3.1666667,3.0,3.8,2.2,3.2857144,2.7142856,,,,52.5,42.904762,,,,3.4285715,3.4,2.6,2.1666667,3.4285715,4.571429,,,,60.0,55.97619,,,,1.2,1.7142857,1.1428572,4.714286,1.2857143,5.0,1.0,,,7.0,6.714286,,,,5.0,1.0,5.0,1.0,2.0,3.142857,1.5,1.1666666,1.2,,,,,,16.666666,15.873016,,,,1.4285715,1.2857143,1.8571428,1.6666666,4.3333335,1.8333334,4.1666665,40.833332,40.357143,40.833332,40.357143,,4.8333335,1.1666666,3.857143,2.142857,4.285714,1.7142857,2.3333333,,21.875,20.982143,,,,1.5714285,2.6666667,2.0,1.2857143,,,22.916666,22.02381,,,,8.142858,,,2.142857,2.142857,2.7142856,1.75,2.7142856,,,,,3.0,0.2857143,0.42857143,0.42857143,0.0,0.0,,,,,,,0.0,0.0,0.14285715,0.2857143,0.0,0.0,0.0,0.0,0.0,0.14285715,3.142857,8.142858,,5.857143,6.0,7.0,,,,,,,,,,,,,,,,,,,,,,,,,,,,,,,,,,,,,,,,,,,,,,,,,,,
HTI_20112016_P1,Haiti,HTI,2016.0,2016-11-20,Presidential,6.0,,5,5,1,1,1784.1821,2,9,0,,32.34694,39.030613,,,38.10301,34.75,26.597221,47.083332,43.981483,37.24537,32.430557,26.73611,45.833332,43.981483,4.5,,3.3333333,2.6666667,3.5,2.5,3.1666667,2.8333333,,,,,41.666668,41.666668,,,,2.3333333,2.1666667,2.6666667,2.8333333,37.5,37.5,37.5,37.5,,3.25,2.75,3.25,2.75,1.75,35.416664,35.416668,35.416664,35.416668,,4.0,2.0,4.1666665,1.8333334,3.4,2.6,,,31.666666,28.61111,,,,3.3333333,2.6666667,1.6666666,3.0,4.4,1.6,2.6666667,3.3333333,,,,40.0,36.333332,,,,2.8,3.6,2.4,3.0,3.2,3.8,,,,51.0,51.0,,,,2.4,2.1666667,1.6666666,4.3333335,1.6666666,3.6666667,2.3333333,4.0,2.0,27.0,26.166666,27.5,25.972221,,3.1666667,2.8333333,4.3333335,1.6666666,2.0,3.1666667,1.6,2.1666667,1.2,,,,,,30.833334,30.972221,,,,2.6666667,1.8333334,2.1666667,2.8333333,3.1666667,3.0,3.0,39.166668,39.166668,39.166668,39.166668,,4.5,1.5,4.0,2.0,3.6666667,2.3333333,2.5,,27.083334,27.083334,,,,2.6666667,2.5,2.6666667,2.3333333,,,38.541668,38.541668,,,,8.833333,,,2.8,2.8,2.6,1.8,2.8,,,,,3.0,0.16666667,0.6666667,0.33333334,0.16666667,0.33333334,,,,,,,0.0,0.0,0.0,0.33333334,0.16666667,0.0,0.0,0.0,0.0,0.16666667,3.5,9.333333,,5.1666665,8.333333,8.833333,,,,,2.8333333,3.8333333,3.8333333,2.6666667,2.0,4.1666665,4.1666665,4.0,4.0,,,,,,,,,,,,,,,,,,,,,,,,,,,,,,,,,,,,,,
HND_24112013_P1,Honduras,HND,2013.0,2013-11-24,Presidential,5.0,,4,4,1,2,4323.2446,2,9,0,,53.741497,40.30612,,,49.470486,43.29861,52.5,48.75,53.333336,45.302086,39.333332,43.125,48.75,50.0,4.6,,3.2,2.8,3.8,2.2,3.4,2.6,,,,,38.333332,38.333332,,,,2.8,3.75,2.5,3.0,50.0,50.3125,50.0,50.3125,,3.0,3.0,3.0,3.0,2.3333333,44.444443,44.444443,44.444443,44.444443,,3.75,2.25,3.0,3.0,3.6666667,2.3333333,,,41.666668,38.194443,,,,2.4,3.6,4.0,4.25,3.5,2.5,2.75,3.25,,,,71.666664,63.0,,,,2.2,4.0,2.0,2.2,2.6,3.2,,,,36.0,36.0,,,,2.3333333,1.5,1.6,3.6,2.4,3.4,2.6,,,30.0,27.166666,,,,3.4,2.6,4.0,2.0,3.25,3.8,3.5,4.0,1.6666666,,,,,,45.833332,54.791664,,,,3.25,4.25,4.0,1.75,4.25,2.25,3.75,76.666664,72.5,76.666664,72.5,,4.4,1.6,4.4,1.6,3.2,2.8,2.8,,30.0,30.0,,,,2.4,3.5,2.8,2.8,,,54.6875,46.875,,,,7.0,,,2.6,2.4,2.6,2.8,4.4,,,,,3.0,0.0,1.0,0.0,0.0,0.0,,,,,,,0.0,0.0,0.0,0.0,0.0,1.0,0.0,0.0,0.0,0.0,4.6,8.8,,3.2,6.6,6.8,,,,,,,,,,,,,,,,,,,,,,,,,,,,,,,,,,,,,,,,,,,,,,,,,,,
HND_26112017_P1,Honduras,HND,2017.0,2017-11-26,Presidential,7.0,,4,4,1,2,4738.079453,2,9,0,,19.387754,10.714286,,,34.59871,30.875,44.126984,36.607143,26.785715,34.384922,31.488096,40.47619,36.607143,28.968254,2.142857,,3.7142856,2.2857144,5.0,1.0,3.857143,2.142857,,,,,20.238094,20.238094,,,,1.8571428,2.4285715,2.0,1.5714285,24.107143,24.107143,24.107143,24.107143,,5.0,1.0,4.0,2.0,2.5,0.0,20.833334,0.0,20.833334,,3.7142856,2.2857144,4.0,2.0,4.6,1.4,,,23.333334,22.380953,,,,2.8,3.2,3.3333333,2.8333333,3.6,2.4,2.6666667,3.3333333,,,,38.75,50.5,,,,1.7142857,4.428571,1.5714285,1.8571428,2.0,4.285714,,,,32.142857,32.142857,,,,2.0,1.4285715,1.3333334,3.5714285,2.4285715,4.714286,1.2857143,3.857143,2.142857,14.0,17.380953,15.833333,19.24603,,3.857143,2.142857,4.857143,1.1428572,2.857143,3.2857144,2.8,4.0,1.5,,,,,,43.333332,42.61905,,,,1.5714285,1.0,1.1428572,3.5,2.5,4.0,2.0,15.0,16.071428,15.0,16.071428,,4.857143,1.1428572,3.142857,2.857143,4.0,2.0,2.4285715,,27.678572,27.678572,,,,1.2857143,1.8571428,2.142857,1.1428572,,,15.178572,15.178572,,,,8.428572,,,1.7142857,1.7142857,2.0,2.0,1.7142857,,,,,3.0,0.14285715,1.0,0.14285715,0.0,0.14285715,,,,,,,0.0,0.0,0.0,0.0,0.2857143,0.71428573,0.0,0.0,0.0,0.42857143,4.142857,8.571428,,,,,8.428572,3.142857,1.2857143,,,,,2.6666667,,,,,,17.142857,1.8571428,2.2857144,2.142857,16.571428,16.571428,,,,,,,,,,,,,,,,,,,,,,,,,,,,,,,,
HND_28112021_P1,Honduras,HND,2021.0,2021-11-28,Presidential,4.0,,4,4,1,2,6252.569134735455,2,9,0,,,,,,60.01736,39.375,53.47222,68.75,78.47222,55.713974,39.08854,52.77778,62.5,71.52778,7.0,,4.0,2.0,4.5,1.5,3.5,2.5,,,,,25.0,25.0,,,,3.0,2.75,2.3333333,3.75,50.0,48.958332,50.0,48.958332,,2.5,3.5,2.5,3.5,3.5,62.5,62.5,62.5,62.5,,2.0,4.0,3.3333333,2.6666667,3.3333333,2.6666667,,,52.77778,52.77778,,,,2.3333333,3.6666667,2.75,2.75,3.3333333,2.6666667,2.75,3.25,,,,51.666668,50.416668,,,,3.0,3.0,3.0,2.3333333,3.3333333,3.6666667,,,,51.666668,51.666668,,,,2.0,2.0,2.0,4.0,2.0,4.5,1.5,4.0,2.0,22.5,22.5,22.916668,22.916666,,4.0,2.0,4.0,2.0,3.5,4.5,,4.0,,,,,,,,,,,,3.5,4.0,3.5,1.5,4.5,1.5,4.5,75.0,75.0,75.0,75.0,,3.0,3.0,1.5,4.5,1.5,4.5,4.5,,78.125,78.125,,,,3.0,4.0,3.5,3.5,,,62.5,62.5,,,,9.0,,,3.5,3.5,3.0,3.5,5.5,,,,,1.0,0.0,0.25,0.0,0.25,0.0,,,,,,,0.0,0.0,0.0,0.0,0.0,0.5,0.0,0.0,0.0,0.0,5.0,9.0,,,,,6.0,6.5,4.0,,,,,,,,,,,,,,,,,,,,,,,,,,,,,,,,,,,,,,,,,,,,,,,,
HUN_06042014_L1,Hungary,HUN,2014.0,2014-04-06,Legislative,16.0,,1,2,2,4,25494.307,4,5,1,,52.842278,53.425655,,,58.460106,40.438988,73.93468,45.572918,73.89385,59.329426,40.876736,74.08854,48.046875,74.30556,5.3125,,4.125,1.875,4.375,1.625,2.875,3.125,,,,,30.208334,30.208334,,,,3.625,3.8,3.5625,4.0625,67.5,69.0625,67.5,69.0625,,3.9375,2.0625,3.8,2.2,2.3125,30.555555,29.791666,30.555555,29.791666,,2.3846154,3.6153846,2.0769231,3.9230769,2.1666667,3.8333333,,,74.242424,69.76495,,,,1.625,4.375,3.1333334,3.1875,4.0,2.0,2.142857,3.857143,,,,58.214287,57.76488,,,,2.0666666,4.4,1.6,1.6,2.4666667,3.5714285,,,,31.785715,31.52381,,,,3.25,2.642857,1.7333333,3.0,3.0,4.1875,1.8125,,,34.583332,37.19345,,,,1.5,4.5,2.142857,3.857143,3.7333333,3.8125,3.7692308,3.9333334,2.0,,,,,,73.106064,73.356415,,,,4.133333,4.3125,4.133333,1.6,4.4,1.7857143,4.214286,81.15385,80.96726,81.15385,80.96726,,2.8125,3.1875,2.0666666,3.9333334,1.375,4.625,3.9333334,,73.21429,72.99479,,,,3.0625,3.8,3.0,3.3333333,,,56.770832,57.473957,,,,9.066667,,,6.8125,3.5625,3.5625,5.133333,5.4375,,,,,2.7272727,0.125,1.0,0.125,0.0625,0.0625,,,,,,,0.0,0.0,0.0,0.0,0.5625,0.4375,0.0625,0.0625,0.0625,0.75,4.4375,9.3125,,3.9375,7.625,8.0,,,,,,,,,,,,,,,,,,,,,,,,,,,,,,,,,,,,,,,,,,,,,,,,,,,
HUN_08042018_L1,Hungary,HUN,2018.0,2018-04-08,Legislative,19.0,,3,2,2,4,26777.560546875,4,5,1,,47.534847,44.132652,,,55.778725,45.024483,66.968315,46.49123,64.630875,56.894646,44.830044,69.88304,48.026318,64.83918,5.105263,,3.6842105,2.3157895,4.368421,1.6315789,2.631579,3.368421,,,,,35.964912,35.964912,,,,2.8421052,3.9444444,3.1666667,3.7894738,59.191177,60.89181,59.191177,60.89181,,3.5789473,2.4210527,3.8823528,2.1176472,2.1764705,29.166666,30.959751,29.166666,30.959751,,2.2,3.8,2.7272727,3.2727273,2.5555556,3.4444444,,,66.666664,62.643097,,,,1.5294118,4.470588,3.8421052,3.8421052,3.7857144,2.2142856,2.1764705,3.8235295,,,,63.75,65.963066,,,,1.5,4.1666665,1.8333334,1.8947369,2.1578948,3.2666667,,,,26.666666,28.263157,,,,2.4117646,2.5625,1.875,2.4375,3.5625,4.7222223,1.2777778,3.0,3.0,28.636364,33.447712,30.416666,36.20643,,1.4210526,4.5789475,3.1538463,2.8461537,3.7368422,4.0526314,4.0666666,3.8421052,1.1875,,,,,,69.166664,71.34728,,,,4.0588236,2.8947368,3.4375,1.8235294,4.1764708,2.3888888,3.6111112,69.61539,65.89321,69.61539,65.89321,,3.6470587,2.3529413,4.1578946,1.8421053,1.4705882,4.529412,3.3333333,,49.55357,50.3612,,,,2.6666667,3.6842105,3.1111112,2.4444444,,,50.390625,49.415203,,,,8.578947,,,7.368421,3.4210527,3.6842105,5.5789475,4.8421054,,,,,2.8947368,0.15789473,1.0,0.05263158,0.0,0.0,,,,,,,0.0,0.0,0.0,0.0,0.6315789,0.36842105,0.0,0.0,0.0,0.7894737,4.9473686,8.578947,,,,,8.894737,4.9473686,1.8421053,,,,,,,,,,,,,,,3.6470587,3.6470587,4.1666665,4.1666665,2.3333333,2.764706,2.764706,3.0666666,1.7777778,1.7777778,2.2222223,1.6111112,4.4444447,4.4444447,3.3846154,3.3846154,,,,,,,,,,,,,,,,,,
HUN_03042022_L1,Hungary,HUN,2022.0,2022-04-03,Legislative,6.0,,3,3,1,4,36752.4965025937,4,5,1,,46.290817,27.040817,,,52.413776,31.61111,63.368057,43.75,70.92593,53.11053,31.770832,65.85648,43.75,71.06481,4.0,,3.6,2.4,5.0,1.0,3.0,3.0,,,,,31.666666,28.333332,,,,3.5,4.1666665,3.6666667,4.0,70.833336,70.833336,70.833336,70.833336,,4.8,1.2,4.6,1.4,1.4,8.333333,8.333333,8.333333,8.333333,,2.0,4.0,3.0,3.0,3.0,3.0,,,58.333332,58.333332,,,,2.3333333,3.6666667,2.6666667,2.8,3.1666667,2.8333333,2.8,3.2,,,,50.0,50.833332,,,,1.6666666,4.6666665,1.3333334,1.0,1.5,3.6,,,,22.0,20.5,,,,2.1666667,1.6,1.4,2.8333333,3.1666667,4.8333335,1.1666666,3.5,2.5,22.0,22.5,23.61111,25.0,,1.5,4.5,3.0,3.0,3.8333333,4.0,4.25,3.5,1.1666666,,,,,,63.88889,71.18056,,,,4.1666665,4.5,4.1666665,1.8,4.2,2.6666667,3.3333333,76.0,76.833336,76.0,76.833336,,1.8,4.2,1.8333334,4.1666665,1.3333334,4.6666665,3.8333333,,81.25,80.416664,,,,2.5,3.3333333,3.5,3.1666667,,,53.125,53.125,,,,8.8,,,5.0,2.0,2.2,5.25,5.2,,1.4,,,1.0,0.16666667,0.8333333,0.0,0.0,0.0,,,,,,,0.0,0.0,0.0,0.0,0.5,0.33333334,0.0,0.0,0.0,0.5,4.2,8.6,,,,,9.2,4.4,1.4,,,,,,,,,,,,,,,,,,,,,,,,,,,,,,,3.0,3.0,3.25,2.0,4.0,4.0,2.0,4.6,1.4,1.3333334,4.6666665,1.4,4.6,4.25,1.6,4.4,1.5,4.5
ISL_27042013_L1,Iceland,ISL,2013.0,2013-04-27,Legislative,15.0,,1,1,2,4,42631.074,4,6,1,,75.20154,92.85714,,,81.60963,71.65144,93.22802,81.666664,79.89238,82.13426,71.916664,93.47222,81.666664,81.48148,9.384615,,2.6666667,3.3333333,2.3333333,3.6666667,1.7333333,4.266667,,,,,68.888885,68.888885,,,,4.6,4.857143,4.857143,4.866667,95.53571,94.88095,95.53571,94.88095,,2.6666667,3.3333333,2.625,3.375,2.875,55.208332,54.86111,55.208332,54.86111,,1.6923077,4.3076925,1.2307693,4.769231,1.1538461,4.8461537,,,91.02564,91.02564,,,,1.3571428,4.642857,4.0,3.0714285,1.4666667,4.5333333,1.1428572,4.857143,,,,80.0,80.52381,,,,3.2666667,1.8,4.2,4.0,4.133333,1.8,,,,63.0,62.0,,,,3.3076923,2.5,3.2142856,2.4,3.6,1.5384616,4.4615383,,,59.545456,60.417583,,,,1.0714285,4.928571,1.1666666,4.8333335,4.6,4.8,4.6153846,4.733333,1.0833334,,,,,,92.083336,93.794266,,,,4.6666665,4.9333334,4.928571,1.5454545,4.4545455,1.9166666,4.0833335,93.57143,90.33225,93.57143,90.33225,,1.5384616,4.4615383,1.1538461,4.8461537,1.0769231,4.923077,3.5714285,,88.39286,86.26373,,,,4.4,4.266667,3.909091,4.357143,,,77.84091,80.83063,,,,9.2,,,7.5333333,6.266667,6.3333335,6.4,8.6,,,,,3.0,0.06666667,1.0,0.0,0.06666667,0.06666667,,,,,,,0.06666667,0.0,0.0,0.0,0.46666667,0.46666667,0.0,0.0,0.0,0.73333335,4.866667,9.2,,6.0,8.384615,7.5384617,,,,,,,,,,,,,,,,,,,,,,,,,,,,,,,,,,,,,,,,,,,,,,,,,,,
ISL_25062016_P1,Iceland,ISL,2016.0,2016-06-25,Presidential,12.0,,1,1,2,4,51398.926,4,6,1,,90.125305,,,,90.53792,83.95602,96.61195,87.79762,93.78607,89.09288,81.63194,96.78819,83.854164,94.09722,9.916667,,1.3333334,4.6666665,1.1666666,4.8333335,1.0833334,4.9166665,,,,,98.333336,95.138885,,,,4.75,4.8333335,4.8333335,4.9166665,95.833336,95.833336,95.833336,95.833336,,1.0,5.0,1.0,5.0,5.0,100.0,100.0,100.0,100.0,,1.3636364,4.6363635,1.0,5.0,1.0,5.0,,,96.969696,96.969696,,,,1.4,4.6,4.75,3.8888888,1.75,4.25,1.5,4.5,,,,89.166664,84.94444,,,,3.8333333,1.2857143,4.714286,3.8333333,4.0,1.25,,,,55.0,63.154762,,,,3.75,3.5555556,3.7777777,1.4166666,4.5833335,1.4,4.6,1.0,5.0,70.0,76.333336,75.0,80.27778,,1.0833334,4.9166665,1.1818181,4.818182,5.0,4.75,4.818182,4.818182,1.1,,,,,,96.25,96.33839,,,,5.0,5.0,5.0,1.0,5.0,1.0,5.0,100.0,100.0,100.0,100.0,,1.1666666,4.8333335,1.1818181,4.818182,1.0,5.0,4.428571,,95.833336,94.25054,,,,4.9166665,4.6666665,4.7272725,5.0,,,96.02273,95.691284,,,,9.5,,,8.416667,6.8333335,7.0,9.0,9.416667,,,,,2.9166667,0.25,0.9166667,0.083333336,0.083333336,0.083333336,,,,,,,0.0,0.0,0.083333336,0.0,0.6666667,0.0,0.0,0.0,0.0,0.8333333,4.5,9.5,,6.3333335,8.333333,9.333333,,,,,5.0,1.0,1.0,4.6666665,5.0,17.166666,17.166666,9.583333,9.583333,,,,,,,,,,,,,,,,,,,,,,,,,,,,,,,,,,,,,,
ISL_29102016_L1,Iceland,ISL,2016.0,2016-10-29,Legislative,8.0,,1,1,2,4,51398.926,4,6,1,,86.00584,89.79592,,,86.15265,86.07887,97.42064,87.5,73.611115,88.18251,84.9349,97.56944,87.5,82.72569,9.75,,1.875,4.125,2.0,4.0,1.625,4.375,,,,,79.166664,79.166664,,,,3.875,3.875,4.0,4.0,73.4375,73.4375,73.4375,73.4375,,1.0,5.0,1.0,5.0,5.0,100.0,100.0,100.0,100.0,,1.0,5.0,1.1428572,4.857143,1.1428572,4.857143,,,97.61905,97.61905,,,,1.4285715,4.571429,4.25,4.428571,1.25,4.75,1.0,5.0,,,,90.0,90.0,,,,3.75,1.5,4.5,4.375,4.125,1.0,,,,56.666668,63.75,,,,4.0,4.125,3.5,1.375,4.625,1.5,4.5,1.0,5.0,78.75,78.75,82.291664,82.291664,,1.0,5.0,1.125,4.875,5.0,4.875,4.571429,4.875,1.0,,,,,,96.42857,96.65179,,,,4.714286,5.0,5.0,1.0,5.0,1.0,5.0,99.0,98.57143,99.0,98.57143,,1.0,5.0,1.5,4.5,1.0,5.0,3.0,,75.0,84.375,,,,4.875,4.25,4.5,5.0,,,91.40625,91.40625,,,,9.875,,,8.625,7.375,7.375,9.0,9.625,,,,,3.0,0.125,1.0,0.0,0.125,0.125,,,,,,,0.0,0.0,0.0,0.0,0.875,0.0,0.0,0.0,0.0,1.0,5.25,9.5,,6.25,8.875,9.25,,,,,4.5,1.0,1.0,5.0,4.875,13.25,13.25,2.125,2.125,,,,,,,,,,,,,,,,,,,,,,,,,,,,,,,,,,,,,,
ISL_28102017_L1,Iceland,ISL,2017.0,2017-10-28,Legislative,11.0,,1,1,2,4,51398.92651,4,6,1,,71.52697,71.938774,,,77.81117,69.42965,90.17361,73.295456,78.34596,79.622,70.445076,89.89899,73.295456,84.84849,8.727273,,2.5454545,3.4545455,2.909091,3.090909,1.9090909,4.090909,,,,,63.636364,63.636364,,,,4.6363635,4.5454545,4.7272725,4.7272725,91.47727,91.47727,91.47727,91.47727,,2.857143,3.142857,2.7142856,3.2857144,3.2857144,55.95238,55.95238,55.95238,55.95238,,1.25,4.75,1.1,4.9,1.2,4.8,,,94.791664,95.416664,,,,1.2727273,4.7272725,4.3636365,3.6,2.1818182,3.8181818,1.2727273,4.7272725,,,,81.0,81.181816,,,,3.1818182,2.3636363,3.6363637,3.7272727,3.6363637,2.2222223,,,,55.555557,57.020203,,,,3.4545455,2.909091,3.0,2.1818182,3.8181818,1.9090909,4.090909,1.6363636,4.3636365,61.363636,61.363636,65.15152,65.15152,,1.0909091,4.909091,1.1818181,4.818182,4.5454545,4.4545455,3.9,4.6,1.4,,,,,,88.75,88.44697,,,,4.7272725,4.7272725,4.7272725,1.4545455,4.5454545,1.4545455,4.5454545,91.36364,91.36364,91.36364,91.36364,,1.3636364,4.6363635,1.4545455,4.5454545,1.1818181,4.818182,3.25,,87.5,82.8125,,,,4.6363635,3.909091,4.181818,4.4545455,,,82.38636,82.38636,,,,9.545455,,,7.2727275,6.6363635,7.181818,8.0,8.727273,,,,,2.8181818,0.36363637,1.0,0.09090909,0.09090909,0.18181819,,,,,,,0.0,0.0,0.0,0.0,0.8181818,0.18181819,0.0,0.0,0.09090909,0.8181818,4.2727275,8.727273,,,,,9.181818,4.7272725,2.1818182,,,,,4.7,,,,,,63.454544,47.18182,4.181818,3.4545455,2.3636363,2.3636363,,,,,,,,,,,,,,,,,,,,,,,,,,,,,,,,
ISL_27062020_P1,Iceland,ISL,2020.0,2020-06-27,Presidential,3.0,,1,1,2,4,53616.68470848422,4,6,1,,,,,,79.31135,85.41667,94.44444,78.125,59.259262,83.3941,84.270836,94.44444,77.083336,77.77778,9.333333,,3.3333333,2.6666667,2.3333333,3.6666667,2.3333333,3.6666667,,,,,58.333332,58.333332,,,,4.3333335,4.6666665,4.3333335,4.3333335,85.416664,85.416664,85.416664,85.416664,,1.0,5.0,1.0,5.0,5.0,100.0,100.0,100.0,100.0,,1.0,5.0,1.0,5.0,1.0,5.0,,,100.0,100.0,,,,1.3333334,4.6666665,5.0,4.3333335,1.3333334,4.6666665,1.0,5.0,,,,93.333336,93.333336,,,,4.0,1.5,4.5,4.3333335,4.3333335,,,,,,,,,,3.5,4.0,4.0,1.3333334,4.6666665,1.5,4.5,1.0,5.0,,78.333336,,81.94444,,1.0,5.0,1.0,5.0,4.6666665,4.0,4.0,4.6666665,1.0,,,,,,88.888885,88.888885,,,,3.6666667,4.3333335,4.3333335,1.3333334,4.6666665,1.3333334,4.6666665,83.333336,83.333336,83.333336,83.333336,,2.0,4.0,1.0,5.0,1.0,5.0,1.0,,56.25,68.75,,,,4.6666665,3.3333333,5.0,4.3333335,,,93.75,83.333336,,,,10.0,,,6.0,5.6666665,5.3333335,,6.6666665,,,,,1.0,0.0,1.0,0.0,0.0,0.0,,,,,,,0.0,0.0,0.0,0.0,1.0,0.0,0.0,0.0,0.0,1.0,4.6666665,10.0,,,,,10.0,5.3333335,1.0,,,,,,,,,,,,,,,,,,,,,,,,,,,,,,,,,,,,,,,,,,,,,,,,
ISL_25092021_L1,Iceland,ISL,2021.0,2021-09-25,Legislative,7.0,,1,1,2,4,57646.40989213614,4,6,1,,68.146255,66.83673,,,74.105156,72.769844,91.74603,73.21429,58.690475,74.05754,72.02381,92.1627,73.21429,58.829365,6.571429,,2.7142856,3.2857144,2.4285715,3.5714285,2.6666667,3.3333333,,,,,63.88889,59.920635,,,,2.142857,4.285714,3.7142856,2.142857,51.785713,51.785713,51.785713,51.785713,,3.5,2.5,2.5,3.5,2.5,45.833336,45.833332,45.833336,45.833332,,1.0,5.0,1.0,5.0,1.0,5.0,,,100.0,100.0,,,,1.0,5.0,4.571429,4.285714,1.8333334,4.1666665,1.0,5.0,,,,90.833336,90.11905,,,,3.4285715,2.2857144,3.7142856,3.4285715,3.7142856,3.0,,,,53.333332,61.42857,,,,3.0,2.1666667,3.5,1.8333334,4.1666665,2.2,3.8,1.8,4.2,58.75,58.166668,61.458336,61.805553,,1.0,5.0,1.2,4.8,4.142857,4.285714,3.8,4.857143,1.0,,,,,,86.111115,87.02381,,,,1.8333334,2.8333333,2.6666667,1.0,5.0,1.8,4.2,65.0,57.666668,65.0,57.666668,,4.285714,1.7142857,3.142857,2.857143,1.0,5.0,3.5,,59.375,56.69643,,,,3.8333333,3.4285715,4.0,2.142857,,,59.375,58.779762,,,,8.142858,,,8.285714,7.142857,7.428571,1.0,7.0,,,,,1.0,0.0,1.0,0.14285715,0.0,0.14285715,,,,,,,0.14285715,0.0,0.0,0.0,0.85714287,0.0,0.0,0.0,0.0,1.0,3.4285715,7.285714,,,,,9.714286,4.428571,2.142857,,,,,,,,,,,,,,,,,,,,,,,,,,,,,,,,,,,,,,,,,,,,,,,,
ISL_30112024_L1,Iceland,ISL,2024.0,2024-11-30,Legislative,3.0,,1,1,2,4,67256.0,4,6,1,,93.87755,,89.314514,,86.03588,91.78241,74.583336,83.333336,94.44444,85.99537,90.27778,75.0,84.259254,94.44444,9.333333,,2.6666667,3.3333333,1.3333334,4.6666665,1.0,5.0,4.6666665,5.0,2.6666667,4.6666665,83.333336,83.333336,92.85714,82.14285,,4.6666665,5.0,5.0,4.6666665,95.833336,95.833336,95.833336,95.833336,,1.0,5.0,1.0,5.0,5.0,100.0,100.0,100.0,100.0,,1.0,5.0,1.3333334,4.6666665,1.0,5.0,1.0,5.0,100.0,97.22222,100.0,97.916664,,1.0,5.0,5.0,5.0,1.6666666,4.3333335,1.0,5.0,4.3333335,1.0,5.0,100.0,96.666664,100.0,95.2381,,4.0,1.0,5.0,4.5,4.3333335,4.0,2.0,4.0,4.0,80.0,84.166664,,81.547615,,4.6666665,4.0,4.6666665,1.6666666,4.3333335,1.0,5.0,1.0,5.0,97.5,88.333336,97.91667,90.27778,,1.0,5.0,1.0,5.0,4.6666665,4.6666665,5.0,4.6666665,1.0,2.6666667,3.3333333,3.5,2.5,3.5,97.91667,95.833336,73.75,73.333336,,4.6666665,4.6666665,5.0,1.0,5.0,1.0,5.0,96.666664,96.666664,96.666664,96.666664,,2.0,4.0,1.0,5.0,1.0,5.0,5.0,5.0,100.0,93.75,100.0,95.0,,3.6666667,4.0,4.0,4.0,1.0,5.0,72.916664,72.916664,100.0,78.333336,,9.333333,2.0,,8.666667,7.6666665,8.333333,,9.333333,,0.0,0.0,0.0,2.6666667,,1.0,,,,6.0,3.6666667,0.0,5.0,1.0,3.3333333,0.0,0.0,0.0,0.0,0.6666667,0.33333334,0.0,0.0,0.0,1.0,5.6666665,9.0,,3.6666667,3.3333333,1.0,,,,,,,,,,,,,,,,,,,,,,,,,,,,,,,,,,,,,,,,,,,,,,,,,,,
ISL_01062024_P1,Iceland,ISL,2024.0,2024-06-01,Presidential,18.0,,1,1,2,4,67256.0,4,6,1,,83.89031,,84.93638,,83.8709,82.67506,81.40713,78.230835,93.17061,82.58086,81.32909,81.7747,78.390526,89.583336,9.3529415,,1.6666666,4.3333335,1.9,4.1,1.7647059,4.2352943,4.4444447,4.6666665,4.2222223,4.388889,86.111115,80.57189,82.14286,83.53875,,4.7222223,4.6666665,4.7222223,4.8333335,93.40278,93.40278,93.40278,93.40278,,2.0,4.0,2.0,4.0,3.75,79.166664,72.916664,79.166664,72.916664,,1.2857143,4.714286,1.375,4.625,1.2666667,4.733333,1.4,4.6,91.666664,92.27183,91.07143,91.703865,,1.1333333,4.866667,4.470588,4.0,1.0769231,4.923077,1.0833334,4.9166665,4.625,1.6875,4.3125,91.111115,90.884995,92.46032,89.69464,,3.9411764,2.2727273,3.7272727,3.9375,4.0,1.5555556,3.0,3.0,4.0,54.166668,60.807526,54.761906,61.29109,,4.0,3.6923077,3.9285715,2.1764705,3.8235295,1.4666667,4.5333333,1.1875,4.8125,78.75,74.88871,81.25,78.29267,,1.117647,4.882353,1.1764706,4.8235292,4.882353,4.8235292,4.6153846,4.7058825,1.25,2.6666667,3.3333333,3.4615386,1.1428572,4.857143,93.589745,94.72096,75.0,75.962616,,4.8235292,4.882353,4.647059,1.0625,4.9375,1.0625,4.9375,96.875,96.13971,96.875,96.13971,,1.0666667,4.9333334,1.0625,4.9375,1.0625,4.9375,5.0,4.1538463,100.0,98.802086,100.0,94.8109,,4.6875,4.5625,4.5333333,4.647059,1.1875,4.8125,90.17857,90.18995,91.07143,91.21446,,9.3529415,2.0,,7.8235292,6.470588,7.117647,8.0,8.882353,,0.0,0.0,0.0,1.3529412,1.0,1.0,1.0,1.0,,5.9411764,4.117647,0.4117647,5.0,1.0,4.117647,0.0,0.0,0.0,0.0,0.7777778,0.16666667,0.0,0.0,0.0,1.0,4.117647,9.117647,,2.3529413,4.7058825,1.7058823,,,,,,,,,,,,,,,,,,,,,,,,,,,,,,,,,,,,,,,,,,,,,,,,,,,
IND_12052014_L1,India,IND,2014.0,2014-05-12,Legislative,12.0,,2,3,2,2,5677.7031,3,4,0,,57.72375,59.566326,,,58.39331,51.742424,48.323864,64.0625,69.44444,57.774887,50.92014,47.135418,64.0625,68.98148,7.25,,2.1666667,3.8333333,2.0833333,3.9166667,2.1666667,3.8333333,,,,,71.52778,71.52778,,,,4.25,4.0,3.5833333,3.6666667,71.875,71.875,71.875,71.875,,2.9,3.1,2.0,4.0,2.8888888,59.25926,58.24074,59.25926,58.24074,,3.5833333,2.4166667,3.3,2.7,3.2222223,2.7777777,,,42.592594,40.787037,,,,1.8181819,4.181818,3.0833333,3.4166667,3.75,2.25,2.3636363,3.6363637,,,,59.5,57.840908,,,,2.4166667,2.0,4.0,3.0,3.0833333,3.5,,,,55.0,55.0,,,,2.625,1.6363636,1.9166666,3.4166667,2.5833333,2.9,3.1,,,35.625,34.30682,,,,3.4166667,2.5833333,3.7272727,2.2727273,4.25,3.9166667,2.9166667,3.3,2.125,,,,,,55.0,55.164143,,,,3.75,4.4166665,4.2,2.5,3.5,2.3,3.7,75.71429,72.833336,75.71429,72.833336,,2.1818182,3.8181818,2.9166667,3.0833333,2.0,4.0,4.0,,70.3125,68.13447,,,,4.0,4.4166665,3.8,4.0,,,76.25,76.354164,,,,9.1,,,6.1666665,5.3636365,5.25,6.5833335,8.083333,,,,,3.0,0.0,1.0,0.083333336,0.0,0.0,,,,,,,0.0,0.0,0.0,0.083333336,0.5,0.5,0.0,0.0,0.083333336,0.5833333,4.3333335,9.416667,,4.1666665,6.5833335,6.5,,,,,,,,,,,,,,,,,,,,,,,,,,,,,,,,,,,,,,,,,,,,,,,,,,,
IND_19052019_L1,India,IND,2019.0,2019-05-19,Legislative,26.0,,2,3,2,2,6971.687276478258,3,4,0,,55.541462,55.15873,,,53.28133,47.6864,48.633854,52.64423,64.16084,52.886284,46.694714,48.69124,52.64423,63.514957,6.3461537,,2.88,3.12,2.8461537,3.1538463,1.76,4.24,,,,,63.0,62.615383,,,,3.8076923,4.076923,3.3461537,3.6538463,68.02885,68.02885,68.02885,68.02885,,2.0,4.0,2.0,4.0,3.6,71.666664,71.666664,71.666664,71.666664,,3.7916667,2.2083333,2.96,3.04,2.8695652,3.1304348,,,46.590908,44.823067,,,,2.1153846,3.8846154,3.0769231,3.2307692,3.9615386,2.0384614,2.4,3.6,,,,54.4,54.153847,,,,2.6153846,3.7307692,2.2692308,2.6538463,2.6538463,3.0454545,,,,41.590908,41.188812,,,,2.5652175,2.0769231,1.8461539,3.52,2.48,3.8,2.2,3.5652175,2.4347825,32.272728,30.841473,30.833334,31.679487,,3.1666667,2.8333333,3.409091,2.590909,3.8076923,3.7692308,3.6190476,3.047619,2.1904762,,,,,,57.35294,56.9493,,,,3.96,3.9615386,4.0,2.75,3.25,2.3636363,3.6363637,68.42105,69.03951,68.42105,69.03951,,2.7083333,3.2916667,2.36,3.64,2.04,3.96,3.7083333,,66.193184,66.25,,,,2.9230769,3.9615386,3.125,3.4615386,,,58.333332,59.19471,,,,9.04,,,5.52,4.32,5.0833335,7.12,6.6,,,,,1.6,0.03846154,0.88461536,0.07692308,0.03846154,0.0,,,,,,,0.03846154,0.07692308,0.03846154,0.03846154,0.3846154,0.5,0.0,0.0,0.0,0.65384614,4.2,8.64,,,,,7.32,6.24,4.32,,,,,,,,,,,,,,,3.16,3.16,4.04,4.04,2.7391305,2.16,2.16,3.44,2.1666667,2.1666667,2.72,2.32,3.48,3.48,3.68,3.68,,,,,,,,,,,,,,,,,,
IND_01062024_L1,India,IND,2024.0,2024-06-01,Legislative,12.0,,2,4,1,2,9160.0,3,4,0,,51.047077,47.08455,53.274376,46.370968,51.496895,45.92866,59.35922,46.675083,54.02462,51.73611,45.908566,59.791668,46.71717,54.166668,6.2727275,,3.0833333,2.9166667,3.3333333,2.6666667,2.5833333,3.4166667,3.3333333,2.6363637,4.0833335,4.0,50.0,50.0,55.844154,57.332253,,3.0,4.0,2.75,3.1666667,55.729168,55.729168,55.729168,55.729168,,2.4,3.6,2.4,3.6,3.7272727,65.833336,66.06061,65.833336,66.06061,,3.25,2.75,3.0833333,2.9166667,2.9166667,3.0833333,3.4166667,2.5833333,47.916668,47.916668,45.833332,45.833332,,2.4166667,3.5833333,3.5,3.3333333,4.0,2.0,2.9166667,3.0833333,3.1666667,3.0833333,2.9166667,52.5,52.5,52.083332,52.083332,,1.9090909,4.2727275,1.7272727,2.2727273,2.5454545,3.6363637,4.0,2.0,2.909091,35.454544,35.454544,35.714287,35.714287,,3.0,1.9090909,2.0,3.1818182,2.8181818,3.4545455,2.5454545,3.1818182,2.8181818,38.0,36.363636,39.583332,37.878788,,3.4545455,2.5454545,3.2727273,2.7272727,4.0,3.8181818,4.0,3.125,2.3333333,3.090909,2.909091,3.4545455,3.0,3.0,60.416668,59.232956,48.75,48.948864,,3.4545455,4.0,3.6363637,2.4545455,3.5454545,2.4545455,3.5454545,65.90909,65.90909,65.90909,65.90909,,2.2727273,3.7272727,2.4545455,3.5454545,1.7272727,4.2727275,3.4545455,3.4545455,68.75,68.75,67.27273,67.27273,,2.3636363,3.909091,2.7272727,2.7272727,1.7272727,4.2727275,48.295456,48.295456,55.0,55.0,,9.0,2.4545455,,7.3636365,4.7272725,5.7272725,8.0,4.818182,,0.0,0.0,0.0,2.090909,1.0,1.0,1.0,1.0,1.0,6.0,4.4545455,0.09090909,5.090909,1.0,4.6363635,0.0,0.0,0.0,0.083333336,0.5833333,0.25,0.0,0.0,0.083333336,1.0,4.090909,8.909091,,5.090909,5.818182,5.4545455,,,,,,,,,,,,,,,,,,,,,,,,,,,,,,,,,,,,,,,,,,,,,,,,,,,
IDN_09042014_L1,Indonesia,IDN,2014.0,2014-04-09,Legislative,14.0,,2,4,1,2,10537.213,3,3,0,,51.188297,51.247166,,,57.898445,45.76122,55.475426,60.714287,69.64285,58.16592,46.800594,55.50595,60.714287,69.64285,6.428571,,3.0,3.0,2.9285715,3.0714285,2.142857,3.857143,,,,,57.738094,57.738094,,,,3.2142856,3.2142856,3.142857,3.5714285,57.142857,57.142857,57.142857,57.142857,,2.4166667,3.5833333,2.3333333,3.6666667,3.8333333,67.36111,67.36111,67.36111,67.36111,,3.7857144,2.2142856,3.4285715,2.5714285,3.2142856,2.7857144,,,38.095238,38.095238,,,,2.4285715,3.5714285,3.5714285,3.642857,3.2307692,2.7692308,2.2142856,3.7857144,,,,61.153847,61.703297,,,,2.5,2.357143,3.642857,2.5,3.0714285,3.857143,,,,52.857143,52.857143,,,,2.6923077,1.9230769,1.7692307,4.4615383,1.5384616,4.3076925,1.6923077,,,23.076923,23.076923,,,,2.7692308,3.2307692,3.7142856,2.2857144,3.5714285,3.7857144,2.6666667,4.142857,1.5833334,,,,,,57.196968,57.013126,,,,3.5,3.4285715,3.0714285,2.5714285,3.4285715,1.9285715,4.071429,62.5,62.5,62.5,62.5,,3.642857,2.357143,3.0,3.0,2.2857144,3.7142856,4.071429,,57.142857,57.142857,,,,3.4285715,3.5714285,3.642857,3.357143,,,62.5,62.5,,,,8.615385,,,3.642857,4.857143,4.214286,4.071429,5.357143,,,,,2.7142856,0.0,1.0,0.14285715,0.0,0.0,,,,,,,0.0,0.0,0.0,0.21428572,0.42857143,0.5714286,0.071428575,0.0,0.071428575,0.5,4.3076925,8.285714,,4.5,7.785714,7.857143,,,,,,,,,,,,,,,,,,,,,,,,,,,,,,,,,,,,,,,,,,,,,,,,,,,
IDN_09072014_P1,Indonesia,IDN,2014.0,2014-07-09,Presidential,12.0,,2,4,1,2,10537.213,3,3,0,,57.646748,56.632652,,,65.425896,57.879417,62.10701,64.583336,77.133835,66.22685,58.368057,65.104164,64.583336,76.85185,7.5833335,,2.909091,3.090909,2.3333333,3.6666667,2.1818182,3.8181818,,,,,62.878788,63.131313,,,,3.8333333,3.4166667,3.6666667,3.9166667,67.708336,67.708336,67.708336,67.708336,,2.3333333,3.6666667,2.2222223,3.7777777,3.3333333,64.81481,64.81481,64.81481,64.81481,,3.4,2.6,3.0,3.0,3.4,2.6,,,43.333332,43.333332,,,,1.9090909,4.090909,3.75,3.6666667,2.5833333,3.4166667,2.2727273,3.7272727,,,,68.63636,68.257576,,,,2.25,2.25,3.75,3.1666667,2.6666667,3.9166667,,,,53.75,53.75,,,,2.9,3.2727273,3.0,3.9166667,2.0833333,3.6,2.4,,,41.0,43.280304,,,,2.5454545,3.4545455,3.4,2.6,3.7272727,4.1666665,3.375,4.25,1.5,,,,,,64.0625,64.88952,,,,3.909091,3.9166667,3.8333333,2.0,4.0,1.8,4.2,73.888885,74.295456,73.888885,74.295456,,4.0833335,1.9166666,4.0,2.0,2.0,4.0,4.2727275,,51.136364,51.183712,,,,3.75,3.9166667,4.0,3.8333333,,,71.875,71.875,,,,8.090909,,,4.6666665,5.8333335,4.1666665,5.3333335,7.0,,,,,2.8888888,0.083333336,0.8333333,0.16666667,0.0,0.0,,,,,,,0.0,0.083333336,0.0,0.25,0.5833333,0.25,0.0,0.0,0.0,0.75,4.3636365,8.166667,,5.0,7.0,8.0,,,,,,,,,,,,,,,,,,,,,,,,,,,,,,,,,,,,,,,,,,,,,,,,,,,
IDN_17042019_P1,Indonesia,IDN,2019.0,2019-04-17,Presidential,2.0,,2,4,1,2,12310.627368459083,3,3,1,,55.867348,55.867348,,,61.197918,50.0,61.805557,59.375,73.611115,61.197918,50.0,61.805557,59.375,73.611115,7.0,,4.0,2.0,4.0,2.0,2.0,4.0,,,,,41.666668,41.666668,,,,4.0,4.0,4.0,4.0,75.0,75.0,75.0,75.0,,2.5,3.5,2.5,3.5,3.0,58.333332,58.333332,58.333332,58.333332,,2.5,3.5,3.0,3.0,3.0,3.0,,,54.166664,54.166664,,,,2.5,3.5,4.0,4.0,3.5,2.5,2.5,3.5,,,,62.5,62.5,,,,2.5,3.0,3.0,2.5,2.5,3.5,,,,45.0,45.0,,,,3.0,3.0,2.0,2.5,3.5,3.0,3.0,3.0,3.0,47.5,47.5,47.916664,47.916664,,2.5,3.5,3.0,3.0,4.0,4.0,2.5,4.0,2.5,,,,,,62.5,62.5,,,,3.5,3.5,4.0,2.5,3.5,2.0,4.0,67.5,67.5,67.5,67.5,,4.0,2.0,2.5,3.5,4.0,2.0,4.0,,46.875,46.875,,,,4.0,4.0,4.0,4.0,,,75.0,75.0,,,,8.5,,,5.0,6.5,4.5,5.0,7.0,,,,,1.5,0.0,1.0,0.0,0.0,0.0,,,,,,,0.0,0.0,0.0,0.0,0.5,0.5,0.0,0.0,0.0,0.5,4.0,8.5,,,,,8.0,6.5,4.0,,,,,,,,,,,,,,,3.0,3.0,4.5,4.5,3.5,3.0,3.0,3.5,3.5,3.5,2.5,2.5,3.5,3.5,4.0,4.0,,,,,,,,,,,,,,,,,,
IDN_14022024_P1,Indonesia,IDN,2024.0,2024-02-14,Presidential,5.0,,3,4,1,3,13890.0,3,3,0,,46.55612,33.163265,43.844086,37.5,47.135128,34.787037,55.958332,53.958336,43.836807,47.12037,36.756947,56.944443,54.166668,40.833332,4.75,,3.8,2.2,4.4,1.6,2.4,3.6,2.6,3.0,3.6,3.4,36.666668,36.666668,46.42857,46.42857,,2.2,2.0,1.8,2.0,25.0,25.0,25.0,25.0,,3.0,3.0,3.0,3.0,3.0,50.0,50.0,50.0,50.0,,3.6,2.4,3.2,2.8,3.0,3.0,3.4,2.6,43.333332,43.333332,42.5,42.5,,3.0,3.0,3.2,2.4,3.6,2.4,3.2,2.8,2.4,3.6,2.4,44.0,44.0,41.428574,41.428574,,2.5,4.0,2.0,2.75,3.0,3.75,4.5,1.5,3.25,45.0,45.0,41.964287,41.964287,,2.3333333,2.0,1.5,4.5,1.5,4.25,1.75,4.25,1.75,23.333334,20.416666,23.61111,20.13889,,3.25,2.75,4.25,1.75,4.25,4.25,3.5,4.25,1.3333334,2.5,3.5,3.25,2.5,3.5,61.458332,61.458332,52.5,52.5,,2.6666667,3.5,2.6666667,2.3333333,3.6666667,2.5,3.5,35.0,55.0,35.0,55.0,,3.5,2.5,4.0,2.0,2.0,4.0,3.25,2.0,48.4375,48.4375,43.75,43.75,,2.25,3.75,3.0,2.0,3.0,3.0,43.75,43.75,45.0,45.0,,9.5,1.0,,4.0,4.0,3.5,3.75,4.75,,0.0,0.0,0.0,1.5,,1.0,,,,6.0,5.3333335,0.0,5.0,1.0,4.25,0.0,0.0,0.0,0.0,0.6,0.2,0.0,0.0,0.0,1.0,4.75,9.0,,5.5,6.25,3.75,,,,,,,,,,,,,,,,,,,,,,,,,,,,,,,,,,,,,,,,,,,,,,,,,,,
IRN_14062013_P1,Iran,IRN,2013.0,2013-06-14,Presidential,9.0,,6,6,0,3,16521.262,3,7,0,,47.757835,,,,55.085205,35.35516,67.5033,54.6627,62.819664,57.28202,36.226852,70.138885,56.25,66.512344,6.125,,4.0,2.0,4.0,2.0,3.3333333,2.6666667,,,,,29.166666,30.555555,,,,4.3333335,4.0,3.7142856,3.8888888,78.57143,74.60317,78.57143,74.60317,,4.0,2.0,2.6666667,3.3333333,3.0,47.22222,44.444443,47.22222,44.444443,,2.8333333,3.1666667,2.4,3.6,2.5,3.5,,,54.166664,60.555557,,,,4.7777777,1.2222222,1.2222222,1.7777778,3.857143,2.142857,3.3333333,2.6666667,,,,19.285715,20.15873,,,,3.2222223,3.142857,2.857143,3.5555556,3.2222223,3.1666667,,,,43.0,55.11905,,,,3.2,3.0,1.8333334,2.4285715,3.5714285,3.25,2.75,,,45.0,46.77381,,,,1.7777778,4.2222223,2.6666667,3.3333333,4.111111,3.3333333,2.857143,3.8888888,1.5,,,,,,60.0,65.60847,,,,3.5714285,3.7777777,3.7142856,3.75,2.25,2.4444444,3.5555556,67.5,59.345238,67.5,59.345238,,1.5,4.5,1.7142857,4.285714,1.4285715,4.571429,3.6666667,,77.083336,81.39881,,,,2.8888888,3.5555556,3.142857,3.7777777,,,57.142857,58.531746,,,,9.428572,,,3.6666667,4.3333335,4.6666665,4.4444447,4.111111,,,,,2.0,0.33333334,0.8888889,0.0,0.0,0.11111111,,,,,,,0.0,0.0,0.0,0.0,0.33333334,0.5555556,0.11111111,0.0,0.0,0.6666667,4.111111,7.4444447,,3.875,8.25,8.5,,,,,,,,,,,,,,,,,,,,,,,,,,,,,,,,,,,,,,,,,,,,,,,,,,,
IRN_26022016_L1,Iran,IRN,2016.0,2016-02-26,Legislative,7.0,,6,6,0,3,17046.439,3,7,0,,43.023808,,,,44.13029,26.736113,52.939816,44.642857,52.20238,46.62078,27.157738,59.52381,44.642857,55.15873,5.285714,,4.0,2.0,4.0,2.0,3.7142856,2.2857144,,,,,23.333332,27.38095,,,,3.857143,4.142857,2.1666667,3.7142856,62.5,61.75595,62.5,61.75595,,3.3333333,2.6666667,2.5,3.5,2.6,47.22222,48.055557,47.22222,48.055557,,2.6,3.4,2.2,3.8,2.0,4.0,,,68.75,68.333336,,,,4.714286,1.2857143,2.7142856,2.5,3.5,2.5,4.1666665,1.8333334,,,,17.5,29.166666,,,,2.5714285,3.7142856,2.2857144,1.8571428,2.4285715,3.1666667,,,,31.666666,36.54762,,,,1.6666666,1.6666666,1.0,3.25,2.75,4.0,2.0,2.1666667,3.8333333,20.0,20.416666,25.0,28.819443,,2.25,3.75,3.0,3.0,4.0,3.142857,2.5,2.4,1.2,,,,,,54.166668,53.303574,,,,4.0,3.5714285,3.6,4.2,1.8,3.75,2.25,45.0,51.107143,45.0,51.107143,,2.5714285,3.4285715,2.142857,3.857143,1.4285715,4.571429,3.4,,67.5,70.35714,,,,2.1666667,2.8333333,2.4,3.1666667,,,37.5,41.041668,,,,8.857142,,,3.142857,4.714286,4.428571,4.0,3.857143,,,,,2.5,0.14285715,0.71428573,0.0,0.14285715,0.14285715,,,,,,,0.0,0.0,0.0,0.0,0.2857143,0.0,0.0,0.0,0.0,0.5714286,3.2857144,8.8,,2.857143,6.857143,7.0,,,,,3.5714285,2.2857144,2.2857144,17.285715,16.285715,16.714285,16.714285,30.428572,30.428572,,,,,,,,,,,,,,,,,,,,,,,,,,,,,,,,,,,,,,
IRN_19052017_P1,Iran,IRN,2017.0,2017-05-19,Presidential,7.0,,6,6,0,3,17046.439,3,7,0,,45.592403,41.964287,,,48.648315,30.13889,59.19643,47.32143,57.93651,48.816963,29.494047,60.515873,47.32143,57.93651,5.142857,,4.142857,1.8571428,4.285714,1.7142857,3.5714285,2.4285715,,,,,25.0,25.0,,,,3.7142856,3.857143,3.1666667,3.7142856,63.541668,65.32738,63.541668,65.32738,,4.3333335,1.6666666,3.0,3.0,2.0,30.555555,30.555555,30.555555,30.555555,,2.6666667,3.3333333,3.5,2.5,3.1666667,2.8333333,,,47.22222,47.22222,,,,4.857143,1.1428572,2.857143,2.857143,3.3333333,2.6666667,4.285714,1.7142857,,,,28.333334,31.190475,,,,3.5714285,4.0,2.0,2.142857,3.2857144,3.6666667,,,,45.0,48.333332,,,,2.857143,2.5,1.5714285,2.6666667,3.3333333,3.8333333,2.1666667,3.6,2.4,37.5,37.142857,36.458332,36.785713,,2.4285715,3.5714285,2.5714285,3.4285715,3.7142856,3.0,2.3333333,4.0,1.5714285,,,,,,58.333332,58.531746,,,,4.0,3.4285715,3.8333333,3.857143,2.142857,2.7142856,3.2857144,56.666668,58.45238,56.666668,58.45238,,3.5714285,2.4285715,2.3333333,3.6666667,1.5714285,4.428571,3.4285715,,62.5,62.20238,,,,2.6666667,3.2857144,3.0,3.2857144,,,51.041668,51.488094,,,,8.571428,,,2.5714285,4.857143,5.142857,3.2857144,3.5714285,,,,,2.7142856,0.0,1.0,0.0,0.14285715,0.0,,,,,,,0.0,0.0,0.0,0.0,0.71428573,0.2857143,0.0,0.0,0.0,1.0,3.857143,7.285714,,,,,7.0,4.857143,3.142857,,,,,4.0,,,,,,16.571428,30.857143,3.2857144,3.142857,2.857143,2.857143,,,,,,,,,,,,,,,,,,,,,,,,,,,,,,,,
IRN_11092020_L2,Iran,IRN,2020.0,2020-09-11,Legislative,3.0,,6,6,0,2,15791.15950765429,3,7,0,,,,,,13.229166,14.027778,12.5,4.1666665,22.222221,17.387154,9.82639,29.166666,8.333333,22.222221,2.0,,5.0,1.0,5.0,1.0,5.0,1.0,,,,,0.0,0.0,,,,2.3333333,2.3333333,1.0,2.0,12.5,22.916666,12.5,22.916666,,,,1.0,5.0,3.0,,,,,,3.5,2.5,3.5,2.5,5.0,1.0,,,0.0,25.0,,,,5.0,1.0,1.0,1.3333334,5.0,1.0,5.0,1.0,,,,0.0,1.6666666,,,,1.6666666,5.0,1.0,1.3333334,2.0,,,,,,,,,,1.0,1.0,1.0,4.0,2.0,4.6666665,1.3333334,4.5,1.5,5.0,6.6666665,6.25,7.638889,,5.0,1.0,4.5,1.5,2.6666667,1.0,1.0,1.0,1.0,,,,,,0.0,9.027778,,,,2.0,3.0,2.0,5.0,1.0,5.0,1.0,17.5,20.0,17.5,20.0,,2.5,3.5,2.6666667,3.3333333,1.5,4.5,2.6666667,,75.0,62.5,,,,1.6666666,2.0,1.0,1.3333334,,,12.5,12.5,,,,9.666667,,,1.6666666,2.3333333,2.0,2.3333333,2.0,,,,,1.0,0.0,1.0,0.0,0.0,0.0,,,,,,,0.0,0.0,0.0,0.0,0.0,1.0,0.0,0.0,0.0,0.0,4.3333335,9.333333,,,,,5.3333335,6.6666665,3.0,,,,,,,,,,,,,,,,,,,,,,,,,,,,,,,,,,,,,,,,,,,,,,,,
IRN_18062021_P1,Iran,IRN,2021.0,2021-06-18,Presidential,3.0,,7,6,0,2,,3,7,0,,41.836735,41.836735,,,27.199074,13.194444,58.564816,8.333333,28.703703,26.4294,9.652778,59.02778,8.333333,28.703703,1.6666666,,4.0,2.0,5.0,1.0,5.0,1.0,,,,,8.333333,8.333333,,,,3.0,3.6666667,2.0,2.6666667,45.833332,45.833332,45.833332,45.833332,,5.0,1.0,1.0,5.0,1.0,33.333332,33.333332,33.333332,33.333332,,4.0,2.0,3.0,3.0,3.3333333,2.6666667,,,45.833336,38.88889,,,,5.0,1.0,1.0,1.0,5.0,1.0,5.0,1.0,,,,0.0,0.0,,,,1.6666666,5.0,1.0,2.0,1.6666666,3.0,,,,21.666666,21.666666,,,,1.0,1.0,1.0,3.3333333,2.6666667,4.6666665,1.3333334,3.6666667,2.3333333,10.0,10.0,13.888889,13.888889,,3.0,3.0,4.0,2.0,3.6666667,1.3333334,3.0,4.6666665,1.6666666,,,,,,62.5,48.61111,,,,4.0,4.6666665,4.5,5.0,1.0,5.0,1.0,50.0,50.833332,50.0,50.833332,,2.3333333,3.6666667,1.0,5.0,1.0,5.0,2.3333333,,75.0,75.0,,,,1.0,3.3333333,2.3333333,2.3333333,,,31.25,31.25,,,,9.0,,,1.3333334,3.3333333,3.6666667,3.3333333,2.0,,,,,1.0,0.0,1.0,0.0,0.0,0.0,,,,,,,0.0,0.0,0.0,0.0,0.0,1.0,0.0,0.0,0.0,0.33333334,3.6666667,7.0,,,,,7.6666665,4.0,3.0,,,,,,,,,,,,,,,,,,,,,,,,,,,,,,,,,,,,,,,,,,,,,,,,
IRN_05072024_P2,Iran,IRN,2024.0,2024-07-05,Presidential,3.0,,7,7,0,3,15912.0,3,7,0,,63.265305,,26.680107,,21.921297,25.555555,26.250002,18.518518,17.36111,20.844908,20.555555,25.555557,18.518518,18.75,3.0,,4.0,2.0,4.0,2.0,4.0,2.0,1.3333334,1.3333334,2.0,2.0,25.0,25.0,20.238096,20.238096,,2.0,2.0,1.3333334,1.3333334,16.666666,16.666666,16.666666,16.666666,,2.0,4.0,2.0,4.0,4.0,75.0,75.0,75.0,75.0,,4.0,2.0,4.0,2.0,4.0,2.0,4.0,2.0,25.0,25.0,25.0,25.0,,4.0,2.0,2.0,2.0,4.6666665,1.3333334,4.6666665,1.3333334,1.3333334,4.0,2.0,18.333334,18.333334,17.857143,17.857143,,2.0,4.0,2.0,2.0,2.0,4.5,4.3333335,1.6666666,2.0,47.5,37.5,42.857143,32.738094,,2.0,2.0,1.3333334,4.0,2.0,4.0,2.0,4.0,2.0,21.666666,21.666666,22.222221,22.222221,,4.0,2.0,4.0,2.0,3.5,1.3333334,2.0,2.0,2.0,4.6666665,1.3333334,2.0,4.0,2.0,37.5,28.472221,28.75,20.416666,,2.0,2.0,2.0,5.0,1.0,4.0,2.0,0.0,20.0,0.0,20.0,,3.5,2.5,4.0,2.0,3.5,2.5,2.0,3.3333333,37.5,31.25,47.5,36.666668,,2.0,2.0,1.3333334,2.0,3.5,2.5,20.833334,20.833334,32.5,24.166666,,9.666667,1.0,,3.0,2.6666667,2.6666667,3.0,3.0,,,,,1.0,1.0,1.0,,,,6.0,5.0,0.0,5.0,1.0,1.3333334,0.0,0.0,0.0,0.0,0.0,1.0,0.0,0.0,0.0,1.0,5.6666665,9.333333,,3.3333333,6.6666665,3.3333333,,,,,,,,,,,,,,,,,,,,,,,,,,,,,,,,,,,,,,,,,,,,,,,,,,,
IRQ_30042014_L1,Iraq,IRQ,2014.0,2014-04-30,Legislative,9.0,,5,6,0,2,15481.38,3,7,0,,42.518524,47.44898,,,46.84193,33.643353,53.49289,47.916668,52.314816,48.28607,32.1875,58.796295,47.916668,54.243828,5.0,,3.25,2.75,3.625,2.375,2.7777777,3.2222223,,,,,45.833332,44.560184,,,,3.2222223,3.125,2.8888888,3.2222223,53.90625,52.864582,53.90625,52.864582,,4.142857,1.8571428,3.5714285,2.4285715,2.75,30.952381,33.63095,30.952381,33.63095,,3.625,2.375,3.5,2.5,3.25,2.75,,,45.833332,38.541668,,,,3.8888888,2.1111112,3.5555556,3.4444444,3.5,2.5,3.5,2.5,,,,46.666668,45.555557,,,,2.6666667,4.111111,1.8888888,2.875,3.0,3.875,,,,45.714287,46.52778,,,,2.0,2.1666667,1.5714285,4.111111,1.8888888,4.75,1.25,,,20.833334,19.38492,,,,3.5,2.5,3.5714285,2.4285715,3.5555556,3.5555556,2.5,4.2222223,1.4,,,,,,55.555557,53.174603,,,,2.6666667,2.25,3.0,2.8333333,3.1666667,2.6666667,3.3333333,43.75,47.083332,43.75,47.083332,,3.875,2.125,2.5,3.5,2.125,3.875,3.0,,53.75,53.125,,,,2.375,3.6666667,2.6666667,2.6666667,,,44.53125,46.09375,,,,8.222222,,,3.3333333,2.1111112,2.6666667,3.0,4.4444447,,,,,2.75,0.33333334,0.7777778,0.44444445,0.33333334,0.22222222,,,,,,,0.0,0.0,0.0,0.0,0.22222222,0.6666667,0.0,0.0,0.0,0.33333334,5.0,8.666667,,5.2222223,5.6666665,7.111111,,,,,,,,,,,,,,,,,,,,,,,,,,,,,,,,,,,,,,,,,,,,,,,,,,,
IRQ_12052018_L1,Iraq,IRQ,2018.0,2018-05-12,Legislative,8.0,,5,6,0,3,15663.986328125,3,7,0,,29.562683,22.959183,,,32.941467,34.21875,37.06349,30.691963,29.791666,32.952473,34.414062,36.71875,32.03125,28.645834,3.0,,3.625,2.375,4.0,2.0,3.2857144,2.7142856,,,,,35.714283,34.07738,,,,1.625,2.125,1.625,2.125,21.875,21.875,21.875,21.875,,3.75,2.25,3.5,2.5,2.125,32.291668,32.291668,32.291668,32.291668,,4.285714,1.7142857,4.0,2.0,4.0,2.0,,,22.619047,22.619047,,,,2.857143,3.142857,3.75,3.0,3.0,3.0,3.5,2.5,,,,50.714287,51.964287,,,,1.875,3.7142856,2.2857144,2.0,1.5,4.0,,,,30.714285,33.303574,,,,2.0,1.5714285,1.625,4.25,1.75,4.375,1.625,4.125,1.875,19.285715,17.857143,20.238096,18.526787,,4.142857,1.8571428,4.125,1.875,2.7142856,2.375,1.6,3.5714285,2.4,,,,,,29.166668,33.30357,,,,1.875,2.125,1.75,3.6,2.4,3.8,2.2,25.0,26.75,25.0,26.75,,4.125,1.875,2.5714285,3.4285715,3.2857144,2.7142856,2.25,,38.392857,39.174107,,,,2.142857,2.4285715,2.0,1.625,,,25.892857,26.227678,,,,6.75,,,3.5,2.125,2.125,3.25,2.875,,,,,3.0,0.25,0.75,0.0,0.125,0.0,,,,,,,0.0,0.0,0.0,0.125,0.125,0.625,0.0,0.0,0.125,0.375,5.5,9.25,,,,,6.125,4.25,2.625,,,,,,,,,,,,,,,3.7142856,3.7142856,3.5714285,3.5714285,2.25,4.875,4.875,3.7142856,3.3333333,3.3333333,2.875,1.625,3.75,3.75,4.142857,4.142857,,,,,,,,,,,,,,,,,,
IRQ_10102021_L1,Iraq,IRQ,2021.0,2021-10-10,Legislative,3.0,,5,6,0,3,10408.943877178575,3,7,0,,59.183674,,,,59.045143,43.47222,56.944447,67.708336,68.05556,57.11227,43.61111,54.050926,64.583336,66.203705,6.6666665,,2.3333333,3.6666667,3.0,3.0,2.3333333,3.6666667,,,,,61.11111,61.11111,,,,4.0,4.0,4.0,4.0,75.0,75.0,75.0,75.0,,3.5,2.5,2.5,3.5,4.0,58.333332,58.333332,58.333332,58.333332,,3.6666667,2.3333333,3.3333333,2.6666667,3.5,2.5,,,41.666664,37.5,,,,2.3333333,3.6666667,3.0,3.0,3.5,2.5,3.6666667,2.3333333,,,,52.5,47.5,,,,2.0,2.5,3.5,2.6666667,3.0,3.0,,,,40.0,45.833332,,,,2.3333333,2.6666667,1.6666666,3.0,3.0,4.3333335,1.6666666,3.3333333,2.6666667,27.5,31.666666,31.25,33.333332,,3.3333333,2.6666667,3.3333333,2.6666667,3.6666667,4.6666665,4.0,4.0,2.0,,,,,,54.166668,65.27778,,,,4.0,3.3333333,4.0,2.6666667,3.3333333,2.6666667,3.3333333,65.0,65.0,65.0,65.0,,4.3333335,1.6666666,4.0,2.0,3.3333333,2.6666667,3.5,,28.125,36.458332,,,,3.6666667,4.3333335,4.3333335,3.6666667,,,75.0,75.0,,,,7.3333335,,,5.3333335,4.6666665,3.3333333,3.0,6.0,,,,,1.3333334,0.33333334,1.0,0.6666667,0.0,0.0,,,,,,,0.0,0.0,0.0,0.0,0.33333334,0.6666667,0.0,0.0,0.0,0.33333334,4.0,5.6666665,,,,,8.333333,6.6666665,3.0,,,,,,,,,,,,,,,,,,,,,,,,,,,,,,,,,,,,,,,,,,,,,,,,
IRL_26022016_L1,Ireland,IRL,2016.0,2016-02-26,Legislative,31.0,,1,1,2,4,68882.875,4,6,1,,69.0472,70.26239,,,71.55013,72.00436,49.208897,74.83871,90.14858,72.59829,71.67674,53.1474,75.40323,90.16577,8.806452,,2.096774,3.903226,2.032258,3.967742,1.5806452,4.419355,,,,,77.41936,77.41936,,,,4.354839,4.129032,4.967742,4.935484,89.91936,89.91936,89.91936,89.91936,,2.451613,3.548387,2.1290324,3.8709676,4.0333333,70.27778,70.439064,70.27778,70.439064,,4.1538463,1.8461539,3.925926,2.074074,3.8461537,2.1538463,,,25.0,25.617283,,,,1.451613,4.548387,4.354839,3.5333333,1.5806452,4.419355,1.4642857,4.535714,,,,82.40741,81.958145,,,,3.3333333,2.1333334,3.8666666,3.7096775,3.516129,2.2941177,,,,52.941177,58.59962,,,,3.2903225,2.8666666,2.8709676,2.096774,3.903226,2.4814816,3.5185184,1.1935484,4.806452,58.51852,57.248505,64.66049,63.567303,,1.032258,4.967742,1.7272727,4.2727275,4.16129,4.387097,3.6666667,1.2857143,1.137931,,,,,,70.052086,69.75516,,,,4.677419,3.7741935,4.774194,1.173913,4.826087,1.1153846,4.8846154,92.045456,89.68254,92.045456,89.68254,,1.8333334,4.1666665,1.5357143,4.464286,1.1034483,4.8965516,4.347826,,85.3125,86.72081,,,,4.7419353,3.6451614,3.892857,4.133333,,,78.125,77.583046,,,,9.193548,,,7.967742,6.677419,6.387097,7.83871,7.935484,,,,,2.9333334,0.06451613,1.0,0.09677419,0.032258064,0.0,,,,,,,0.0,0.0,0.0,0.0,0.67741936,0.0,0.0,0.0,0.0,0.8064516,4.642857,9.133333,,5.225806,7.935484,8.645162,,,,,4.7419353,1.0967742,1.0967742,4.806452,4.967742,16.935484,16.935484,11.967742,11.967742,,,,,,,,,,,,,,,,,,,,,,,,,,,,,,,,,,,,,,
IRL_26102018_P1,Ireland,IRL,2018.0,2018-10-26,Presidential,18.0,,1,1,2,4,67335.296875,4,6,1,,72.39992,79.2517,,,72.90748,76.39706,55.383324,73.78472,86.06481,74.6875,76.52778,56.944443,73.958336,91.31944,8.777778,,2.0,4.0,1.8333334,4.1666665,1.8333334,4.1666665,,,,,77.77778,77.77778,,,,4.611111,4.5,4.9375,4.888889,93.359375,93.359375,93.359375,93.359375,,2.0,4.0,2.0,4.0,3.142857,67.85714,67.85714,67.85714,67.85714,,4.0,2.0,3.6875,2.3125,3.3846154,2.6153846,,,32.05128,32.732372,,,,2.2777777,3.7222223,4.5,3.5,1.7058823,4.2941175,1.2352941,4.7647057,,,,78.21429,78.90523,,,,3.5,2.25,3.75,4.111111,3.9444444,2.8181818,,,,63.5,65.61869,,,,3.6111112,3.7222223,3.75,1.9444444,4.0555553,2.0,4.0,1.1111112,4.888889,72.333336,70.69444,76.666664,75.11574,,1.0,5.0,1.3571428,4.642857,4.6666665,4.2777777,3.5625,1.6666666,1.2222222,,,,,,73.263885,74.23528,,,,4.4117646,4.4444447,4.4444447,1.2,4.8,1.25,4.75,90.0,89.253265,90.0,89.253265,,1.2222222,4.7777777,1.2,4.8,1.0,5.0,3.8333333,,91.25,90.06944,,,,4.611111,4.2777777,4.266667,4.4444447,,,84.583336,85.0,,,,9.444445,,,8.111111,7.388889,7.3333335,7.888889,8.388889,,,,,2.8333333,0.11111111,1.0,0.11111111,0.055555556,0.0,,,,,,,0.0,0.0,0.0,0.0,0.7777778,0.22222222,0.055555556,0.0,0.0,0.8888889,4.7647057,8.277778,,,,,9.444445,5.6666665,2.5555556,,,,,,,,,,,,,,,1.6666666,1.6666666,2.6111112,2.6111112,3.9444444,1.7777778,1.7777778,3.909091,1.3125,1.3125,3.6470587,3.9444444,2.7222223,2.7222223,2.9333334,2.9333334,,,,,,,,,,,,,,,,,,
IRL_08022020_L1,Ireland,IRL,2020.0,2020-02-08,Legislative,10.0,,1,1,2,4,93350.0875336544,4,6,1,,71.71177,76.53061,,,75.42003,75.375,50.40344,84.583336,91.318344,75.71354,75.354164,52.01389,84.375,91.11111,8.4,,2.1,3.9,1.9,4.1,2.1,3.9,,,,,74.166664,74.166664,,,,4.3,4.0,4.8,4.8,86.875,86.875,86.875,86.875,,2.6,3.4,2.1,3.9,4.0,69.166664,69.166664,69.166664,69.166664,,3.9,2.1,3.9,2.1,3.6,2.4,,,30.0,30.0,,,,1.2,4.8,3.6,3.2,1.7,4.3,1.2,4.8,,,,78.5,78.5,,,,3.8888888,1.5555556,4.4444447,4.2222223,4.0,1.8,,,,67.0,66.77778,,,,3.8888888,3.2222223,2.9,1.7,4.3,1.7777778,4.2222223,1.3,4.7,68.57143,67.666664,72.61905,71.80556,,1.3,4.7,1.5714285,4.428571,4.0,4.6,3.3333333,1.5555556,1.0,,,,,,70.83333,69.23942,,,,4.7,4.6,4.7,1.0,5.0,1.1111112,4.888889,95.0,94.44444,95.0,94.44444,,1.9,4.1,1.5555556,4.4444447,1.0,5.0,4.428571,,88.541664,87.33135,,,,4.6,3.875,4.3,4.5,,,83.59375,82.96875,,,,9.3,,,8.6,7.5,7.2,7.6,8.5,,,,,1.2,0.0,1.0,0.0,0.0,0.0,,,,,,,0.0,0.0,0.0,0.0,0.8,0.2,0.0,0.0,0.0,0.8,4.1,8.7,,,,,9.2,4.8,1.4,,,,,,,,,,,,,,,,,,,,,,,,,,,,,,,,,,,,,,,,,,,,,,,,
IRL_29112024_L1,Ireland,IRL,2024.0,2024-11-29,Legislative,9.0,,1,1,2,4,114922.0,4,6,1,,75.38832,67.85714,76.50058,,78.39093,80.24113,67.47189,75.0,90.85069,78.36034,80.15432,67.31481,75.0,90.97222,9.222222,,1.5555556,4.4444447,1.4444444,4.5555553,1.5555556,4.4444447,4.2222223,4.3333335,4.7777777,4.2222223,87.03704,87.03704,88.690475,85.71429,,4.2222223,4.6666665,4.888889,5.0,92.361115,92.361115,92.361115,92.361115,,2.1111112,3.8888888,1.7777778,4.2222223,4.3333335,78.703705,78.703705,78.703705,78.703705,,4.111111,1.8888888,4.5555553,1.4444444,4.111111,1.8888888,3.8888888,2.1111112,18.518518,18.518518,20.833334,20.833334,,1.0,5.0,4.0,3.7777777,1.4444444,4.5555553,1.1111112,4.888889,4.2222223,2.8888888,3.1111112,86.111115,86.111115,80.55556,80.55556,,4.0,1.4444444,4.5555553,4.111111,4.2222223,1.25,3.8888888,2.1111112,4.0,55.0,65.69444,52.678574,61.607143,,4.0,3.5555556,3.6666667,1.5555556,4.4444447,1.875,4.125,1.25,4.75,77.14286,73.958336,79.7619,77.25694,,1.3333334,4.6666665,1.375,4.625,4.6666665,4.4444447,4.375,1.2222222,1.1111112,3.7777777,2.2222223,3.5555556,1.7142857,4.285714,75.0,75.0,62.083332,60.15873,,4.6666665,4.4444447,4.6666665,1.125,4.875,1.2222222,4.7777777,93.75,92.15278,93.75,92.15278,,1.6666666,4.3333335,1.2222222,4.7777777,1.1111112,4.888889,4.4,4.285714,85.0,90.0,85.0,88.42857,,4.888889,4.7777777,4.6666665,4.5555553,1.25,4.75,93.05556,93.05556,95.0,93.19444,,9.555555,2.0,,8.333333,7.7777777,7.7777777,8.111111,9.333333,,0.0,0.0,0.0,1.0,1.0,1.0,1.0,,1.0,6.0,3.2222223,0.7777778,5.0,1.0,4.4444447,0.0,0.0,0.0,0.0,0.8888889,0.11111111,0.0,0.0,0.0,1.0,4.111111,9.111111,,2.6666667,4.111111,1.1111112,,,,,,,,,,,,,,,,,,,,,,,,,,,,,,,,,,,,,,,,,,,,,,,,,,,
ISR_22012013_L1,Israel,ISR,2013.0,2013-01-22,Legislative,12.0,,1,2,2,4,34225.289,3,7,1,,83.75206,87.244896,,,72.57304,68.96885,56.099537,79.166664,86.0571,73.20529,69.90451,58.506943,79.166664,85.24306,8.6,,1.6666666,4.3333335,2.1666667,3.8333333,1.6666666,4.3333335,,,,,79.166664,79.166664,,,,4.75,4.8333335,4.8333335,4.6666665,94.270836,94.270836,94.270836,94.270836,,3.0,3.0,1.5,4.5,4.0,70.833336,70.833336,70.833336,70.833336,,1.6,4.4,1.4545455,4.5454545,2.25,3.75,,,86.90476,80.795456,,,,1.9166666,4.0833335,4.0,3.8181818,2.1666667,3.8333333,1.75,4.25,,,,74.545456,74.92424,,,,3.4166667,1.9166666,4.0833335,3.3636363,3.5833333,3.9,,,,64.44444,66.73485,,,,3.75,3.5833333,3.1666667,2.3333333,3.6666667,2.8888888,3.1111112,,,58.333332,61.38889,,,,1.5833334,4.4166665,2.6666667,3.3333333,4.5833335,4.5833335,4.4444447,1.3636364,1.3,,,,,,70.833336,69.68645,,,,4.5454545,4.8333335,4.6363635,1.25,4.75,1.4444444,4.5555553,93.75,91.60354,93.75,91.60354,,1.4166666,4.5833335,1.7272727,4.2727275,1.1666666,4.8333335,4.125,,87.5,86.339966,,,,4.6666665,4.5833335,4.3,4.5454545,,,86.875,88.09659,,,,9.363636,,,8.25,5.5,5.6666665,7.25,8.5,,,,,2.75,0.16666667,1.0,0.25,0.083333336,0.083333336,,,,,,,0.0,0.0,0.0,0.0,0.6666667,0.33333334,0.083333336,0.0,0.083333336,1.0,3.5,9.416667,,5.2,8.6,7.8,,,,,,,,,,,,,,,,,,,,,,,,,,,,,,,,,,,,,,,,,,,,,,,,,,,
ISR_17032015_L1,Israel,ISR,2015.0,2015-03-17,Legislative,14.0,,1,2,2,4,36545.699,3,7,1,,78.96171,,,,70.9891,68.978935,51.701538,71.875,91.40092,72.18254,68.020836,59.151787,71.875,89.68254,9.071428,,2.5714285,3.4285715,2.0,4.0,1.5714285,4.428571,,,,,73.809525,73.809525,,,,4.5,4.642857,4.5,4.642857,89.28571,89.28571,89.28571,89.28571,,2.0,4.0,1.0,5.0,5.0,91.666664,91.666664,91.666664,91.666664,,2.0,4.0,1.5,4.5,2.0,4.0,,,76.190475,79.166664,,,,1.4615384,4.5384617,4.142857,3.857143,2.4285715,3.5714285,1.8461539,4.1538463,,,,74.166664,76.31868,,,,2.357143,1.8571428,4.142857,2.9230769,2.5714285,3.0,,,,41.875,49.972527,,,,3.7857144,3.2857144,3.0,2.2857144,3.7142856,2.642857,3.357143,,,59.615383,60.714287,,,,1.5833334,4.4166665,2.909091,3.090909,4.357143,4.5,4.5,1.1111112,1.1,,,,,,62.5,66.565956,,,,4.6153846,4.5,4.8461537,1.1666666,4.8333335,1.1666666,4.8333335,92.5,93.14102,92.5,93.14102,,1.6153846,4.3846154,1.6153846,4.3846154,1.0714285,4.928571,4.6363635,,90.625,89.58854,,,,4.357143,4.428571,4.4,4.5384617,,,86.875,85.7761,,,,9.071428,,,8.357142,6.071429,6.357143,7.785714,8.714286,,,,,3.0,0.071428575,0.9285714,0.071428575,0.0,0.071428575,,,,,,,0.0,0.0,0.0,0.071428575,0.64285713,0.0,0.0,0.0,0.071428575,1.0,3.7692308,8.571428,,4.642857,8.357142,8.785714,,,,,,,,,,,,,,,,,,,,,,,,,,,,,,,,,,,,,,,,,,,,,,,,,,,
ISR_09042019_L1,Israel,ISR,2019.0,2019-04-09,Legislative,3.0,,2,3,2,4,40004.030511217345,3,7,1,,,,,,69.25057,67.74306,48.84259,81.25,79.166664,69.18113,67.46528,48.84259,81.25,79.166664,8.333333,,2.0,4.0,2.3333333,3.6666667,3.0,3.0,,,,,63.88889,63.88889,,,,4.3333335,4.6666665,4.6666665,4.3333335,87.5,87.5,87.5,87.5,,,,,,,,,,,,1.6666666,4.3333335,1.6666666,4.3333335,1.3333334,4.6666665,,,86.111115,86.111115,,,,1.6666666,4.3333335,3.3333333,3.3333333,2.6666667,3.3333333,1.6666666,4.3333335,,,,68.333336,68.333336,,,,2.6666667,1.6666666,4.3333335,3.6666667,3.0,3.5,,,,57.5,60.833332,,,,4.0,3.0,3.3333333,2.0,4.0,3.3333333,2.6666667,1.3333334,4.6666665,55.0,60.0,62.5,65.27778,,2.6666667,3.3333333,3.6666667,2.3333333,4.3333335,5.0,4.6666665,1.0,1.0,,,,,,61.11111,61.11111,,,,4.0,4.3333335,4.3333335,,,2.6666667,3.3333333,,,,,,3.6666667,2.3333333,2.0,4.0,1.3333334,4.6666665,4.3333335,,70.833336,70.833336,,,,4.6666665,4.6666665,4.3333335,4.3333335,,,87.5,87.5,,,,9.666667,,,9.0,4.3333335,5.3333335,8.666667,8.666667,,,,,2.6666667,0.33333334,1.0,0.33333334,0.0,0.0,,,,,,,0.0,0.0,0.0,0.0,1.0,0.0,0.0,0.0,0.0,1.0,3.6666667,9.333333,,,,,9.666667,6.0,1.0,,,,,,,,,,,,,,,3.0,3.0,4.6666665,4.6666665,4.0,2.3333333,2.3333333,2.5,1.0,1.0,3.6666667,3.3333333,3.6666667,3.6666667,4.3333335,4.3333335,,,,,,,,,,,,,,,,,,
ISR_02032020_L1,Israel,ISR,2020.0,2020-03-02,Legislative,4.0,,2,3,2,4,39489.2807769984,3,7,1,,,,,,78.62558,73.298615,74.53703,83.33333,83.333336,77.46962,65.78125,82.89931,83.333336,84.72222,8.666667,,1.5,4.5,1.5,4.5,2.0,4.0,,,,,83.333336,83.333336,,,,4.25,4.25,4.5,4.6666665,81.25,85.416664,81.25,85.416664,,,,,,,,,,,,1.0,5.0,1.0,5.0,1.6666666,4.3333335,,,94.44444,94.44444,,,,1.75,4.25,4.0,4.5,2.5,3.5,2.75,3.25,,,,72.5,72.5,,,,4.0,2.0,4.0,3.3333333,3.6666667,3.0,,,,52.5,65.0,,,,4.3333335,3.0,4.0,1.3333334,4.6666665,3.0,3.0,1.3333334,4.6666665,75.0,70.0,79.166664,73.61111,,1.6666666,4.3333335,2.6666667,3.3333333,4.6666665,4.6666665,4.6666665,3.0,1.0,,,,,,83.33333,77.77778,,,,4.3333335,4.5,4.0,,,2.6666667,3.3333333,,,,,,2.3333333,3.6666667,2.0,4.0,1.3333334,4.6666665,4.5,,71.875,80.208336,,,,4.6666665,5.0,4.3333335,4.6666665,,,91.666664,91.666664,,,,10.0,,,8.666667,6.3333335,7.0,8.333333,9.0,,,,,1.6666666,0.25,0.75,0.25,0.0,0.0,,,,,,,0.0,0.0,0.0,0.0,0.75,0.0,0.0,0.0,0.0,0.75,3.6666667,9.333333,,,,,9.333333,5.3333335,1.3333334,,,,,,,,,,,,,,,,,,,,,,,,,,,,,,,,,,,,,,,,,,,,,,,,
ISR_23032021_L1,Israel,ISR,2021.0,2021-03-23,Legislative,3.0,,2,3,2,4,43721.623038919875,3,7,1,,,,,,69.56887,66.00694,54.62963,83.333336,74.30556,72.364006,68.85417,55.324074,83.333336,81.94444,8.666667,,1.6666666,4.3333335,1.6666666,4.3333335,1.6666666,4.3333335,,,,,83.333336,83.333336,,,,4.6666665,4.6666665,4.6666665,4.6666665,91.666664,91.666664,91.666664,91.666664,,,,,,,,,,,,1.0,5.0,1.5,4.5,1.5,4.5,,,91.666664,91.666664,,,,2.3333333,3.6666667,3.3333333,4.3333335,2.6666667,3.3333333,2.3333333,3.6666667,,,,66.666664,66.666664,,,,3.3333333,2.0,4.0,3.3333333,3.3333333,2.0,,,,55.0,55.0,,,,4.3333335,2.5,3.0,1.6666666,4.3333335,3.5,2.5,1.6666666,4.3333335,55.0,58.333332,60.416664,62.5,,2.6666667,3.3333333,3.0,3.0,4.6666665,5.0,4.5,1.3333334,1.0,,,,,,62.5,65.97222,,,,4.3333335,4.6666665,4.6666665,,,4.5,1.5,,,,,,3.0,3.0,2.3333333,3.6666667,1.3333334,4.6666665,4.0,,62.5,70.833336,,,,4.6666665,5.0,5.0,4.6666665,,,93.75,95.833336,,,,9.666667,,,8.333333,6.0,5.6666665,8.0,8.666667,,,,,1.6666666,0.33333334,1.0,0.0,0.0,0.0,,,,,,,0.0,0.0,0.0,0.0,1.0,0.0,0.0,0.0,0.0,1.0,3.5,9.0,,,,,10.0,7.3333335,4.3333335,,,,,,,,,,,,,,,,,,,,,,,,,,,,,,,,,,,,,,,,,,,,,,,,
ISR_01112022_L1,Israel,ISR,2022.0,2022-11-01,Legislative,4.0,,2,3,2,4,43721.6230389199,3,7,1,,,,,,78.5706,74.0625,66.08797,79.6875,94.44444,80.360245,74.73958,72.22222,79.6875,94.791664,8.75,,2.25,3.75,1.75,4.25,1.25,4.75,,,,,81.25,81.25,,,,4.5,5.0,4.75,4.75,93.75,93.75,93.75,93.75,,,,,,,,,,,,1.0,5.0,1.0,5.0,1.0,5.0,,,100.0,100.0,,,,2.25,3.75,3.5,4.0,2.0,4.0,1.5,4.5,,,,73.75,73.75,,,,3.0,2.25,3.75,3.75,3.75,2.3333333,,,,48.333332,57.916664,,,,4.25,4.5,3.3333333,1.5,4.5,2.25,3.75,1.75,4.25,73.333336,76.666664,73.611115,77.43056,,1.75,4.25,2.3333333,3.6666667,4.5,5.0,5.0,2.0,1.0,,,,,,77.083336,76.736115,,,,4.5,4.75,4.5,1.0,5.0,1.25,4.75,100.0,92.5,100.0,92.5,,1.75,4.25,2.5,3.5,1.25,4.75,4.6666665,,77.083336,82.291664,,,,5.0,5.0,5.0,4.75,,,98.4375,98.4375,,,,9.25,,,8.5,5.75,5.5,7.75,8.75,,1.0,,,1.5,0.25,1.0,0.0,0.0,0.0,,,,,,,0.0,0.0,0.0,0.0,1.0,0.0,0.0,0.0,0.0,1.0,3.75,8.0,,,,,9.75,5.25,1.25,,,,,,,,,,,,,,,,,,,,,,,,,,,,,,,1.5,4.5,4.5,1.5,4.5,1.3333334,4.6666665,1.0,5.0,1.5,4.5,1.0,5.0,4.25,1.0,5.0,1.0,5.0
ITA_24022013_L1,Italy,ITA,2013.0,2013-02-24,Legislative,18.0,,1,1,2,4,36131.133,4,6,1,,67.53474,68.11224,,,67.85972,55.536564,74.760506,62.07108,79.07074,67.4754,54.39236,74.18981,61.458332,79.861115,8.333333,,3.4375,2.5625,3.0,3.0,3.1111112,2.8888888,,,,,46.875,45.42824,,,,4.2777777,4.5555553,4.4444447,4.4444447,85.763885,85.763885,85.763885,85.763885,,2.4545455,3.5454545,2.1666667,3.8333333,3.5833333,65.15151,66.351006,65.15151,66.351006,,2.0833333,3.9166667,2.0,4.0,1.9,4.1,,,76.666664,75.138885,,,,1.8,4.2,3.8888888,3.764706,3.6666667,2.3333333,1.9375,4.0625,,,,68.84615,66.24714,,,,3.0,2.8333333,3.1666667,3.1111112,3.0555556,3.3333333,,,,54.583332,53.333332,,,,3.6111112,3.4117646,1.8333334,2.9444444,3.0555556,3.0588236,2.9411764,,,49.6875,49.264706,,,,1.6666666,4.3333335,2.1333334,3.8666666,4.1666665,3.8823528,3.8461537,3.8888888,1.4545455,,,,,,77.77778,74.93359,,,,4.2352943,3.6666667,4.352941,1.7272727,4.2727275,1.6153846,4.3846154,76.0,79.561226,76.0,79.561226,,2.0,4.0,2.3125,3.6875,1.4375,4.5625,3.7857144,,75.96154,75.22321,,,,4.2222223,4.3333335,4.117647,4.0555553,,,80.882355,79.55474,,,,9.277778,,,6.4444447,5.2222223,5.3333335,6.0,6.888889,,,,,3.0,0.0,0.9444444,0.055555556,0.0,0.0,,,,,,,0.055555556,0.055555556,0.055555556,0.0,0.5555556,0.44444445,0.0,0.0,0.0,0.8888889,3.9444444,8.555555,,4.0,7.2,7.0,,,,,,,,,,,,,,,,,,,,,,,,,,,,,,,,,,,,,,,,,,,,,,,,,,,
ITA_04032018_L1,Italy,ITA,2018.0,2018-03-04,Legislative,36.0,,1,1,2,4,35220.08203125,4,6,1,,68.42466,65.646255,,,70.52195,59.46577,78.95789,62.32639,81.33773,70.702644,59.913193,78.645836,62.32639,81.925156,8.25,,2.6388888,3.3611112,2.2285714,3.7714286,2.2285714,3.7714286,,,,,66.42857,65.8664,,,,3.8611112,3.9166667,4.2941175,4.5277777,78.67647,78.747955,78.67647,78.747955,,2.1666667,3.8333333,1.967742,4.032258,3.903226,72.5,73.07348,72.5,73.07348,,1.56,4.44,1.5925926,4.4074073,1.6086956,4.3913045,,,86.23189,85.3226,,,,1.7428571,4.257143,3.1388888,3.3529413,4.111111,1.8888888,1.9444444,4.0555553,,,,57.64706,58.467087,,,,2.8888888,2.6388888,3.3611112,3.3888888,2.9444444,2.8148148,,,,52.22222,51.99074,,,,3.5333333,3.4375,2.3225806,2.3888888,3.6111112,2.419355,3.580645,2.3333333,3.6666667,55.714287,57.42585,57.5,58.96599,,1.3142858,4.6857142,2.1785715,3.8214285,3.3428571,3.8611112,3.7,4.4444447,1.2692307,,,,,,74.666664,74.39815,,,,4.2647057,3.8888888,4.1944447,1.6296296,4.3703704,1.59375,4.40625,80.37037,80.6233,80.37037,80.6233,,1.5882353,4.4117646,1.7058823,4.2941175,1.2941177,4.7058825,4.034483,,83.41346,84.03905,,,,4.4722223,4.0555553,3.8181818,4.0833335,,,76.32576,77.68308,,,,9.083333,,,7.0277777,6.361111,6.361111,6.2222223,7.5555553,,,,,2.9166667,0.027777778,1.0,0.027777778,0.0,0.0,,,,,,,0.0,0.0,0.0,0.027777778,0.6388889,0.30555555,0.0,0.0,0.027777778,0.9166667,3.3888888,8.277778,,,,,9.0,6.0833335,3.0555556,,,,,,,,,,,,,,,2.7777777,2.7777777,3.5555556,3.5555556,3.2222223,2.5666666,2.5666666,3.5357144,1.8518518,1.8518518,3.2777777,2.6111112,3.6944444,3.6944444,3.8857143,3.8857143,,,,,,,,,,,,,,,,,,
ITA_25092022_L1,Italy,ITA,2022.0,2022-09-25,Legislative,11.0,,1,1,2,4,45902.2356216902,4,6,1,,66.48771,56.25,,,70.436714,54.46149,83.19444,64.77273,79.318184,71.64931,55.473484,83.52273,64.77273,82.828285,8.363636,,3.8181818,2.1818182,3.0,3.0,2.909091,3.090909,,,,,43.939392,43.939392,,,,4.090909,4.2727275,4.3636365,4.818182,84.65909,84.65909,84.65909,84.65909,,2.7777777,3.2222223,2.7,3.3,3.6363637,59.25926,59.65488,59.25926,59.65488,,1.8181819,4.181818,1.7272727,4.2727275,2.1,3.9,,,76.666664,77.954544,,,,1.7272727,4.2727275,3.1818182,3.1818182,4.6363635,1.3636364,2.4545455,3.5454545,,,,52.727272,52.727272,,,,2.7272727,2.7272727,3.2727273,3.1818182,2.8181818,2.7777777,,,,48.88889,48.88889,,,,3.3,3.6363637,2.875,2.1,3.9,2.1,3.9,1.7,4.3,60.0,63.05682,63.095238,66.29735,,1.1818181,4.818182,1.6,4.4,4.2727275,4.181818,3.7272727,4.3636365,1.25,,,,,,82.083336,82.34849,,,,4.3636365,4.4545455,4.3,1.625,4.375,1.5,4.5,83.125,84.96591,83.125,84.96591,,1.5454545,4.4545455,1.8181819,4.181818,1.4545455,4.5454545,3.375,,78.125,78.48011,,,,4.3636365,4.0,4.1,4.2727275,,,78.125,79.60227,,,,9.272727,,,7.909091,6.0,6.2727275,6.3636365,7.3636365,,1.0,,,1.1818181,0.0,0.90909094,0.0,0.0,0.0,,,,,,,0.0,0.0,0.09090909,0.0,0.6363636,0.45454547,0.0,0.0,0.0,1.0,3.4545455,7.7272725,,,,,8.818182,6.181818,3.0,,,,,,,,,,,,,,,,,,,,,,,,,,,,,,,1.9090909,4.090909,4.4545455,2.3,3.7,2.3636363,3.6363637,2.3,3.7,1.3,4.7,1.7272727,4.2727275,3.8181818,2.4444444,3.5555556,2.3,3.7
JAM_25022016_L1,Jamaica,JAM,2016.0,2016-02-25,Legislative,11.0,,2,3,2,2,8834.8193,2,9,0,,66.49645,65.051025,,,66.30204,64.20698,44.549164,67.61364,88.83839,66.13163,64.05303,43.844696,67.61364,89.01515,8.272727,,2.3636363,3.6363637,2.4545455,3.5454545,1.5454545,4.4545455,,,,,71.969696,71.969696,,,,4.4545455,4.3636365,4.5454545,4.5454545,86.931816,86.931816,86.931816,86.931816,,2.1818182,3.8181818,2.0,4.0,3.3636363,68.181816,68.181816,68.181816,68.181816,,2.5,3.5,2.6,3.4,2.375,3.625,,,61.904762,62.708332,,,,1.4545455,4.5454545,3.0,3.4545455,1.6363636,4.3636365,1.7,4.3,,,,75.0,73.318184,,,,3.0,2.1818182,3.8181818,3.6,3.5454545,3.0,,,,57.857143,59.81818,,,,2.7142856,3.25,2.2,3.0,3.0,3.125,2.875,3.1111112,2.8888888,41.25,45.196426,41.666668,45.53406,,2.25,3.75,2.142857,3.857143,4.0,4.0,2.8888888,1.4,1.3,,,,,,58.333336,57.90013,,,,4.2727275,4.181818,4.3636365,1.3636364,4.6363635,1.4545455,4.5454545,85.0,85.0,85.0,85.0,,3.3636363,2.6363637,1.7,4.3,1.2,4.8,4.6,,77.77778,77.10227,,,,4.2727275,4.0,4.3636365,4.5454545,,,82.38636,82.38636,,,,9.222222,,,6.8,5.7,6.0,6.5,7.9,,,,,2.8,0.27272728,0.90909094,0.27272728,0.18181819,0.18181819,,,,,,,0.0,0.0,0.09090909,0.09090909,0.54545456,0.0,0.0,0.0,0.0,0.72727275,4.2,9.0,,5.818182,8.454545,9.909091,,,,,4.0,11.727273,11.727273,4.3636365,4.3636365,20.818182,20.818182,12.272727,12.272727,,,,,,,,,,,,,,,,,,,,,,,,,,,,,,,,,,,,,,
JPN_16122012_L1,Japan,JPN,2012.0,2012-12-16,Legislative,15.0,,1,2,2,4,37191.387,3,3,1,,64.28877,64.79592,,,70.8093,58.856102,78.83929,67.67857,77.86325,70.65972,58.88889,77.638885,68.333336,77.77778,,,3.2666667,2.7333333,2.7333333,3.2666667,2.6,3.4,,,,,53.333332,53.333332,,,,4.2,4.0,4.4666667,4.5333333,82.5,82.5,82.5,82.5,,3.0,3.0,3.0714285,2.9285715,3.2142856,51.190475,51.190475,51.190475,51.190475,,2.3076923,3.6923077,1.7692307,4.230769,2.0,4.0,,,74.35897,74.35897,,,,1.7692307,4.230769,3.2142856,3.0769231,2.8333333,3.1666667,2.25,3.75,,,,62.0,62.193222,,,,3.4,2.2857144,3.7142856,3.4,3.3333333,2.909091,,,,52.727272,58.78355,,,,3.5,3.142857,2.8461537,2.357143,3.642857,2.4545455,3.5454545,,,57.272728,58.386612,,,,1.6,4.4,1.7692307,4.230769,4.142857,3.857143,3.9,4.1538463,1.7272727,,,,,,81.25,77.85256,,,,3.9230769,4.3333335,4.428571,2.0,4.0,1.8,4.2,78.125,79.42491,78.125,79.42491,,2.1538463,3.8461537,2.25,3.75,1.6666666,4.3333335,3.9230769,,68.125,74.07853,,,,3.6666667,4.0,3.4615386,4.357143,,,73.07692,71.783424,,,,8.0,,,7.266667,5.733333,5.9333334,5.866667,7.3333335,,,,,3.0,0.06666667,1.0,0.06666667,0.06666667,0.06666667,,,,,,,0.0,0.0,0.0,0.0,0.8666667,0.13333334,0.0,0.0,0.0,0.8666667,4.857143,7.3333335,,,,,,,,,,,,,,,,,,,,,,,,,,,,,,,,,,,,,,,,,,,,,,,,,,,,,,,
JPN_21072013_L1,Japan,JPN,2013.0,2013-07-21,Legislative,12.0,,1,1,2,4,38974.078,3,3,1,,66.001366,70.15306,,,69.0978,59.362583,77.34383,57.8125,81.87229,69.28096,59.010414,76.736115,57.8125,83.56481,8.416667,,3.0833333,2.9166667,3.1666667,2.8333333,2.5833333,3.4166667,,,,,51.38889,51.38889,,,,4.5,4.5833335,4.5,4.6666665,89.0625,89.0625,89.0625,89.0625,,3.3333333,2.6666667,3.3,2.7,2.8,44.444447,43.055557,44.444447,43.055557,,2.3333333,3.6666667,1.7777778,4.2222223,1.8888888,4.111111,,,79.7619,75.0,,,,1.6,4.4,3.6666667,2.9,3.0,3.0,1.6,4.4,,,,68.125,66.833336,,,,2.8333333,3.0833333,2.9166667,3.75,2.8333333,2.5,,,,43.125,49.166668,,,,3.4545455,2.8,2.5,2.4166667,3.5833333,2.4444444,3.5555556,,,53.75,54.46717,,,,1.4545455,4.5454545,1.6,4.4,3.9166667,3.75,3.4285715,4.0,1.4444444,,,,,,77.083336,75.169556,,,,4.4166665,4.4166665,4.4545455,1.5714285,4.428571,1.5,4.5,89.166664,86.08225,89.166664,86.08225,,1.6666666,4.3333335,2.3333333,3.6666667,1.4545455,4.5454545,4.0,,79.46429,78.40909,,,,4.090909,4.1666665,3.5454545,4.0833335,,,75.0,74.28977,,,,8.75,,,6.8333335,5.9166665,5.7272725,5.6666665,7.3333335,,,,,2.8333333,0.16666667,1.0,0.0,0.0,0.0,,,,,,,0.0,0.0,0.0,0.0,0.33333334,0.6666667,0.0,0.0,0.0,0.5833333,4.909091,8.75,,6.4166665,8.75,8.75,,,,,,,,,,,,,,,,,,,,,,,,,,,,,,,,,,,,,,,,,,,,,,,,,,,
JPN_14122014_L1,Japan,JPN,2014.0,2014-12-14,Legislative,12.0,,1,1,2,4,39386.91,3,3,1,,70.056786,67.72959,,,72.432434,67.719696,77.604164,63.541668,80.8642,72.36256,66.99653,77.77778,63.541668,81.134254,8.5,,2.6666667,3.3333333,2.6666667,3.3333333,1.6666666,4.3333335,,,,,66.666664,66.666664,,,,4.3333335,4.25,4.6666665,4.5,85.9375,85.9375,85.9375,85.9375,,2.7272727,3.2727273,2.7272727,3.2727273,2.8181818,53.030304,53.030304,53.030304,53.030304,,2.3333333,3.6666667,1.8333334,4.1666665,1.5833334,4.4166665,,,77.083336,77.083336,,,,1.5,4.5,3.8333333,3.7272727,2.25,3.75,1.8181819,4.181818,,,,75.0,74.96212,,,,3.4166667,2.5833333,3.4166667,3.6666667,3.25,2.7272727,,,,55.909092,57.386364,,,,3.909091,3.4,2.9,2.0,4.0,2.2,3.8,,,65.0,65.045456,,,,1.3333334,4.6666665,2.0,4.0,3.75,3.6666667,3.6666667,4.1666665,1.5,,,,,,72.68519,74.65278,,,,4.0,4.25,3.909091,1.8333334,4.1666665,1.8888888,4.111111,80.833336,77.18434,80.833336,77.18434,,1.5,4.5,1.7777778,4.2222223,1.1,4.9,4.111111,,85.15625,85.833336,,,,4.2727275,4.3636365,4.0,4.1666665,,,80.0,80.018936,,,,9.083333,,,7.6666665,6.5833335,6.5,7.6666665,8.083333,,,,,3.0,0.083333336,1.0,0.0,0.083333336,0.083333336,,,,,,,0.0,0.0,0.0,0.0,0.75,0.25,0.0,0.0,0.0,0.8333333,4.5,8.416667,,5.4166665,7.75,8.166667,,,,,,,,,,,,,,,,,,,,,,,,,,,,,,,,,,,,,,,,,,,,,,,,,,,
JPN_10072016_L1,Japan,JPN,2016.0,2016-07-10,Legislative,13.0,,1,1,2,4,41469.855,3,3,1,,67.47108,73.08673,,,66.29945,62.716637,72.36484,56.73077,73.38557,64.527245,60.352562,70.94017,56.73077,70.08547,8.384615,,3.1538463,2.8461537,3.3846154,2.6153846,2.6923077,3.3076923,,,,,48.076923,48.076923,,,,4.076923,4.1538463,4.076923,4.3076925,78.84615,78.84615,78.84615,78.84615,,2.3333333,3.6666667,2.3846154,3.6153846,3.5,69.69697,64.850426,69.69697,64.850426,,2.1,3.9,1.5555556,4.4444447,1.6,4.4,,,83.333336,81.203705,,,,1.7,4.3,3.9166667,3.3,2.5833333,3.4166667,2.0,4.0,,,,73.125,69.666664,,,,3.1538463,3.4615386,2.5384614,3.25,3.0,3.1,,,,45.555557,50.21154,,,,3.5384614,3.0769231,2.6923077,2.0,4.0,2.2727273,3.7272727,1.9090909,4.090909,63.18182,60.174824,65.0,63.024475,,1.4545455,4.5454545,2.1818182,3.8181818,3.9230769,3.6923077,3.4,3.6153846,1.3846154,,,,,,71.25,70.81002,,,,4.6363635,4.6153846,4.3846154,1.8333334,4.1666665,1.5555556,4.4444447,87.5,86.23737,87.5,86.23737,,1.9166666,4.0833335,2.5454545,3.4545455,1.3333334,4.6666665,3.5,,75.0,73.15341,,,,4.076923,4.3846154,3.3846154,4.1538463,,,75.0,75.0,,,,8.846154,,,7.6923075,6.3076925,5.9166665,7.3076925,8.230769,,,,,2.7692308,0.0,1.0,0.0,0.0,0.0,,,,,,,0.0,0.0,0.0,0.0,0.6923077,0.0,0.0,0.0,0.0,0.84615386,5.230769,7.25,,6.3846154,9.076923,9.076923,,,,,3.9230769,9.0,9.0,4.5384617,4.0,10.0,10.0,3.6153846,3.6153846,,,,,,,,,,,,,,,,,,,,,,,,,,,,,,,,,,,,,,
JPN_22102017_L1,Japan,JPN,2017.0,2017-10-22,Legislative,20.0,,1,1,2,4,41469.85471,3,3,1,,64.44908,59.438774,,,69.40995,58.1848,74.31168,68.02631,77.117004,69.04904,57.359375,73.21181,66.875,78.75,7.9,,3.4,2.6,3.5,2.5,2.6,3.4,,,,,45.833332,45.833332,,,,4.15,4.25,4.4,4.35,82.1875,82.1875,82.1875,82.1875,,3.1111112,2.8888888,3.2105262,2.7894738,2.5263157,43.98148,43.37232,43.98148,43.37232,,2.625,3.375,2.125,3.875,1.9230769,4.076923,,,73.07692,69.39102,,,,1.8888888,4.111111,3.0526316,2.7894738,2.7,3.3,2.0,4.0,,,,61.666668,61.266083,,,,3.2,2.8421052,3.1578948,3.1111112,2.95,2.9375,,,,52.333332,51.782528,,,,3.2222223,3.0,3.0,1.7894737,4.2105265,2.5294118,3.4705882,2.0625,3.9375,61.785713,59.516685,65.70513,61.83682,,1.2352941,4.7647057,1.8666667,4.133333,4.4444447,4.263158,3.0833333,3.9444444,1.3529412,,,,,,77.31482,77.639244,,,,4.529412,4.5,4.647059,2.75,3.25,2.0833333,3.9166667,78.57143,79.21569,78.57143,79.21569,,1.7647059,4.2352943,2.4666667,3.5333333,1.25,4.75,4.181818,,78.47222,79.377785,,,,4.352941,4.3333335,4.0,4.3157897,,,82.916664,81.2629,,,,8.55,,,6.8,5.95,6.25,6.35,8.1,,,,,2.85,0.0,0.95,0.1,0.0,0.05,,,,,,,0.0,0.0,0.0,0.0,0.7,0.3,0.0,0.0,0.0,0.7,4.105263,7.65,,,,,9.1,5.3,2.65,,,,,4.5,,,,,,53.263157,24.157894,3.7894738,3.4736843,6.736842,6.736842,,,,,,,,,,,,,,,,,,,,,,,,,,,,,,,,
JPN_21072019_L1,Japan,JPN,2019.0,2019-07-21,Legislative,4.0,,1,1,2,4,42282.55089396906,3,3,0,,72.23639,73.46938,,,76.545135,66.77083,79.861115,67.1875,92.361115,76.63194,66.77083,79.861115,67.1875,92.70833,8.25,,3.5,2.5,3.75,2.25,2.25,3.75,,,,,45.833332,45.833332,,,,4.25,4.75,4.5,4.75,89.0625,89.0625,89.0625,89.0625,,3.25,2.75,3.0,3.0,2.5,43.75,43.75,43.75,43.75,,1.25,4.75,1.25,4.75,1.25,4.75,,,93.75,93.75,,,,1.25,4.75,4.0,4.75,2.25,3.75,1.25,4.75,,,,85.0,85.0,,,,3.25,3.5,2.5,3.25,3.0,3.0,,,,45.0,50.0,,,,3.5,3.75,3.25,2.25,3.75,2.5,3.5,2.75,3.25,63.75,63.75,62.5,62.5,,1.25,4.75,1.75,4.25,4.5,4.5,3.0,4.25,1.3333334,,,,,,80.20833,80.20833,,,,4.75,4.75,4.75,1.0,5.0,1.3333334,4.6666665,100.0,94.583336,100.0,94.583336,,2.25,3.75,2.3333333,3.6666667,1.25,4.75,4.6666665,,77.083336,80.208336,,,,4.75,4.75,4.3333335,4.75,,,89.583336,91.145836,,,,8.25,,,7.75,6.5,5.75,8.75,8.75,,,,,1.0,0.0,1.0,0.0,0.0,0.0,,,,,,,0.0,0.0,0.0,0.0,0.5,0.5,0.0,0.0,0.0,0.75,5.5,9.5,,,,,9.75,5.25,1.5,,,,,,,,,,,,,,,1.5,1.5,1.3333334,1.3333334,4.0,2.25,2.25,4.0,1.25,1.25,3.75,3.0,3.25,3.25,3.6666667,3.6666667,,,,,,,,,,,,,,,,,,
JPN_31102021_L1,Japan,JPN,2021.0,2021-10-31,Legislative,5.0,,1,1,2,4,42940.4052523244,3,3,1,,74.472786,69.38776,,,77.94908,71.125,83.40278,77.5,79.768524,78.29167,69.833336,83.61111,77.5,82.22222,8.75,,4.2,1.8,4.0,2.0,2.2,3.8,,,,,38.333332,38.333332,,,,4.8,4.4,5.0,5.0,95.0,95.0,95.0,95.0,,2.2,3.8,2.0,4.0,3.6,70.0,70.0,70.0,70.0,,2.5,3.5,1.25,4.75,1.0,5.0,,,85.416664,85.416664,,,,1.25,4.75,3.25,3.25,1.5,4.5,1.25,4.75,,,,77.5,77.5,,,,4.2,2.2,3.8,3.8,3.6,2.75,,,,65.0,65.75,,,,3.8,3.8,3.0,1.2,4.8,2.2,3.8,1.6,4.4,71.0,71.0,73.33333,73.33333,,1.0,5.0,1.2,4.8,4.6,4.2,4.25,4.0,1.0,,,,,,88.541664,86.875,,,,4.8,5.0,5.0,1.3333334,4.6666665,1.2,4.8,98.333336,96.333336,98.333336,96.333336,,1.2,4.8,3.25,2.75,1.0,5.0,3.0,,71.875,72.1875,,,,4.0,4.25,4.25,4.5,,,81.25,81.25,,,,8.5,,,8.75,6.5,6.5,8.0,9.75,,,,,1.0,0.0,0.6,0.0,0.0,0.0,,,,,,,0.0,0.0,0.0,0.0,0.2,0.6,0.0,0.0,0.0,0.8,4.75,6.25,,,,,9.25,4.25,1.25,,,,,,,,,,,,,,,,,,,,,,,,,,,,,,,,,,,,,,,,,,,,,,,,
JPN_10072022_L1,Japan,JPN,2022.0,2022-07-10,Legislative,9.0,,1,1,2,4,42940.4052523244,3,3,1,,74.13838,75.34013,,,76.55692,68.16551,82.3399,72.829865,82.89242,76.666664,68.00926,82.484566,73.611115,82.56173,8.888889,,2.4444444,3.5555556,3.1111112,2.8888888,1.7777778,4.2222223,,,,,63.88889,63.88889,,,,4.6666665,4.7777777,4.7777777,4.888889,94.44444,94.44444,94.44444,94.44444,,2.625,3.375,2.25,3.75,3.5,63.541664,63.541668,63.541664,63.541668,,2.125,3.875,1.25,4.75,1.125,4.875,,,87.5,87.5,,,,1.2222222,4.7777777,3.4444444,3.6666667,2.7777777,3.2222223,1.8888888,4.111111,,,,71.111115,71.111115,,,,3.6666667,3.125,2.875,3.8888888,3.5555556,2.5,,,,53.57143,57.430557,,,,3.5555556,3.4444444,3.0,1.7777778,4.2222223,1.8888888,4.111111,1.5555556,4.4444447,66.666664,66.666664,69.90741,69.90741,,1.1111112,4.888889,1.5555556,4.4444447,4.3333335,4.5555553,3.75,4.111111,1.1111112,,,,,,82.291664,83.68056,,,,4.7777777,4.888889,4.7777777,2.2857144,3.7142856,1.4285715,4.571429,91.666664,88.650795,91.666664,88.650795,,1.5555556,4.4444447,1.5714285,4.428571,1.1111112,4.888889,3.8888888,,88.39286,85.31746,,,,4.111111,4.2222223,4.2222223,4.5555553,,,81.94444,81.94444,,,,9.111111,,,8.555555,6.4444447,5.888889,7.3333335,8.777778,,1.1111112,,,1.0,0.0,1.0,0.0,0.0,0.0,,,,,,,0.0,0.0,0.0,0.0,0.7777778,0.22222222,0.0,0.0,0.0,0.8888889,5.0,7.888889,,,,,9.777778,4.888889,1.7777778,,,,,,,,,,,,,,,,,,,,,,,,,,,,,,,1.75,4.25,4.4444447,2.1111112,3.8888888,3.75,2.25,2.75,3.25,1.0,5.0,2.125,3.875,4.0,2.2857144,3.7142856,2.125,3.875
JPN_27102024_L1,Japan,JPN,2024.0,2024-10-27,Legislative,9.0,,1,1,2,4,46158.0,3,3,1,,80.137115,78.57143,80.241776,80.51075,74.85401,73.2774,69.93056,70.28219,85.92593,74.81674,72.669754,70.0,69.90741,86.68981,8.888889,,2.6666667,3.3333333,2.7777777,3.2222223,1.7777778,4.2222223,4.4444447,3.857143,2.5555556,4.5555553,64.81481,64.81481,64.79591,68.537415,,4.6666665,4.5555553,4.7777777,4.7777777,92.361115,92.361115,92.361115,92.361115,,2.0,4.0,2.1111112,3.8888888,4.0,74.07407,74.07407,74.07407,74.07407,,1.625,4.375,1.125,4.875,1.125,4.875,1.125,4.875,92.708336,92.708336,93.75,93.75,,1.25,4.75,4.125,4.0,1.875,4.125,1.625,4.375,4.25,1.5,4.5,81.875,81.875,82.58929,82.58929,,3.7777777,2.0,4.0,3.8888888,3.5555556,2.5,3.142857,2.857143,3.2222223,65.0,63.61111,60.119045,60.00567,,3.6666667,3.4444444,2.75,2.125,3.875,2.3333333,3.6666667,1.3333334,4.6666665,56.42857,62.01389,61.904762,66.95602,,1.1111112,4.888889,1.3333334,4.6666665,4.4444447,4.6666665,4.125,4.2222223,1.0,3.2222223,2.7777777,3.75,1.1111112,4.888889,86.97917,87.55787,68.57143,71.076385,,4.888889,4.888889,4.888889,1.8,4.2,1.2857143,4.714286,91.0,92.90476,91.0,92.90476,,1.1111112,4.888889,1.1111112,4.888889,1.1111112,4.888889,4.571429,4.285714,97.32143,95.2381,94.28571,92.61905,,4.888889,4.6666665,4.5,4.7777777,1.2222222,4.7777777,92.1875,92.708336,92.5,93.05556,,8.777778,2.0,,8.333333,7.5555553,6.6666665,8.222222,9.444445,,0.0,0.0,0.0,1.0,,1.0,,,,6.0,3.6666667,0.0,5.0,1.0,4.2222223,0.0,0.0,0.0,0.11111111,0.6666667,0.33333334,0.0,0.0,0.0,1.0,4.3333335,7.7777777,,2.7777777,4.5555553,1.2222222,,,,,,,,,,,,,,,,,,,,,,,,,,,,,,,,,,,,,,,,,,,,,,,,,,,
JOR_23012013_L1,Jordan,JOR,2013.0,2013-01-23,Legislative,12.0,,6,5,0,3,9062.0098,3,7,0,,44.257538,34.69388,,,47.08741,38.10922,40.35301,48.229168,61.65825,47.755352,37.491318,44.09722,47.395832,62.037037,6.0,,3.6666667,2.3333333,4.090909,1.9090909,3.8333333,2.1666667,,,,,25.757576,28.40909,,,,3.0,3.5,3.3636363,3.25,55.68182,56.960228,55.68182,56.960228,,4.4166665,1.5833334,4.0833335,1.9166666,2.0,20.833334,20.833334,20.833334,20.833334,,3.625,2.375,3.0,3.0,3.4444444,2.5555556,,,38.88889,41.087963,,,,2.7272727,3.2727273,3.5,3.1666667,3.5,2.5,2.6363637,3.3636363,,,,55.625,54.015152,,,,2.4166667,3.7,2.3,2.909091,2.9166667,3.7777777,,,,47.142857,46.60101,,,,2.8333333,2.0,2.090909,4.5833335,1.4166666,3.375,2.625,,,27.5,29.829546,,,,2.3,3.7,3.8,2.2,3.5833333,3.5,3.5,1.7777778,1.6,,,,,,47.916664,51.087963,,,,3.3636363,2.9166667,3.5454545,2.5833333,3.4166667,2.8181818,3.1818182,57.22222,57.121212,57.22222,57.121212,,4.1666665,1.8333334,3.6666667,2.3333333,2.6363637,3.3636363,3.7272727,,44.375,45.359848,,,,3.1666667,3.6666667,3.6666667,3.5833333,,,63.020832,63.020832,,,,8.583333,,,6.5,4.3333335,3.4166667,6.0,6.1666665,,,,,3.0,0.33333334,0.8333333,0.33333334,0.16666667,0.083333336,,,,,,,0.0,0.0,0.0,0.0,0.16666667,0.6666667,0.16666667,0.16666667,0.16666667,0.41666666,4.0833335,7.909091,,3.875,7.125,6.0,,,,,,,,,,,,,,,,,,,,,,,,,,,,,,,,,,,,,,,,,,,,,,,,,,,
JOR_20092016_L1,Jordan,JOR,2016.0,2016-09-20,Legislative,4.0,,6,5,0,3,9050.0723,3,7,0,,48.582767,34.69388,,,52.50289,45.3125,38.657406,55.208332,70.833336,52.97309,45.3125,39.49653,53.125,73.958336,6.75,,3.75,2.25,2.75,3.25,3.0,3.0,,,,,45.833332,45.833332,,,,3.75,4.25,4.0,4.5,78.125,78.125,78.125,78.125,,3.25,2.75,3.0,3.0,3.25,50.0,50.0,50.0,50.0,,3.5,2.5,3.0,3.0,2.75,3.25,,,47.916664,47.916664,,,,3.5,2.5,4.0,5.0,3.75,2.25,2.75,3.25,,,,60.0,60.0,,,,2.5,2.6666667,3.3333333,3.25,3.0,4.0,,,,57.5,55.416668,,,,2.75,2.5,2.0,4.0,2.0,3.0,3.0,3.5,2.5,36.25,36.25,36.458332,36.458332,,3.25,2.75,3.3333333,2.6666667,4.0,3.5,2.5,2.0,2.0,,,,,,41.666668,47.569443,,,,3.0,2.25,3.25,2.0,4.0,2.25,3.75,56.25,56.25,56.25,56.25,,3.5,2.5,3.25,2.75,3.0,3.0,3.3333333,,43.75,47.395832,,,,3.5,4.25,3.25,3.25,,,64.0625,64.0625,,,,7.5,,,6.75,6.0,5.75,6.25,7.5,,,,,3.0,0.0,0.75,0.25,0.0,0.0,,,,,,,0.0,0.25,0.0,0.0,0.25,0.0,0.25,0.0,0.0,0.75,4.75,6.0,,4.0,8.5,6.0,,,,,3.75,2.25,2.25,3.75,3.25,4.0,4.0,4.5,4.5,,,,,,,,,,,,,,,,,,,,,,,,,,,,,,,,,,,,,,
JOR_10112020_L1,Jordan,JOR,2020.0,2020-11-10,Legislative,4.0,,6,5,0,3,10354.164026509317,3,7,0,,37.92517,51.02041,,,30.3125,23.680555,31.770832,29.6875,36.11111,29.405382,23.177084,28.645832,29.6875,36.11111,3.75,,4.5,1.5,4.6666665,1.3333334,4.5,1.5,,,,,13.888888,11.111111,,,,2.75,2.75,2.25,2.75,40.625,40.625,40.625,40.625,,4.6666665,1.3333334,4.6666665,1.3333334,2.0,13.888889,13.888889,13.888889,13.888889,,4.3333335,1.6666666,4.25,1.75,4.0,2.0,,,25.0,20.13889,,,,4.3333335,1.6666666,2.75,2.75,3.6666667,2.3333333,4.6666665,1.3333334,,,,31.666666,29.166666,,,,2.25,4.5,1.5,2.25,2.5,2.75,,,,31.25,31.25,,,,2.25,2.5,2.25,4.0,2.0,4.3333335,1.6666666,4.0,2.0,28.333334,28.333334,39.583332,27.777777,,4.0,2.0,4.0,2.0,3.3333333,2.5,2.5,2.5,3.0,,,,,,58.333332,36.805553,,,,2.6666667,2.6666667,2.6666667,3.75,2.25,3.75,2.25,31.666666,37.5,31.666666,37.5,,3.75,2.25,3.3333333,2.6666667,3.0,3.0,2.25,,33.333332,38.541668,,,,2.5,3.0,2.5,2.5,,,40.625,40.625,,,,7.25,,,4.0,3.0,2.5,3.5,3.75,,,,,1.0,0.0,0.75,0.0,0.0,0.0,,,,,,,0.0,0.0,0.0,0.0,0.0,0.75,0.0,0.0,0.0,0.25,3.6666667,8.0,,,,,8.75,5.75,2.0,,,,,,,,,,,,,,,,,,,,,,,,,,,,,,,,,,,,,,,,,,,,,,,,
JOR_10092024_L1,Jordan,JOR,2024.0,2024-09-10,Legislative,3.0,,6,5,0,2,9363.0,3,7,0,,36.47959,,29.771505,,26.527779,25.02315,26.111113,21.296297,33.680553,27.991898,23.981482,32.77778,22.222223,32.98611,4.3333335,,4.0,2.0,3.5,2.5,4.6666665,1.3333334,2.6666667,2.0,1.3333334,3.3333333,25.0,23.61111,26.785715,29.166666,,2.6666667,3.0,2.6666667,3.0,45.833332,45.833332,45.833332,45.833332,,4.5,1.5,3.5,2.5,1.0,16.666666,16.666666,16.666666,16.666666,,3.5,2.5,3.5,2.5,5.0,1.0,4.6666665,1.3333334,0.0,25.0,0.0,20.833334,,4.6666665,1.3333334,1.6666666,2.0,4.3333335,1.6666666,4.0,2.0,1.3333334,2.6666667,3.3333333,18.333334,18.333334,22.619047,22.619047,,2.0,4.0,2.0,2.6666667,2.6666667,2.0,4.3333335,1.6666666,1.6666666,,31.666666,,27.380953,,2.3333333,1.6666666,1.6666666,4.6666665,1.3333334,3.6666667,2.3333333,4.5,1.5,21.666666,21.666666,18.75,20.13889,,3.0,3.0,4.0,2.0,3.6666667,2.0,1.0,1.3333334,1.5,4.6666665,1.3333334,2.3333333,5.0,1.0,8.333333,29.166668,2.5,19.166666,,2.5,3.0,2.5,3.5,2.5,3.5,2.5,37.5,40.0,37.5,40.0,,3.0,3.0,2.0,4.0,1.5,4.5,2.6666667,1.6666666,68.75,63.541668,60.0,54.166668,,2.0,1.5,1.6666666,2.0,1.5,4.5,18.75,19.791666,50.0,33.333332,,9.0,2.0,,3.6666667,2.6666667,3.3333333,7.3333335,4.0,,,,,1.0,,1.0,1.0,1.0,1.0,6.0,3.6666667,0.33333334,5.0,,1.6666666,0.0,0.0,0.0,0.0,0.0,1.0,0.0,0.0,0.0,,3.6666667,8.0,,1.0,6.0,1.0,,,,,,,,,,,,,,,,,,,,,,,,,,,,,,,,,,,,,,,,,,,,,,,,,,,
KAZ_26042015_P1,Kazakhstan,KAZ,2015.0,2015-04-26,Presidential,9.0,,6,5,0,3,25044.879,3,5,0,,39.35693,55.10204,,,35.9251,29.764383,56.59474,16.319445,41.021824,35.399303,28.074846,60.648148,15.277778,37.15278,3.875,,4.0,2.0,4.2222223,1.7777778,3.3333333,2.6666667,,,,,28.703703,28.703703,,,,3.5555556,2.8888888,2.25,2.625,44.53125,45.74653,44.53125,45.74653,,3.75,2.25,4.0,2.0,2.25,29.166668,29.166666,29.166668,29.166666,,3.142857,2.857143,2.8333333,3.1666667,3.0,3.0,,,51.38889,50.198414,,,,4.0,2.0,3.0,2.125,4.0,2.0,3.6666667,2.3333333,,,,38.0,32.291668,,,,1.6666666,4.5555553,1.4444444,1.8888888,2.0,3.375,,,,26.25,26.875,,,,2.4285715,2.0,2.25,3.142857,2.857143,4.428571,1.5714285,,,30.0,30.535715,,,,2.2,3.8,4.1666665,1.8333334,3.875,1.75,3.3333333,3.6666667,2.0,,,,,,66.666664,51.07639,,,,3.0,4.0,2.0,2.6666667,3.3333333,3.8333333,2.1666667,45.0,47.5,45.0,47.5,,2.875,3.125,2.375,3.625,2.125,3.875,2.75,,64.0625,58.59375,,,,1.75,3.2857144,2.142857,2.7142856,,,36.607143,36.830357,,,,7.375,,,3.125,5.0,4.25,4.75,3.0,,,,,3.0,0.11111111,0.7777778,0.0,0.0,0.0,,,,,,,0.0,0.0,0.0,0.0,0.0,0.0,0.11111111,0.0,0.0,0.22222222,4.25,7.25,,3.875,5.125,6.875,,,,,,,,,,,,,,,,,,,,,,,,,,,,,,,,,,,,,,,,,,,,,,,,,,,
KAZ_20032016_L1,Kazakhstan,KAZ,2016.0,2016-03-20,Legislative,7.0,,6,5,0,3,25263.811,3,5,0,,49.10204,44.387756,,,44.57556,36.867065,60.40344,29.285713,51.746033,43.330853,36.517857,58.73016,29.464285,48.61111,4.0,,4.0,2.0,3.857143,2.142857,3.0,3.0,,,,,34.52381,34.52381,,,,3.7142856,3.7142856,2.7142856,3.142857,58.035713,58.035713,58.035713,58.035713,,2.8,3.2,2.8333333,3.1666667,3.4,62.5,56.38889,62.5,56.38889,,3.2,2.8,2.8,3.2,3.0,3.0,,,54.166664,50.0,,,,4.0,2.0,3.2857144,2.7142856,3.8333333,2.1666667,3.5714285,2.4285715,,,,38.333332,37.97619,,,,2.2857144,4.0,2.0,2.2857144,2.5714285,3.5,,,,39.166668,38.214287,,,,2.3333333,2.1666667,2.3333333,3.0,3.0,3.6666667,2.3333333,2.7142856,3.2857144,30.0,35.833332,35.416664,39.384922,,2.3333333,3.6666667,3.6,2.4,3.857143,2.2,4.0,3.6666667,2.3333333,,,,,,62.5,57.46032,,,,3.4,3.3333333,2.5714285,2.4,3.6,3.0,3.0,54.0,54.52381,54.0,54.52381,,2.6666667,3.3333333,2.2857144,3.7142856,1.7142857,4.285714,3.0,,63.75,64.583336,,,,2.142857,3.142857,2.6,2.857143,,,38.75,42.142857,,,,7.857143,,,5.3333335,5.5,4.3333335,5.1666665,3.6666667,,,,,3.0,0.0,0.85714287,0.0,0.0,0.0,,,,,,,0.0,0.14285715,0.0,0.0,0.0,0.0,0.0,0.0,0.0,0.2857143,4.5,7.8333335,,3.5714285,6.142857,6.142857,,,,,2.5714285,2.857143,2.857143,30.428572,2.142857,3.5714285,3.5714285,3.7142856,3.7142856,,,,,,,,,,,,,,,,,,,,,,,,,,,,,,,,,,,,,,
KAZ_09062019_P1,Kazakhstan,KAZ,2019.0,2019-06-09,Presidential,3.0,,7,5,0,3,27463.97154639786,3,5,0,,38.35034,34.69388,,,41.41204,33.472225,59.02778,33.333332,39.814816,42.22222,33.472225,60.416668,33.333332,41.666668,2.3333333,,5.0,1.0,5.0,1.0,5.0,1.0,,,,,0.0,0.0,,,,3.6666667,4.3333335,2.3333333,3.0,58.333332,58.333332,58.333332,58.333332,,3.0,3.0,3.0,3.0,2.0,41.666664,41.666664,41.666664,41.666664,,4.0,2.0,3.6666667,2.3333333,3.6666667,2.3333333,,,30.555555,30.555555,,,,4.3333335,1.6666666,3.6666667,3.3333333,4.3333335,1.6666666,4.0,2.0,,,,36.666668,36.666668,,,,2.0,4.0,2.0,2.6666667,2.6666667,3.6666667,,,,40.0,40.0,,,,2.0,2.3333333,2.3333333,2.6666667,3.3333333,3.6666667,2.3333333,2.3333333,3.6666667,36.666668,36.666668,41.666664,41.666664,,2.3333333,3.6666667,3.3333333,2.6666667,3.6666667,2.6666667,3.0,4.0,1.5,,,,,,45.833336,56.944443,,,,4.0,4.0,1.6666666,3.0,3.0,3.0,3.0,53.333332,53.333332,53.333332,53.333332,,4.0,2.0,5.0,1.0,3.5,2.5,2.0,,21.875,21.875,,,,2.0,3.6666667,2.3333333,2.6666667,,,41.666668,41.666668,,,,8.333333,,,2.6666667,3.6666667,2.3333333,4.6666665,1.6666666,,,,,1.0,0.0,0.6666667,0.6666667,0.0,0.0,,,,,,,0.0,0.0,0.0,0.33333334,0.33333334,0.33333334,0.0,0.0,0.0,0.6666667,3.6666667,8.333333,,,,,7.0,4.6666665,2.0,,,,,,,,,,,,,,,3.0,3.0,2.6666667,2.6666667,2.6666667,3.0,3.0,4.0,2.5,2.5,2.6666667,2.6666667,4.0,4.0,3.3333333,3.3333333,,,,,,,,,,,,,,,,,,
KAZ_10012021_L1,Kazakhstan,KAZ,2021.0,2021-01-10,Legislative,2.0,,7,5,0,3,28599.98587812666,3,5,0,,27.040817,27.040817,,,22.916668,20.833336,53.125,9.375,8.333333,22.877604,20.677084,53.125,9.375,8.333333,2.0,,4.5,1.5,4.5,1.5,4.5,1.5,,,,,12.5,12.5,,,,3.0,3.0,1.5,1.0,28.125,28.125,28.125,28.125,,4.0,2.0,4.0,2.0,4.0,41.666668,41.666668,41.666668,41.666668,,3.0,3.0,3.5,2.5,4.0,2.0,,,37.5,37.5,,,,4.0,2.0,4.0,3.0,4.5,1.5,4.0,2.0,,,,37.5,37.5,,,,1.0,4.5,1.5,1.0,1.5,5.0,,,,25.0,25.0,,,,1.5,1.5,1.5,4.0,2.0,5.0,1.0,3.5,2.5,12.5,12.5,16.666668,16.666668,,3.0,3.0,4.0,2.0,3.5,1.5,2.5,4.0,1.5,,,,,,43.75,43.75,,,,2.0,3.0,1.5,4.5,1.5,4.5,1.5,22.5,22.5,22.5,22.5,,2.5,3.5,1.5,4.5,2.5,3.5,1.5,,56.25,56.25,,,,1.5,2.5,1.5,1.0,,,15.625,15.625,,,,8.5,,,2.5,3.0,1.5,1.5,2.5,,,,,1.0,0.0,1.0,0.0,0.0,0.0,,,,,,,0.0,0.0,0.0,0.0,0.0,1.0,0.0,0.0,0.0,0.0,3.5,9.5,,,,,6.5,3.5,2.0,,,,,,,,,,,,,,,,,,,,,,,,,,,,,,,,,,,,,,,,,,,,,,,,
KAZ_20112022_P1,Kazakhstan,KAZ,2022.0,2022-11-20,Presidential,4.0,,7,5,0,3,28684.898060035834,3,5,0,,53.613945,,,,51.015625,40.0,61.805557,45.3125,56.944443,47.584633,36.692707,61.11111,45.3125,47.22222,5.0,,4.0,2.0,4.5,1.5,2.75,3.25,,,,,31.25,31.25,,,,3.25,4.0,2.25,2.6666667,54.166668,51.041668,54.166668,51.041668,,2.5,3.5,3.5,2.5,3.5,54.166664,54.166668,54.166664,54.166668,,3.6666667,2.3333333,3.0,3.0,2.5,3.5,,,50.0,48.61111,,,,4.25,1.75,3.25,2.25,3.3333333,2.6666667,3.6666667,2.3333333,,,,38.333332,36.25,,,,2.25,4.0,2.0,2.25,2.25,3.25,,,,35.0,35.0,,,,2.5,3.0,3.3333333,2.6666667,3.3333333,3.0,3.0,3.0,3.0,45.0,50.833332,45.833336,50.694443,,2.25,3.75,3.75,2.25,4.0,3.5,3.0,4.3333335,2.0,,,,,,75.0,61.805557,,,,2.6666667,4.0,2.75,2.5,3.5,2.5,3.5,56.666668,57.083332,56.666668,57.083332,,1.5,4.5,2.0,4.0,1.3333334,4.6666665,4.0,,75.0,82.291664,,,,2.75,3.0,2.5,2.75,,,47.916668,43.75,,,,7.75,,,4.5,5.5,4.5,5.0,4.5,,1.25,,,1.0,0.0,1.0,0.0,0.0,0.25,,,,,,,0.0,0.0,0.0,0.0,0.0,1.0,0.0,0.0,0.0,0.0,3.75,8.75,,,,,9.5,6.0,3.0,,,,,,,,,,,,,,,,,,,,,,,,,,,,,,,2.5,3.5,3.0,2.0,4.0,2.0,4.0,4.0,2.0,2.0,4.0,3.0,3.0,2.5,1.5,4.5,1.5,4.5
KAZ_19032023_L1,Kazakhstan,KAZ,2023.0,2023-03-19,Legislative,3.0,,7,5,0,3,34211.0,3,5,0,,43.537415,36.47959,45.698925,38.70968,40.53241,41.041664,45.27778,35.185184,40.625,40.74074,41.874996,45.27778,35.185184,40.625,4.3333335,,3.6666667,2.3333333,4.6666665,1.3333334,3.0,3.0,3.6666667,2.0,1.6666666,4.0,30.555555,30.555555,39.285713,39.285713,,3.3333333,2.6666667,2.3333333,3.0,45.833332,45.833332,45.833332,45.833332,,3.5,2.5,3.0,3.0,3.3333333,45.833336,48.61111,45.833336,48.61111,,4.0,2.0,3.6666667,2.3333333,3.3333333,2.6666667,2.6666667,3.3333333,33.333332,33.333332,39.583332,39.583332,,3.3333333,2.6666667,4.0,2.3333333,2.5,3.5,3.3333333,2.6666667,2.6666667,2.0,4.0,42.5,50.833332,42.857143,52.976192,,1.6666666,4.0,2.0,2.3333333,2.6666667,4.0,4.0,2.0,2.6666667,38.333332,38.333332,36.904762,36.904762,,2.0,1.6666666,1.6666666,3.6666667,2.3333333,3.6666667,2.3333333,3.3333333,2.6666667,25.0,25.0,27.777779,27.777779,,2.0,4.0,3.6666667,2.3333333,4.0,2.6666667,3.3333333,3.6666667,3.0,3.6666667,2.3333333,3.0,3.0,3.0,58.333336,58.333336,45.833332,45.833332,,3.0,3.6666667,2.3333333,2.3333333,3.6666667,2.6666667,3.3333333,55.0,55.0,55.0,55.0,,2.6666667,3.3333333,2.3333333,3.6666667,1.6666666,4.3333335,3.3333333,1.6666666,66.666664,66.666664,56.666668,56.666668,,2.0,3.6666667,2.0,2.3333333,1.6666666,4.3333335,37.5,37.5,46.666668,46.666668,,8.333333,,,5.0,5.0,4.0,5.6666665,5.0,,0.0,0.0,0.0,1.3333334,,1.0,,,1.0,,,,,,,0.0,0.0,0.0,0.33333334,0.0,0.6666667,0.0,0.0,0.0,,5.0,8.333333,,,,,7.0,5.3333335,2.0,,,,,,,,,,,,,,,,,,,,,,,,,,,,,,,,,,,,,,,,,,,,,,,,
KEN_04032013_P1,Kenya,KEN,2013.0,2013-03-04,Presidential,9.0,,4,4,1,1,2776.5266,1,1,0,,38.401665,36.22449,,,50.129383,46.170635,28.784723,71.62698,53.935184,50.919174,47.58102,30.324074,72.22222,53.54938,4.428571,,2.3333333,3.6666667,2.375,3.625,1.8888888,4.111111,,,,,68.75,70.02315,,,,1.4444444,2.5555556,2.6666667,2.25,29.6875,30.729166,29.6875,30.729166,,3.0,3.0,2.857143,3.142857,3.142857,52.38095,52.38095,52.38095,52.38095,,4.5555553,1.4444444,4.4444447,1.5555556,3.7142856,2.2857144,,,21.428572,19.047619,,,,2.0,4.0,2.75,3.625,3.2222223,2.7777777,2.5714285,3.4285715,,,,58.57143,57.906746,,,,3.8888888,2.4285715,3.5714285,3.0,3.7777777,3.4285715,,,,58.333332,63.333332,,,,2.0,1.5714285,1.625,4.0,2.0,4.375,1.625,,,21.666666,19.107143,,,,2.5,3.5,4.375,1.625,2.6666667,4.0,2.4,1.875,1.0,,,,,,43.75,41.944447,,,,3.0,1.2222222,2.5,3.0,3.0,3.0,3.0,50.0,38.61111,50.0,38.61111,,4.888889,1.1111112,3.3333333,2.6666667,1.6666666,4.3333335,4.6666665,,54.86111,54.86111,,,,2.375,3.125,1.6666666,1.3333334,,,31.25,28.125,,,,9.125,,,5.3333335,3.2222223,3.2222223,4.5555553,2.7777777,,,,,3.0,0.11111111,1.0,0.0,0.11111111,0.0,,,,,,,0.0,0.0,0.0,0.0,0.11111111,0.44444445,0.44444445,0.33333334,0.33333334,0.11111111,3.5,8.444445,,3.0,7.857143,7.857143,,,,,,,,,,,,,,,,,,,,,,,,,,,,,,,,,,,,,,,,,,,,,,,,,,,
KEN_26102017_P1,Kenya,KEN,2017.0,2017-10-26,Presidential,10.0,,4,4,1,2,3155.94041,1,1,0,,40.11446,31.97279,,,39.048115,42.26389,28.643078,40.0,45.285496,39.787327,42.552082,32.430557,40.0,44.166668,3.1,,2.6,3.4,3.0,3.0,2.3,3.7,,,,,59.166668,59.166668,,,,1.8,3.6,2.1111112,2.5,36.805557,37.569443,36.805557,37.569443,,3.0,3.0,3.3333333,2.6666667,3.1666667,48.61111,48.61111,48.61111,48.61111,,4.3333335,1.6666666,3.4285715,2.5714285,3.1666667,2.8333333,,,26.666666,33.92857,,,,1.6666666,4.3333335,3.2222223,3.2222223,3.25,2.75,2.9,3.1,,,,58.75,58.13889,,,,3.0,3.0,3.0,2.5,3.3333333,4.125,,,,55.0,54.791668,,,,1.625,1.375,1.4,4.0,2.0,4.3,1.7,4.4444447,1.5555556,15.0,15.5,14.0625,15.231482,,4.375,1.625,4.0,2.0,4.0,2.2,1.7142857,2.2222223,1.0,,,,,,32.63889,32.339615,,,,3.1111112,3.4,2.375,2.2222223,3.7777777,2.375,3.625,52.142857,56.444443,52.142857,56.444443,,4.5,1.5,3.6,2.4,4.4,1.6,2.7,,26.25,26.25,,,,1.6666666,3.3333333,2.3,2.2222223,,,31.25,34.51389,,,,9.3,,,6.1,3.1,3.1,4.5,3.2,,,,,2.9,0.1,1.0,0.0,0.1,0.0,,,,,,,0.0,0.0,0.0,0.0,0.2,0.7,0.0,0.1,0.0,0.5,4.5555553,8.4,,,,,6.6,4.3,2.8,,,,,3.0,,,,,,21.5,49.8,12.9,12.1,40.8,40.8,,,,,,,,,,,,,,,,,,,,,,,,,,,,,,,,
KEN_08082017_P1,Kenya,KEN,2017.0,2017-08-08,Presidential,12.0,,4,4,1,2,3155.94041,1,1,0,,46.11547,48.086735,,,52.8241,50.18308,43.76483,59.280304,58.068184,52.570168,49.140625,44.76273,59.895832,56.481483,4.3333335,,2.3636363,3.6363637,2.6363637,3.3636363,2.0,4.0,,,,,66.666664,66.666664,,,,2.1666667,3.8181818,2.6,2.1666667,43.75,42.196968,43.75,42.196968,,2.3333333,3.6666667,2.4444444,3.5555556,3.2,61.11111,61.851852,61.11111,61.851852,,4.0,2.0,3.6363637,2.3636363,3.3636363,2.6363637,,,34.166668,33.333332,,,,2.2727273,3.7272727,3.1666667,3.4545455,2.25,3.75,2.3333333,3.6666667,,,,65.0,63.825756,,,,3.0,3.1818182,2.8181818,2.8,3.0,3.909091,,,,51.5,52.636364,,,,2.2727273,2.1,1.8333334,4.0833335,1.9166666,4.5,1.5,4.0,2.0,22.5,23.113636,22.916666,23.42803,,2.6,3.4,3.4444444,2.5555556,3.909091,3.8333333,2.5714285,2.8888888,1.75,,,,,,53.333332,54.82624,,,,3.0,3.0,2.5,1.8,4.2,2.090909,3.909091,60.555557,58.045456,60.555557,58.045456,,4.8333335,1.1666666,3.6666667,2.3333333,3.75,2.25,4.25,,37.5,37.5,,,,2.3,3.5833333,2.5454545,2.1666667,,,42.36111,41.221592,,,,9.083333,,,7.0,3.6666667,3.75,4.5,3.5,,,,,3.0,0.16666667,1.0,0.0,0.083333336,0.0,,,,,,,0.0,0.0,0.0,0.083333336,0.25,0.5833333,0.0,0.16666667,0.0,0.33333334,3.8333333,8.583333,,,,,7.3333335,4.4166665,2.0833333,,,,,3.0,,,,,,3.4166667,2.1666667,10.833333,10.833333,2.5833333,2.5833333,,,,,,,,,,,,,,,,,,,,,,,,,,,,,,,,
KEN_09082022_L1,Kenya,KEN,2022.0,2022-08-09,Legislative,5.0,,4,4,1,2,5211.170533469322,1,1,0,,63.010204,66.32653,,,64.84548,47.47222,57.569447,70.3125,84.02778,62.805557,47.541664,51.319447,71.25,81.111115,6.4,,3.0,3.0,2.2,3.8,2.0,4.0,,,,,65.0,65.0,,,,4.0,4.0,4.25,4.0,76.5625,76.5625,76.5625,76.5625,,2.0,4.0,2.0,4.0,4.0,75.0,75.0,75.0,75.0,,4.2,1.8,3.0,3.0,2.0,4.0,,,54.166664,48.333332,,,,2.6,3.4,2.8,2.8,2.5,3.5,3.0,3.0,,,,53.333332,52.5,,,,3.25,2.0,4.0,3.6666667,4.0,3.0,,,,75.0,64.583336,,,,2.0,2.0,1.6666666,4.3333335,1.6666666,4.3333335,1.6666666,4.25,1.75,15.0,20.0,14.583333,19.791666,,3.5,2.5,4.0,2.0,4.0,4.0,4.5,4.5,1.5,,,,,,68.75,64.583336,,,,3.8,3.6,4.25,1.25,4.75,1.5,4.5,85.0,79.5,85.0,79.5,,4.8,1.2,4.4,1.6,1.8,4.2,4.8,,48.75,48.75,,,,3.6,4.0,3.6,4.0,,,70.3125,70.0,,,,8.4,,,7.2,4.4,4.0,5.4,6.6,,1.6,,,1.6,0.0,0.8,0.2,0.2,0.0,,,,,,,0.0,0.0,0.0,0.0,0.2,0.6,0.0,0.2,0.0,0.2,2.5,9.0,,,,,10.0,4.8,1.0,,,,,,,,,,,,,,,,,,,,,,,,,,,,,,,2.0,4.0,4.3333335,1.6666666,4.3333335,1.75,4.25,1.75,4.25,1.4,4.6,1.4,4.6,3.6666667,1.6666666,4.3333335,1.5,4.5
KIR_14042020_L1,Kiribati,KIR,2020.0,2020-04-14,Legislative,3.0,,1,1,2,2,2171.8679430644697,5,3,0,,73.46939,61.734695,,,73.697914,71.875,58.333332,81.25,83.333336,69.21296,63.888885,58.33333,81.25,82.40741,8.0,,2.3333333,3.6666667,2.3333333,3.6666667,2.0,4.0,,,,,69.44444,69.44444,,,,4.6666665,4.0,4.3333335,4.6666665,85.416664,85.416664,85.416664,85.416664,,2.0,4.0,2.3333333,3.6666667,3.0,63.888885,63.888885,63.888885,63.888885,,2.0,4.0,1.5,4.5,1.5,4.5,,,83.33333,83.333336,,,,1.5,4.5,3.5,4.0,1.5,4.5,1.5,4.5,,,,80.0,80.0,,,,4.0,2.0,4.0,4.0,3.5,3.5,,,,70.0,70.0,,,,3.5,3.5,3.0,2.5,3.5,2.5,3.5,2.5,3.5,40.0,60.0,41.666668,60.416668,,1.5,4.5,2.0,4.0,4.0,4.5,3.5,2.0,2.0,,,,,,68.75,68.75,,,,4.5,4.0,4.5,1.5,4.5,1.5,4.5,85.0,85.0,85.0,85.0,,2.0,4.0,2.0,4.0,1.0,5.0,4.0,,75.0,81.25,,,,4.5,4.0,4.0,4.0,,,78.125,78.125,,,,9.5,,,6.5,7.0,8.0,6.0,7.5,,,,,2.5,0.33333334,0.33333334,0.0,0.0,0.0,,,,,,,0.0,0.0,0.0,0.0,0.0,0.33333334,0.0,0.0,0.0,0.33333334,5.0,5.0,,,,,7.0,7.0,4.5,,,,,,,,,,,,,,,,,,,,,,,,,,,,,,,,,,,,,,,,,,,,,,,,
KOR_19122012_P1,"Korea, Republic of",KOR,2012.0,2012-12-19,Presidential,8.0,,1,2,2,4,32097.164,3,3,0,,76.17712,82.65306,,,78.30233,69.41964,92.53472,67.1875,84.06746,78.63498,69.40104,92.447914,67.1875,85.50347,,,3.125,2.875,2.25,3.75,2.5,3.5,,,,,59.375,59.375,,,,4.25,4.875,4.25,4.75,88.28125,88.28125,88.28125,88.28125,,2.1666667,3.8333333,2.4,3.6,4.0,68.333336,70.27778,68.333336,70.27778,,1.3333334,4.6666665,1.1666666,4.8333335,1.3333334,4.6666665,,,93.05556,93.05556,,,,1.5,4.5,3.875,3.4,2.25,3.75,1.1666666,4.8333335,,,,78.75,76.791664,,,,2.75,3.25,2.75,3.625,3.375,4.1666665,,,,58.333332,58.333332,,,,4.0,3.2857144,2.8333333,2.25,3.75,1.8571428,4.142857,,,69.0,65.059525,,,,1.0,5.0,1.1666666,4.8333335,4.75,4.625,4.0,4.625,1.1666666,,,,,,89.166664,90.97222,,,,5.0,5.0,4.875,1.2,4.8,1.2857143,4.714286,98.0,96.94643,98.0,96.94643,,1.5,4.5,1.75,4.25,1.125,4.875,3.8333333,,81.25,84.114586,,,,4.5,4.375,4.0,4.375,,,83.92857,82.8125,,,,8.75,,,7.625,6.625,5.5,7.25,8.0,,,,,3.0,0.0,1.0,0.0,0.0,0.0,,,,,,,0.0,0.0,0.0,0.0,0.375,0.625,0.0,0.0,0.0,0.5,4.5,8.125,,,,,,,,,,,,,,,,,,,,,,,,,,,,,,,,,,,,,,,,,,,,,,,,,,,,,,,
KOR_13042016_L1,"Korea, Republic of",KOR,2016.0,2016-04-13,Legislative,10.0,,2,2,2,4,35750.77,3,3,0,,69.95748,75.68027,,,73.6223,63.208332,83.81173,66.25,81.21914,73.26736,62.583332,83.263885,66.25,80.97222,8.4,,4.0,2.0,2.8,3.2,2.8,3.2,,,,,43.51852,45.0,,,,4.4,4.6666665,4.3,4.3,86.111115,85.416664,86.111115,85.416664,,2.3333333,3.6666667,3.0,3.0,2.9,52.77778,54.72222,52.77778,54.72222,,1.625,4.375,1.375,4.625,1.7777778,4.2222223,,,87.5,85.18519,,,,1.3333334,4.6666665,3.3,3.2222223,3.0,3.0,1.7777778,4.2222223,,,,71.875,67.05556,,,,2.6,3.4,2.6,3.6,3.0,3.9,,,,53.5,53.5,,,,3.6666667,3.1,3.1111112,2.0,4.0,2.3,3.7,1.7777778,4.2222223,63.88889,62.88889,66.666664,65.833336,,1.3333334,4.6666665,2.0,4.0,4.4444447,4.7,4.0,4.4,1.6666666,,,,,,85.71429,84.21296,,,,4.4444447,4.7,4.4444447,1.25,4.75,1.3333334,4.6666665,93.75,90.02778,93.75,90.02778,,1.6666666,4.3333335,2.0,4.0,1.2,4.8,3.9,,80.55556,81.458336,,,,4.4,4.4,4.2222223,4.3,,,84.02778,83.263885,,,,9.3,,,6.6,5.3,5.1,6.4,7.9,,,,,3.0,0.0,1.0,0.0,0.1,0.1,,,,,,,0.1,0.1,0.0,0.0,0.6,0.0,0.0,0.0,0.0,0.8,4.7,9.0,,4.1,7.2,8.6,,,,,4.6,11.0,11.0,4.7,4.6,21.4,21.4,2.7,2.7,,,,,,,,,,,,,,,,,,,,,,,,,,,,,,,,,,,,,,
KOR_09052017_P1,"Korea, Republic of",KOR,2017.0,2017-05-09,Presidential,12.0,,2,2,2,4,35750.77,3,3,1,,71.49106,78.82653,,,76.06886,65.14773,84.66646,71.875,82.58628,75.86516,64.947914,83.99884,71.875,82.638885,8.75,,3.6666667,2.3333333,2.3333333,3.6666667,2.5,3.5,,,,,54.166668,54.166668,,,,4.0,4.6666665,4.7272725,4.5833335,88.63636,87.357956,88.63636,87.357956,,2.0,4.0,2.1666667,3.8333333,2.8333333,66.666664,63.88889,66.666664,63.88889,,2.1,3.9,1.7,4.3,1.7,4.3,,,79.166664,79.166664,,,,2.0833333,3.9166667,4.0,3.0,2.4545455,3.5454545,1.9090909,4.090909,,,,70.71429,67.76515,,,,3.0833333,2.75,3.25,3.3333333,3.1666667,3.4545455,,,,58.636364,56.439392,,,,3.8181818,3.8333333,3.4,2.4166667,3.5833333,2.3333333,3.6666667,2.0,4.0,65.0,66.507576,67.12963,67.92298,,1.2727273,4.7272725,1.6,4.4,4.5833335,4.5833335,3.4444444,4.7272725,1.25,,,,,,86.90476,85.27357,,,,4.25,4.5,4.5833335,1.6666666,4.3333335,1.625,4.375,83.333336,85.20833,83.333336,85.20833,,1.4545455,4.5454545,2.3333333,3.6666667,1.8333334,4.1666665,4.0,,77.34375,77.367424,,,,4.0,4.5,4.2727275,4.5,,,83.52273,82.954544,,,,9.083333,,,7.0,5.5,4.8333335,6.25,7.9166665,,,,,3.0,0.16666667,1.0,0.083333336,0.0,0.083333336,,,,,,,0.083333336,0.0,0.0,0.083333336,0.41666666,0.5,0.0,0.0,0.0,0.5833333,4.25,8.333333,,,,,9.083333,5.0,2.0,,,,,4.4166665,,,,,,35.166668,27.75,3.8333333,11.75,10.0,10.0,,,,,,,,,,,,,,,,,,,,,,,,,,,,,,,,
KOR_15042020_L1,"Korea, Republic of",KOR,2020.0,2020-04-15,Legislative,5.0,,2,2,2,4,45225.84454351455,3,3,1,,71.72619,70.15306,,,76.138885,64.729164,95.65972,58.75,85.416664,67.90972,59.833332,95.65972,53.75,76.111115,8.25,,4.6,1.4,3.8,2.2,3.8,2.2,,,,,23.333332,23.333332,,,,4.0,4.4,4.0,4.0,77.5,77.5,77.5,77.5,,3.25,2.75,3.0,3.0,2.75,45.833332,45.833332,45.833332,45.833332,,1.0,5.0,1.0,5.0,1.0,5.0,,,100.0,100.0,,,,1.25,4.75,3.5,4.5,2.0,4.0,1.5,4.5,,,,80.0,81.25,,,,3.0,2.6,3.4,3.8,2.2,3.6,,,,55.0,55.0,,,,2.0,2.75,2.75,1.5,4.5,2.0,4.0,1.25,4.75,55.0,55.0,61.458332,61.458332,,1.0,5.0,1.0,5.0,5.0,3.5,4.25,4.75,1.0,,,,,,89.583336,89.583336,,,,5.0,5.0,5.0,1.0,5.0,1.25,4.75,98.333336,98.75,98.333336,98.75,,3.25,2.75,2.6666667,3.3333333,1.0,5.0,4.75,,68.75,73.958336,,,,4.25,4.5,3.75,4.25,,,79.6875,79.6875,,,,10.0,,,6.0,6.25,4.75,7.75,7.25,,,,,1.0,0.0,0.8,0.0,0.0,0.0,,,,,,,0.0,0.0,0.0,0.0,0.6,0.2,0.0,0.0,0.0,0.6,4.5,9.25,,,,,8.75,5.0,2.75,,,,,,,,,,,,,,,,,,,,,,,,,,,,,,,,,,,,,,,,,,,,,,,,
KOR_09032022_P1,"Korea, Republic of",KOR,2022.0,2022-03-09,Presidential,6.0,,2,2,2,4,47242.527228990024,3,3,1,,70.493195,73.21428,,,76.63194,66.11111,82.15278,71.875,86.388885,77.02402,67.23958,81.94444,71.875,87.03703,8.666667,,2.3333333,3.6666667,1.6666666,4.3333335,1.8333334,4.1666665,,,,,76.388885,76.388885,,,,4.3333335,4.8,4.5,4.6666665,90.0,89.375,90.0,89.375,,2.0,4.0,2.0,4.0,3.3333333,69.44444,69.44444,69.44444,69.44444,,1.0,5.0,1.2,4.8,1.25,4.75,,,97.916664,96.25,,,,1.6666666,4.3333335,4.1666665,3.8333333,1.8333334,4.1666665,2.5,3.5,,,,75.0,75.0,,,,2.5,2.3333333,3.6666667,2.6666667,2.5,4.25,,,,43.75,52.916668,,,,3.5,3.3333333,2.5,2.0,4.0,3.0,3.0,2.0,4.0,58.333332,56.666668,61.111115,59.72222,,1.4,4.6,1.25,4.75,3.8333333,4.6666665,4.0,4.0,1.8333334,,,,,,85.416664,82.708336,,,,4.5,4.8333335,4.8333335,1.8,4.2,1.6,4.4,89.0,88.833336,89.0,88.833336,,1.8333334,4.1666665,3.6,2.4,1.1666666,4.8333335,4.3333335,,72.5,73.333336,,,,3.8333333,4.4,4.5,4.3333335,,,80.0,81.666664,,,,8.166667,,,6.8333335,6.6666665,5.6666665,8.333333,9.333333,,1.6666666,,,1.0,0.0,1.0,0.0,0.0,0.0,,,,,,,0.0,0.0,0.0,0.0,0.16666667,0.6666667,0.0,0.16666667,0.0,0.16666667,4.6666665,7.8333335,,,,,9.5,5.0,1.5,,,,,,,,,,,,,,,,,,,,,,,,,,,,,,,1.8333334,4.1666665,3.8333333,2.0,4.0,2.0,4.0,1.5,4.5,1.1666666,4.8333335,1.6,4.4,4.1666665,1.3333334,4.6666665,1.6666666,4.3333335
KOR_10042024_L1,"Korea, Republic of",KOR,2024.0,2024-04-10,Legislative,6.0,,2,2,2,4,50572.0,3,3,1,,66.64966,65.30612,69.30779,69.758064,65.096016,53.567127,74.81944,58.101852,73.895645,65.739296,54.75116,75.27778,58.101852,74.826385,8.666667,,3.8333333,2.1666667,2.0,4.0,2.3333333,3.6666667,4.0,2.4,3.6666667,4.6666665,56.944447,56.944447,60.0,62.738094,,4.6666665,4.6666665,4.6,4.5,88.75,90.208336,88.75,90.208336,,2.6,3.4,3.4,2.6,3.2,51.666668,51.666668,51.666668,51.666668,,1.3333334,4.6666665,1.3333334,4.6666665,1.5,4.5,1.3333334,4.6666665,90.27778,90.27778,90.625,90.625,,2.0,4.0,3.3333333,3.25,3.8,2.2,2.1666667,3.8333333,3.5,2.6666667,3.3333333,65.0,58.083332,64.28571,58.75,,2.3333333,2.8333333,3.1666667,3.1666667,3.3333333,2.8,4.1666665,1.8333334,3.2,45.0,49.0,42.857143,45.833336,,3.2,2.6666667,2.0,2.3333333,3.6666667,2.8,3.2,2.0,4.0,47.5,48.666668,53.125,53.055553,,1.3333334,4.6666665,1.4,4.6,4.1666665,4.1666665,4.25,4.2,1.4,2.6666667,3.3333333,3.8,1.8333334,4.1666665,83.333336,83.541664,65.0,68.375,,4.6666665,4.8333335,4.8333335,1.6666666,4.3333335,1.5,4.5,88.333336,90.83333,88.333336,90.83333,,2.3333333,3.6666667,3.0,3.0,1.5,4.5,4.25,4.2,65.625,71.354164,68.75,73.083336,,4.1666665,4.5,4.2,4.3333335,2.1666667,3.8333333,83.75,82.5,81.0,80.166664,,9.166667,1.0,,7.1666665,5.3333335,4.5,6.8333335,8.666667,,0.0,0.0,0.0,1.0,,1.0,1.0,,,6.0,3.2,0.16666667,5.0,1.0,2.6666667,0.0,0.0,0.0,0.0,0.33333334,0.6666667,0.0,0.0,0.0,1.0,4.5,8.666667,,1.0,5.8333335,1.2,,,,,,,,,,,,,,,,,,,,,,,,,,,,,,,,,,,,,,,,,,,,,,,,,,,
KWT_01122012_L1,Kuwait,KWT,2012.0,2012-12-01,Legislative,9.0,,5,5,1,4,79047.766,3,7,0,,48.46939,,,,49.62095,37.405754,57.05357,54.464287,49.560184,48.059414,36.354168,62.239582,53.125,45.21605,,,3.5,2.5,4.0,2.0,3.1111112,2.8888888,,,,,41.666668,36.574074,,,,3.5714285,3.7777777,3.5714285,3.2222223,62.5,63.392857,62.5,63.392857,,4.0,2.0,2.857143,3.142857,2.125,37.5,35.565475,37.5,35.565475,,2.4,3.6,2.4,3.6,2.0,4.0,,,68.333336,68.33333,,,,2.875,3.125,3.0,2.8888888,2.3333333,3.6666667,3.0,3.0,,,,47.5,53.40278,,,,3.2857144,4.0,2.0,2.8333333,3.142857,3.75,,,,48.0,50.059525,,,,2.0,2.7142856,1.1428572,4.6666665,1.3333334,4.428571,1.5714285,,,18.75,18.809525,,,,1.8,4.2,2.25,3.75,4.285714,3.7142856,4.0,2.0,1.3333334,,,,,,75.0,66.45833,,,,4.4,4.375,3.8333333,2.25,3.75,2.2,3.8,95.0,75.791664,95.0,75.791664,,4.2222223,1.7777778,4.3333335,1.6666666,3.1111112,2.8888888,2.25,,26.5625,28.645834,,,,2.625,3.8333333,2.875,2.875,,,56.25,51.302082,,,,7.3333335,,,5.2222223,3.25,4.625,4.5,4.75,,,,,2.6666667,0.0,0.8888889,0.0,0.0,0.0,,,,,,,0.0,0.0,0.0,0.0,0.11111111,0.8888889,0.0,0.0,0.0,0.11111111,4.25,8.333333,,,,,,,,,,,,,,,,,,,,,,,,,,,,,,,,,,,,,,,,,,,,,,,,,,,,,,,
KWT_27072013_L1,Kuwait,KWT,2013.0,2013-07-27,Legislative,6.0,,5,5,1,4,76667.703,3,7,0,,54.464287,52.55102,,,56.46586,49.069447,50.0,53.645832,73.14815,56.94155,49.40972,50.0,55.208332,73.14815,6.3333335,,3.5,2.5,4.5,1.5,2.5,3.5,,,,,33.333332,37.5,,,,4.0,4.5,4.3333335,4.0,80.208336,80.208336,80.208336,80.208336,,3.4,2.6,2.8333333,3.1666667,3.3333333,53.333332,50.833332,53.333332,50.833332,,3.3333333,2.6666667,2.6666667,3.3333333,2.4,3.6,,,58.333332,55.0,,,,2.5,3.5,4.1666665,3.8333333,2.0,4.0,2.2,3.8,,,,67.5,71.5,,,,2.5,3.25,2.75,3.1666667,2.8333333,4.1666665,,,,45.0,52.083332,,,,3.0,3.0,1.8333334,4.1666665,1.8333334,4.1666665,1.8333334,,,27.5,32.5,,,,1.3333334,4.6666665,2.5,3.5,4.3333335,3.6666667,4.0,1.3333334,1.3333334,,,,,,69.791664,64.583336,,,,4.5,4.1666665,3.6666667,2.5,3.5,2.1666667,3.8333333,73.333336,73.333336,73.333336,73.333336,,4.0,2.0,2.3333333,3.6666667,1.8333334,4.1666665,4.1666665,,62.5,62.5,,,,3.8333333,3.8333333,3.5,3.8333333,,,68.75,68.75,,,,9.0,,,7.1666665,4.5,5.1666665,5.3333335,6.3333335,,,,,3.0,0.33333334,0.8333333,0.0,0.0,0.16666667,,,,,,,0.16666667,0.16666667,0.0,0.0,0.16666667,0.6666667,0.0,0.0,0.0,0.5,5.5,8.333333,,3.3333333,5.3333335,5.6666665,,,,,,,,,,,,,,,,,,,,,,,,,,,,,,,,,,,,,,,,,,,,,,,,,,,
KWT_26112016_L1,Kuwait,KWT,2016.0,2016-11-26,Legislative,8.0,,5,5,1,4,73817.078,3,7,0,,51.183918,,,,54.665924,39.00347,54.10218,59.933037,65.625,53.969185,34.71354,56.163193,60.9375,64.0625,5.625,,3.0,3.0,4.1666665,1.8333334,3.625,2.375,,,,,41.666664,35.069443,,,,3.2857144,3.5714285,3.625,3.625,62.5,63.169643,62.5,63.169643,,3.0,3.0,2.2,3.8,3.1666667,60.0,58.055557,60.0,58.055557,,3.0,3.0,2.2,3.8,2.4,3.6,,,66.666664,61.666664,,,,4.625,1.375,3.125,3.25,2.25,3.75,2.4285715,3.5714285,,,,56.666668,50.357143,,,,2.875,3.2857144,2.7142856,2.75,2.75,3.4285715,,,,45.0,47.589287,,,,2.0,2.5,1.4285715,4.5,1.5,3.8333333,2.1666667,3.875,2.125,15.0,22.97619,16.666666,23.834326,,1.875,4.125,2.4,3.6,4.25,4.0,3.5,2.5714285,1.5714285,,,,,,66.66667,66.86012,,,,3.6666667,4.0,4.0,2.75,3.25,2.5,3.5,73.333336,67.083336,73.333336,67.083336,,3.857143,2.142857,2.142857,3.857143,1.4285715,4.571429,4.125,,68.75,66.85268,,,,3.25,3.857143,2.625,3.4285715,,,57.291668,57.254463,,,,8.0,,,5.125,5.0,5.75,5.75,6.125,,,,,3.0,0.125,0.75,0.375,0.0,0.125,,,,,,,0.125,0.0,0.125,0.125,0.25,0.0,0.0,0.0,0.0,0.5,4.428571,8.5,,5.125,7.75,8.875,,,,,3.375,2.125,2.125,3.75,3.0,4.25,4.25,4.125,4.125,,,,,,,,,,,,,,,,,,,,,,,,,,,,,,,,,,,,,,
KWT_05122020_L1,Kuwait,KWT,2020.0,2020-12-05,Legislative,5.0,,5,5,1,4,47303.12985281109,3,7,0,,57.397957,,,,55.966434,43.78472,47.164352,66.25,66.666664,55.916664,44.083332,49.166668,63.75,66.666664,6.6,,3.25,2.75,4.0,2.0,3.0,3.0,,,,,50.0,39.583332,,,,3.8,4.0,3.75,4.2,71.875,73.4375,71.875,73.4375,,4.0,2.0,3.0,3.0,3.5,54.166664,45.833332,54.166664,45.833332,,2.0,4.0,2.3333333,3.6666667,2.0,4.0,,,70.83333,72.22222,,,,4.2,1.8,2.6,3.0,2.5,3.5,3.5,2.5,,,,40.0,42.0,,,,3.4,2.8,3.2,3.6,3.2,3.4,,,,59.0,59.0,,,,3.3333333,3.3333333,2.25,3.2,2.8,2.5,3.5,3.5,2.5,45.0,51.083336,43.75,48.819443,,2.3333333,3.6666667,3.0,3.0,3.75,4.0,4.0,1.75,1.3333334,,,,,,45.833332,59.02778,,,,3.75,4.2,3.75,3.6,2.4,2.8,3.2,62.5,61.5,62.5,61.5,,2.4,3.6,1.75,4.25,1.25,4.75,3.8,,79.6875,77.5,,,,2.8,3.8,3.4,3.5,,,59.375,59.375,,,,7.6,,,4.2,5.6,6.8,6.0,6.4,,,,,1.6,0.2,1.0,0.2,0.0,0.0,,,,,,,0.0,0.0,0.0,0.0,0.2,0.8,0.0,0.0,0.0,0.2,5.6,7.8,,,,,8.4,6.0,3.6,,,,,,,,,,,,,,,,,,,,,,,,,,,,,,,,,,,,,,,,,,,,,,,,
KWT_29092022_L1,Kuwait,KWT,2022.0,2022-09-29,Legislative,4.0,,5,5,1,4,,3,7,0,,65.603745,,,,51.805553,37.604168,43.75,61.979168,63.888885,55.455727,45.0,48.87153,64.0625,63.888885,6.25,,4.0,2.0,3.5,2.5,2.5,3.5,,,,,33.333332,41.666664,,,,3.25,3.75,3.75,3.75,65.625,65.625,65.625,65.625,,3.3333333,2.6666667,1.3333334,4.6666665,3.3333333,63.88889,63.88889,63.88889,63.88889,,3.0,3.0,2.75,3.25,3.25,2.75,,,50.0,50.0,,,,4.0,2.0,3.25,3.5,5.0,1.0,2.75,3.25,,,,27.5,40.0,,,,3.25,3.3333333,2.6666667,3.0,3.25,4.0,,,,75.0,55.833336,,,,2.5,2.5,1.0,3.25,2.75,2.75,3.25,3.25,2.75,0.0,35.0,0.0,36.458336,,2.5,3.5,3.0,3.0,4.25,4.0,3.5,1.6666666,1.0,,,,,,51.38889,57.98611,,,,3.5,3.5,3.25,3.0,3.0,2.75,3.25,57.5,57.5,57.5,57.5,,3.75,2.25,1.3333334,4.6666665,1.0,5.0,3.75,,81.25,72.916664,,,,3.25,3.25,3.25,3.5,,,57.8125,57.8125,,,,9.0,,,5.5,5.25,5.75,5.25,6.0,,1.5,,,1.0,0.0,1.0,0.0,0.0,0.0,,,,,,,0.0,0.0,0.0,0.0,0.0,1.0,0.0,0.0,0.0,0.25,5.25,9.25,,,,,9.5,6.0,3.25,,,,,,,,,,,,,,,,,,,,,,,,,,,,,,,2.0,4.0,4.3333335,2.0,4.0,2.0,4.0,2.0,4.0,1.5,4.5,1.5,4.5,3.25,2.0,4.0,2.0,4.0
KWT_06062023_L1,Kuwait,KWT,2023.0,2023-06-06,Legislative,5.0,,5,5,1,4,52164.0,3,7,0,,49.91497,,45.833332,,45.230904,36.067127,37.125,51.296295,56.435184,46.453125,38.854168,35.916668,52.5,58.541668,5.6,,4.0,2.0,4.0,2.0,3.0,3.0,3.0,2.25,2.0,2.2,29.166666,33.333332,23.214285,33.75,,3.6,3.6,2.6,3.4,57.5,57.5,57.5,57.5,,4.0,2.0,3.0,3.0,2.25,,35.416668,,35.416668,,3.6,2.4,3.25,2.75,2.75,3.25,3.75,2.25,45.833332,45.0,41.666668,41.5625,,3.75,2.25,2.6,2.8,2.6666667,3.3333333,3.0,3.0,2.4,2.8,3.2,43.333332,44.916668,42.857143,44.940475,,3.2,3.3333333,2.6666667,2.25,2.4,3.0,3.6,2.4,3.4,60.0,42.583332,57.142857,43.988094,,1.0,1.6666666,1.8,4.0,2.0,3.5,2.5,3.8,2.2,0.0,19.833334,0.0,21.527779,,2.6,3.4,3.0,3.0,3.5,3.0,3.2,1.4,1.3333334,3.6,2.4,2.75,2.25,3.75,56.944443,47.916668,49.166668,41.0,,3.6,3.6,3.6,3.6666667,2.3333333,2.5,3.5,46.666668,58.166664,46.666668,58.166664,,4.25,1.75,1.75,4.25,1.3333334,4.6666665,4.0,3.8,72.916664,66.666664,76.666664,67.333336,,3.0,3.0,3.4,3.4,2.25,3.75,55.0,55.0,68.75,57.75,,9.2,,,5.8,4.8,5.4,5.6,5.2,,0.0,0.0,0.0,2.0,1.0,1.0,1.0,,1.0,,,,,,,0.0,0.0,0.0,0.2,0.0,0.8,0.0,0.0,0.0,1.0,3.75,9.0,,,,,4.8,6.2,3.6,,,,,,,,,,,,,,,,,,,,,,,,,,,,,,,,,,,,,,,,,,,,,,,,
KWT_04042024_L1,Kuwait,KWT,2024.0,2024-04-04,Legislative,4.0,,5,5,1,4,46458.0,3,7,0,,,,44.52285,,43.291378,35.543983,42.743057,45.13889,49.739582,47.009552,41.666668,41.770836,52.083336,52.51736,6.0,,5.0,1.0,5.0,1.0,3.5,2.5,3.5,1.5,3.0,2.25,0.0,12.5,0.0,27.678572,,3.25,3.5,3.5,3.5,60.9375,60.9375,60.9375,60.9375,,4.0,2.0,2.0,4.0,3.0,33.333332,50.0,33.333332,50.0,,2.6666667,3.3333333,3.0,3.0,3.0,3.0,3.6666667,2.3333333,52.77778,52.77778,37.5,47.916668,,3.5,2.5,3.0,3.3333333,3.0,3.0,2.75,3.25,3.0,2.75,3.25,51.666668,50.416668,52.38095,51.190475,,2.3333333,5.0,1.0,2.0,2.6666667,2.5,4.3333335,1.6666666,3.25,,27.5,,30.059523,,1.5,1.5,1.3333334,3.75,2.25,3.6666667,2.3333333,3.5,2.5,0.0,19.583332,0.0,22.569445,,2.6666667,3.3333333,3.0,3.0,4.0,3.5,3.3333333,1.3333334,1.3333334,3.6666667,2.3333333,2.3333333,2.6666667,3.3333333,70.83333,52.083332,65.0,41.25,,3.6666667,3.75,3.5,4.0,2.0,2.6666667,3.3333333,40.0,56.25,40.0,56.25,,3.75,2.25,2.3333333,3.6666667,1.6666666,4.3333335,2.75,3.25,62.5,56.25,65.0,56.25,,3.0,3.3333333,2.75,3.0,2.0,4.0,47.916668,50.520832,72.5,55.416668,,9.75,,,5.5,5.0,3.6666667,5.25,5.0,,0.0,0.0,0.0,1.0,,1.0,1.0,,,6.0,4.0,0.25,5.0,1.0,2.0,0.0,0.0,0.0,0.0,0.0,1.0,0.0,0.0,0.0,1.0,5.0,9.25,,2.5,6.5,3.25,,,,,,,,,,,,,,,,,,,,,,,,,,,,,,,,,,,,,,,,,,,,,,,,,,,
KGZ_04102015_L1,Kyrgyzstan,KGZ,2015.0,2015-10-04,Legislative,7.0,,5,5,1,1,3447.1716,3,5,0,,51.64116,,,,57.27695,46.89881,56.54762,60.714287,64.94709,56.875,46.25,57.440475,60.714287,63.095238,7.142857,,3.142857,2.857143,2.4285715,3.5714285,3.0,3.0,,,,,53.57143,53.57143,,,,3.7142856,3.4285715,3.4285715,3.7142856,64.28571,64.28571,64.28571,64.28571,,2.5,3.5,3.0,3.0,3.5,58.333332,58.333332,58.333332,58.333332,,3.7142856,2.2857144,3.2857144,2.7142856,2.8333333,3.1666667,,,41.666664,43.055553,,,,2.2857144,3.7142856,2.4285715,1.5714285,3.857143,2.142857,2.2857144,3.7142856,,,,42.857143,42.857143,,,,2.5714285,3.142857,2.857143,3.2857144,3.142857,3.5714285,,,,52.142857,52.142857,,,,3.0,3.0,2.5714285,4.0,2.0,3.4,2.6,,,32.5,40.857143,,,,2.142857,3.857143,3.0,3.0,3.7142856,4.142857,3.0,3.4285715,1.3333334,,,,,,62.5,63.095238,,,,3.6,3.857143,3.6666667,1.6666666,4.3333335,1.6666666,4.3333335,82.5,73.952385,82.5,73.952385,,3.0,3.0,2.2857144,3.7142856,1.4285715,4.571429,3.142857,,65.17857,65.17857,,,,3.142857,3.7142856,3.142857,3.4285715,,,58.92857,58.92857,,,,8.285714,,,2.4285715,4.571429,4.571429,3.0,4.714286,,,,,2.7142856,0.0,0.85714287,0.2857143,0.14285715,0.0,,,,,,,0.14285715,0.0,0.14285715,0.14285715,0.2857143,0.0,0.0,0.0,0.0,0.42857143,4.428571,8.428572,,5.571429,7.142857,8.0,,,,,,,,,,,,,,,,,,,,,,,,,,,,,,,,,,,,,,,,,,,,,,,,,,,
KGZ_15102017_P1,Kyrgyzstan,KGZ,2017.0,2017-10-15,Presidential,6.0,,5,5,1,2,3551.152704,3,5,0,,64.197845,,,,51.292824,47.208336,52.708332,57.291668,47.962963,50.403645,44.322914,51.38889,57.291668,48.61111,6.5,,3.1666667,2.8333333,2.6666667,3.3333333,2.3333333,3.6666667,,,,,56.944443,56.944443,,,,3.3333333,3.6666667,2.8333333,3.0,51.25,55.208332,51.25,55.208332,,1.3333334,4.6666665,2.0,4.0,2.0,63.88889,63.88889,63.88889,63.88889,,3.6666667,2.3333333,3.2,2.8,2.6,3.4,,,50.0,46.11111,,,,3.0,3.0,3.3333333,3.0,3.2,2.8,2.8333333,3.1666667,,,,53.0,51.5,,,,2.5,3.6666667,2.3333333,3.0,2.6666667,4.2,,,,51.0,48.5,,,,2.8,3.2,2.0,4.1666665,1.8333334,4.5,1.5,4.3333335,1.6666666,32.5,31.666666,30.208332,29.166666,,3.1666667,2.8333333,3.5,2.5,3.8333333,4.1666665,4.3333335,3.6666667,1.4,,,,,,72.22222,63.88889,,,,3.8,4.3333335,3.75,2.3333333,3.6666667,2.6,3.4,78.333336,69.75,78.333336,69.75,,2.5,3.5,2.6666667,3.3333333,1.8333334,4.1666665,2.4,,57.5,58.75,,,,2.5,3.8333333,3.0,3.0,,,52.083332,52.083332,,,,8.166667,,,2.6666667,3.6666667,3.0,3.5,4.0,,,,,3.0,0.16666667,1.0,0.0,0.0,0.0,,,,,,,0.0,0.0,0.0,0.0,0.33333334,0.6666667,0.0,0.0,0.0,0.5,5.0,8.166667,,,,,8.833333,5.6666665,3.0,,,,,3.1666667,,,,,,50.333332,34.833332,3.1666667,3.0,2.6666667,2.6666667,,,,,,,,,,,,,,,,,,,,,,,,,,,,,,,,
KGZ_04102020_L1,Kyrgyzstan,KGZ,2020.0,2020-10-04,Legislative,4.0,,7,5,0,2,4985.029555285311,3,5,0,,38.350338,32.142857,,,38.289932,31.458332,48.09028,43.75,29.86111,37.634552,28.489582,48.4375,43.75,29.86111,2.75,,3.5,2.5,3.25,2.75,2.5,3.5,,,,,47.916668,47.916668,,,,2.0,3.25,2.25,2.0,34.375,34.375,34.375,34.375,,2.0,4.0,2.0,4.0,4.0,75.0,75.0,75.0,75.0,,4.0,2.0,3.5,2.5,3.0,3.0,,,37.5,37.5,,,,4.25,1.75,1.75,2.0,3.25,2.75,4.0,2.0,,,,26.25,26.25,,,,2.5,4.0,2.0,2.0,2.25,3.75,,,,37.5,37.5,,,,2.25,2.25,2.0,4.5,1.5,4.25,1.75,4.75,1.25,23.75,23.75,20.833334,20.833334,,2.75,3.25,3.75,2.25,3.25,3.25,3.3333333,3.75,1.3333334,,,,,,51.38889,54.51389,,,,3.0,3.5,2.75,2.5,3.5,3.5,2.5,51.25,51.25,51.25,51.25,,4.75,1.25,4.0,2.0,4.75,1.25,1.75,,14.0625,14.0625,,,,1.25,3.0,2.5,1.5,,,26.5625,26.5625,,,,9.0,,,1.0,2.25,2.25,1.75,2.25,,,,,1.75,0.0,1.0,0.0,0.0,0.0,,,,,,,0.0,0.0,0.0,0.0,0.5,0.5,0.0,0.0,0.0,0.5,4.25,8.5,,,,,9.75,3.75,1.25,,,,,,,,,,,,,,,,,,,,,,,,,,,,,,,,,,,,,,,,,,,,,,,,
KGZ_28112021_L1,Kyrgyzstan,KGZ,2021.0,2021-11-28,Legislative,6.0,,7,5,0,2,5287.790669766128,3,5,0,,37.23427,35.37415,,,41.720486,36.395836,37.61574,44.166664,48.703705,42.15567,35.694447,37.32639,47.916668,47.685184,4.0,,3.5,2.5,3.6666667,2.3333333,3.0,3.0,,,,,40.27778,40.27778,,,,2.6666667,2.5,2.3333333,2.6666667,38.541668,38.541668,38.541668,38.541668,,3.25,2.75,3.2,2.8,2.8,45.833332,44.583332,45.833332,44.583332,,3.4,2.6,3.2,2.8,3.25,2.75,,,47.916668,42.916664,,,,3.0,3.0,2.1666667,2.5,2.6,3.4,3.4,2.6,,,,41.25,43.333332,,,,2.6666667,2.8,3.2,2.5,3.0,4.0,,,,48.0,51.833332,,,,2.0,2.0,2.0,4.3333335,1.6666666,4.4,1.6,4.3333335,1.6666666,20.0,21.333334,18.75,20.555555,,2.8,3.2,3.5,2.5,2.1666667,2.6,1.6666666,2.75,1.3333334,,,,,,33.333332,37.01389,,,,2.75,2.4,2.0,2.4,3.6,3.1666667,2.8333333,31.666666,42.916668,31.666666,42.916668,,4.5,1.5,3.6666667,2.3333333,2.3333333,3.6666667,3.1666667,,41.666668,41.666668,,,,2.2,2.8333333,2.6,2.4,,,36.25,37.708332,,,,7.4,,,2.0,3.4,3.6,3.6,3.4,,,,,1.4,0.0,0.6666667,0.0,0.0,0.16666667,,,,,,,0.0,0.0,0.16666667,0.33333334,0.16666667,0.5,0.0,0.0,0.0,0.5,4.4,8.6,,,,,8.4,4.6,2.4,,,,,,,,,,,,,,,,,,,,,,,,,,,,,,,,,,,,,,,,,,,,,,,,
KGZ_10012021_P1,Kyrgyzstan,KGZ,2021.0,2021-01-10,Presidential,5.0,,7,5,0,2,5287.790669766128,3,5,0,,36.288265,36.734695,,,44.475697,29.708334,51.59722,49.375,47.22222,44.90278,31.833334,51.805557,48.75,47.22222,5.8,,4.0,2.0,4.0,2.0,3.4,2.6,,,,,30.0,30.0,,,,3.0,2.6,2.75,3.0,43.75,45.9375,43.75,45.9375,,4.5,1.5,5.0,1.0,2.5,16.666666,16.666666,16.666666,16.666666,,3.4,2.6,3.2,2.8,2.75,3.25,,,47.916668,47.083332,,,,3.4,2.6,2.8,2.4,3.25,2.75,3.8,2.2,,,,36.25,38.75,,,,2.5,4.2,1.8,2.2,3.4,4.2,,,,46.25,45.5,,,,2.25,2.0,2.0,3.6,2.4,4.6,1.4,3.4,2.6,25.0,25.25,27.777779,27.708334,,2.75,3.25,3.4,2.6,4.0,3.8,2.5,3.4,1.0,,,,,,58.333332,56.458332,,,,3.4,4.0,3.4,2.0,4.0,2.6,3.4,66.0,66.0,66.0,66.0,,2.6,3.4,2.8,3.2,1.8,4.2,2.2,,56.25,56.25,,,,2.4,4.0,3.0,2.8,,,50.0,51.25,,,,8.2,,,3.0,3.8,3.6,3.6,3.6,,,,,1.6,0.0,0.6,0.2,0.0,0.0,,,,,,,0.0,0.0,0.0,0.0,0.6,0.4,0.0,0.0,0.0,0.6,3.6,7.2,,,,,8.6,5.6,2.8,,,,,,,,,,,,,,,,,,,,,,,,,,,,,,,,,,,,,,,,,,,,,,,,
LAO_20032016_L1,Laos,LAO,2016.0,2016-03-20,Legislative,3.0,,7,6,0,2,6186.084,3,3,0,,,,,,41.328125,28.854168,70.25463,16.666666,49.537037,46.168983,40.694447,70.13889,22.916666,50.925926,2.6666667,,4.0,2.0,5.0,1.0,3.6666667,2.3333333,,,,,33.333332,19.444443,,,,3.6666667,3.0,2.5,4.0,53.125,57.291668,53.125,57.291668,,,,,,,,,,,,2.0,4.0,3.5,2.5,2.0,4.0,,,58.333332,62.5,,,,4.5,1.5,3.0,3.3333333,3.3333333,2.6666667,4.0,2.0,,,,30.0,37.5,,,,2.3333333,5.0,1.0,1.5,1.5,1.6666666,,,,12.5,15.0,,,,1.0,1.5,1.5,2.6666667,3.3333333,2.0,4.0,2.0,4.0,10.0,31.666666,16.666666,38.88889,,1.3333334,4.6666665,2.0,4.0,4.3333335,1.6666666,2.0,4.0,1.3333334,,,,,,66.666664,61.11111,,,,3.6666667,3.6666667,3.5,4.5,1.5,3.6666667,2.3333333,45.0,48.333332,45.0,48.333332,,1.5,4.5,1.3333334,4.6666665,1.0,5.0,3.0,,,82.291664,,,,2.0,4.0,2.0,3.3333333,,,45.833332,45.833332,,,,8.333333,,,1.6666666,3.3333333,5.0,1.6666666,4.6666665,,,,,2.3333333,0.6666667,0.6666667,0.33333334,0.0,0.0,,,,,,,0.0,0.0,0.0,0.0,0.0,0.0,0.0,0.0,0.0,0.0,3.6666667,7.6666665,,3.3333333,3.6666667,4.0,,,,,2.6666667,2.3333333,2.3333333,3.6666667,1.3333334,34.0,34.0,2.0,2.0,,,,,,,,,,,,,,,,,,,,,,,,,,,,,,,,,,,,,,
LAO_21022021_L1,Laos,LAO,2021.0,2021-02-21,Legislative,2.0,,7,6,0,2,8674.033694831363,3,3,0,,,,,,29.088547,24.6875,41.666668,0.0,50.0,38.676216,20.260418,58.333336,0.0,47.916664,2.5,,5.0,1.0,5.0,1.0,4.0,2.0,,,,,16.666666,8.333333,,,,4.0,3.0,1.0,4.0,50.0,50.0,50.0,50.0,,4.0,2.0,4.0,2.0,2.0,25.0,25.0,25.0,25.0,,4.0,2.0,4.0,2.0,,,,,,,,,,4.5,1.5,3.0,3.5,4.5,1.5,5.0,1.0,,,,15.0,27.5,,,,1.0,5.0,1.0,4.0,1.0,1.5,,,,,17.5,,,,,2.0,1.5,,,,,2.0,4.0,,,,,,2.0,4.0,2.0,4.0,4.0,1.0,,1.0,1.0,,,,,,,,,,,2.5,4.0,4.0,3.5,2.5,3.5,2.5,75.0,52.5,75.0,52.5,,,,1.0,5.0,1.5,4.5,3.0,,,,,,,1.5,2.5,1.0,2.0,,,31.25,18.75,,,,7.5,,,1.5,4.0,2.5,3.5,2.0,,,,,1.0,0.0,1.0,0.0,0.0,0.0,,,,,,,0.0,0.0,0.0,0.0,0.0,1.0,0.0,0.0,0.0,0.0,4.0,8.0,,,,,6.5,4.5,2.0,,,,,,,,,,,,,,,,,,,,,,,,,,,,,,,,,,,,,,,,,,,,,,,,
LVA_04102014_L1,Latvia,LVA,2014.0,2014-10-04,Legislative,16.0,,2,2,2,3,23907.65,4,5,1,,69.227295,63.435375,,,73.45056,65.15393,74.739586,71.041664,82.867065,74.49924,65.09766,78.25521,71.484375,83.15972,8.1875,,2.25,3.75,2.3125,3.6875,1.8125,4.1875,,,,,71.875,71.875,,,,4.375,4.3125,4.4,4.25,83.75,83.359375,83.75,83.359375,,1.9090909,4.090909,2.0,4.0,3.8181818,74.242424,74.242424,74.242424,74.242424,,2.375,3.625,2.125,3.875,1.7142857,4.285714,,,72.22222,73.21429,,,,1.8,4.2,4.5,3.9375,3.1875,2.8125,2.125,3.875,,,,70.666664,71.625,,,,2.8666666,2.5,3.5,3.625,3.6875,3.4615386,,,,58.333332,60.703526,,,,3.5714285,3.0769231,3.0,2.7333333,3.2666667,2.75,3.25,,,58.75,55.825092,,,,1.6666666,4.3333335,2.8333333,3.1666667,4.25,4.5,3.375,4.4375,1.3333334,,,,,,73.809525,75.260414,,,,4.4,4.5625,4.5,1.4,4.6,1.375,4.625,88.07692,88.4375,88.07692,88.4375,,3.0625,2.9375,1.6666666,4.3333335,1.1875,4.8125,4.285714,,75.0,77.30655,,,,3.9333334,4.266667,4.0,4.25,,,76.44231,77.8125,,,,8.466666,,,6.875,6.25,6.0,7.25,7.5625,,,,,2.5,0.1875,0.9375,0.0,0.0625,0.0,,,,,,,0.0,0.0,0.0,0.0,0.375,0.625,0.0,0.0,0.0,0.75,5.0,8.5,,3.5,6.5,6.1875,,,,,,,,,,,,,,,,,,,,,,,,,,,,,,,,,,,,,,,,,,,,,,,,,,,
LVA_06102018_L1,Latvia,LVA,2018.0,2018-10-06,Legislative,11.0,,2,2,2,4,25063.845703125,4,5,0,,73.36478,77.55102,,,79.05037,71.24411,84.28819,74.204544,86.464645,79.058556,70.08523,85.290405,75.0,85.85859,7.909091,,1.7272727,4.2727275,2.090909,3.909091,1.9090909,4.090909,,,,,77.27273,77.27273,,,,4.3636365,4.3636365,4.3636365,4.5454545,85.22727,85.22727,85.22727,85.22727,,1.5714285,4.428571,1.2,4.8,3.5,81.666664,81.07143,81.666664,81.07143,,2.0,4.0,1.875,4.125,1.6666666,4.3333335,,,76.666664,78.81944,,,,2.090909,3.909091,4.6363635,4.0,2.2222223,3.7777777,2.090909,3.909091,,,,77.22222,76.16161,,,,3.6,2.2727273,3.7272727,3.8,3.8181818,3.375,,,,63.75,66.60227,,,,3.7777777,3.857143,3.2,2.6363637,3.3636363,3.090909,2.909091,1.8181819,4.181818,61.666668,60.53824,65.27778,63.70611,,1.3636364,4.6363635,2.0,4.0,4.3636365,4.2727275,4.3333335,4.6363635,1.4,,,,,,80.55556,84.34344,,,,4.4545455,4.5454545,4.4545455,1.3,4.7,1.3,4.7,90.5,89.27273,90.5,89.27273,,3.0,3.0,1.4444444,4.5555553,1.1818181,4.818182,4.3636365,,79.861115,79.60859,,,,3.6363637,4.0,4.0,4.2727275,,,73.125,74.431816,,,,8.181818,,,6.818182,6.181818,6.090909,7.2727275,8.363636,,,,,2.7272727,0.18181819,0.8181818,0.09090909,0.09090909,0.09090909,,,,,,,0.0,0.0,0.0,0.0,0.8181818,0.09090909,0.0,0.0,0.0,0.90909094,5.7,7.3636365,,,,,8.545455,5.818182,2.4545455,,,,,,,,,,,,,,,2.1818182,2.1818182,3.0,3.0,4.181818,2.7,2.7,4.0,2.0,2.0,4.090909,3.2727273,3.0,3.0,2.7777777,2.7777777,,,,,,,,,,,,,,,,,,
LVA_01102022_L1,Latvia,LVA,2022.0,2022-10-01,Legislative,8.0,,1,2,2,4,34444.312087527105,4,5,1,,77.86565,72.70409,,,81.49057,78.4251,86.87252,74.10715,86.55754,80.80946,77.578125,86.02431,74.21875,85.41667,8.125,,1.7142857,4.285714,1.5714285,4.428571,1.25,4.75,,,,,88.09524,87.20238,,,,4.142857,4.0,4.5,4.571429,83.03571,82.58929,83.03571,82.58929,,1.5,4.5,1.3333334,4.6666665,4.5,88.888885,88.888885,88.888885,88.888885,,1.2,4.8,1.5,4.5,1.0,5.0,,,95.0,94.16667,,,,1.625,4.375,4.625,4.5,2.5,3.5,2.2857144,3.7142856,,,,79.28571,78.57143,,,,4.0,2.142857,3.857143,4.142857,4.285714,2.8333333,,,,67.5,70.59524,,,,4.3333335,4.0,4.1666665,2.0,4.0,2.4285715,3.5714285,1.75,4.25,75.0,75.35714,76.388885,76.33929,,1.125,4.875,1.5,4.5,4.375,4.0,4.142857,4.428571,1.2857143,,,,,,83.33333,84.672615,,,,4.5,4.125,4.5,1.2857143,4.714286,1.375,4.625,88.57143,87.32143,88.57143,87.32143,,2.857143,3.142857,1.4285715,4.571429,1.1428572,4.857143,4.285714,,80.35714,80.35714,,,,4.375,4.25,4.25,3.875,,,79.6875,79.6875,,,,8.75,,,7.25,6.5,5.875,8.75,8.125,,1.375,,,1.75,0.125,1.0,0.0,0.0,0.125,,,,,,,0.0,0.0,0.0,0.0,0.625,0.25,0.0,0.0,0.0,0.875,6.285714,7.75,,,,,8.625,4.875,3.75,,,,,,,,,,,,,,,,,,,,,,,,,,,,,,,2.2,3.8,4.0,1.5,4.5,1.4,4.6,1.4,4.6,1.2,4.8,1.3333334,4.6666665,3.1666667,1.25,4.75,1.5,4.5
LBN_06052018_L1,Lebanon,LBN,2018.0,2018-05-06,Legislative,11.0,,6,4,1,3,13367.5654296875,3,7,0,,39.696938,,,,44.935787,31.857143,52.128426,41.401516,54.35606,44.838226,31.941288,53.409092,40.340908,53.661617,5.3636365,,3.3636363,2.6363637,4.2727275,1.7272727,3.4545455,2.5454545,,,,,32.575756,32.575756,,,,2.5454545,2.8181818,2.5454545,3.090909,43.75,43.75,43.75,43.75,,4.090909,1.9090909,4.181818,1.8181819,2.0,22.727272,22.727272,22.727272,22.727272,,4.0,2.0,2.857143,3.142857,2.25,3.75,,,54.166664,49.107143,,,,2.5,3.5,2.6363637,3.2727273,3.0,3.0,3.1,2.9,,,,52.0,51.545456,,,,2.090909,3.6666667,2.3333333,1.7,2.7272727,3.7,,,,37.77778,37.757576,,,,1.5,1.8,1.6666666,4.6,1.4,4.571429,1.4285715,4.5555553,1.4444444,17.5,13.976191,12.5,13.498677,,2.7777777,3.2222223,3.6666667,2.3333333,3.4545455,3.1,2.0,4.2727275,1.1666666,,,,,,50.833332,51.595116,,,,3.0,3.1818182,2.7777777,2.3,3.7,2.7,3.3,55.0,54.79798,55.0,54.79798,,3.5454545,2.4545455,3.7272727,2.2727273,2.1,3.9,3.25,,45.3125,49.232956,,,,2.3636363,3.090909,2.5454545,2.8181818,,,42.613636,42.613636,,,,8.727273,,,4.6,3.8,3.8,5.3,4.5,,,,,3.0,0.18181819,0.90909094,0.27272728,0.18181819,0.0,,,,,,,0.0,0.0,0.0,0.0,0.54545456,0.45454547,0.09090909,0.0,0.18181819,0.8181818,4.7272725,8.454545,,,,,6.909091,5.6363635,3.0,,,,,,,,,,,,,,,2.7142856,2.7142856,3.3333333,3.3333333,3.1818182,4.125,4.125,3.8,2.0,2.0,3.090909,2.909091,4.090909,4.090909,2.4285715,2.4285715,,,,,,,,,,,,,,,,,,
LBN_15052022_L1,Lebanon,LBN,2022.0,2022-05-15,Legislative,5.0,,5,4,1,2,14256.689711558829,3,7,0,,48.579933,,,,53.051502,37.819443,56.712963,59.0625,58.61111,50.239582,37.625,51.666664,57.5,54.166668,4.8,,4.0,2.0,4.4,1.6,4.0,2.0,,,,,21.666666,21.666666,,,,3.4,3.0,3.4,3.2,56.25,56.25,56.25,56.25,,4.0,2.0,4.0,2.0,2.8,31.666668,31.666668,31.666668,31.666668,,3.0,3.0,3.0,3.0,3.0,3.0,,,50.0,50.0,,,,3.0,3.0,3.0,3.2,3.0,3.0,3.2,2.8,,,,50.0,50.0,,,,2.75,2.8,3.2,2.4,2.8,3.5,,,,45.0,48.25,,,,4.0,2.3333333,2.0,4.0,2.0,3.25,2.75,3.75,2.25,60.0,40.416668,58.333332,38.88889,,3.25,2.75,3.3333333,2.6666667,3.3333333,3.75,2.6666667,4.25,1.5,,,,,,33.333332,55.90278,,,,3.5,4.0,4.0,2.3333333,3.6666667,2.6666667,3.3333333,63.333332,67.5,63.333332,67.5,,3.0,3.0,2.6666667,3.3333333,2.0,4.0,3.5,,62.5,61.458332,,,,3.25,3.3333333,3.0,3.75,,,50.0,58.333332,,,,9.25,,,5.25,3.0,3.25,6.0,5.25,,1.5,,,1.0,0.0,0.8,0.2,0.2,0.0,,,,,,,0.0,0.0,0.0,0.0,0.4,0.4,0.0,0.0,0.0,0.4,4.75,9.25,,,,,6.4,5.6,3.0,,,,,,,,,,,,,,,,,,,,,,,,,,,,,,,3.3333333,2.6666667,3.75,2.25,3.75,3.0,3.0,3.0,3.0,1.5,4.5,2.6666667,3.3333333,1.5,2.5,3.5,2.5,3.5
LSO_28022015_L1,Lesotho,LSO,2015.0,2015-02-28,Legislative,11.0,,2,3,2,2,2956.2219,1,1,0,,65.571144,,,,64.510765,57.52399,55.185184,64.375,80.95889,67.11884,57.585228,58.645836,64.375,82.57576,7.3,,1.6363636,4.3636365,2.0,4.0,1.8181819,4.181818,,,,,79.545456,79.545456,,,,4.0,3.909091,4.6363635,4.6363635,82.38636,82.38636,82.38636,82.38636,,2.25,3.75,1.875,4.125,3.7777777,69.44444,72.10648,69.44444,72.10648,,3.25,2.75,3.1111112,2.8888888,3.2,2.8,,,40.0,45.324074,,,,1.875,4.125,3.4,3.875,3.3,2.7,2.375,3.625,,,,66.0,63.625,,,,2.5,3.0,3.0,3.0,2.7777777,3.1666667,,,,37.5,47.22222,,,,3.8333333,3.0,2.0,3.375,2.625,3.3,2.7,,,65.0,45.791668,,,,2.0,4.0,2.125,3.875,4.4,4.4,3.2,2.375,1.0,,,,,,68.05556,67.708336,,,,4.3,3.8,4.3333335,1.8888888,4.111111,1.5,4.5,87.85714,80.22222,87.85714,80.22222,,1.9,4.1,2.2,3.8,1.3,4.7,3.875,,77.34375,77.96875,,,,4.2,4.2222223,4.0,4.3333335,,,80.55556,79.72222,,,,8.0,,,6.1,5.4,5.2,3.0,8.2,,,,,2.6,0.18181819,0.8181818,0.18181819,0.0,0.0,,,,,,,0.0,0.0,0.0,0.0,0.27272728,0.0,0.0,0.0,0.0,0.27272728,4.4,8.0,,5.2,7.9,9.8,,,,,,,,,,,,,,,,,,,,,,,,,,,,,,,,,,,,,,,,,,,,,,,,,,,
LSO_03062017_L1,Lesotho,LSO,2017.0,2017-06-03,Legislative,12.0,,3,3,1,2,3029.3354,1,1,0,,60.99872,68.02721,,,60.179432,54.37184,46.021824,60.984848,79.339226,61.17477,56.73611,46.75926,62.5,78.703705,7.25,,1.9166666,4.0833335,2.1666667,3.8333333,1.8333334,4.1666665,,,,,75.69444,75.69444,,,,3.6666667,3.5833333,4.2727275,4.25,72.72727,73.579544,72.72727,73.579544,,2.1,3.9,2.5,3.5,4.0,70.0,70.0,70.0,70.0,,3.7777777,2.2222223,3.0,3.0,2.875,3.125,,,46.875,44.560184,,,,1.6666666,4.3333335,3.25,3.4444444,3.1,2.9,2.3333333,3.6666667,,,,66.0,62.97222,,,,3.0,3.909091,2.090909,2.9,3.5833333,3.875,,,,49.375,52.246212,,,,2.875,2.625,1.625,3.1818182,2.8181818,4.0,2.0,2.9,3.1,34.375,34.715908,38.095238,37.679924,,3.0,3.0,2.8,3.2,3.8333333,4.3333335,2.857143,2.4444444,1.3333334,,,,,,71.875,56.951057,,,,4.0,3.75,4.2,1.4545455,4.5454545,1.4,4.6,82.5,80.47727,82.5,80.47727,,3.1818182,2.8181818,2.0,4.0,1.3,4.7,4.0,,74.10714,71.98864,,,,4.181818,4.0,3.6666667,4.181818,,,75.0,75.18939,,,,8.333333,,,5.9166665,4.75,4.9166665,2.5,7.3333335,,,,,2.8333333,0.16666667,0.9166667,0.16666667,0.33333334,0.16666667,,,,,,,0.0,0.0,0.0,0.0,0.33333334,0.6666667,0.0,0.0,0.0,0.41666666,4.3333335,8.75,,,,,7.8333335,5.75,3.8333333,,,,,3.909091,,,,,,34.083332,35.166668,11.583333,3.75,34.166668,34.166668,,,,,,,,,,,,,,,,,,,,,,,,,,,,,,,,
LSO_07102022_L1,Lesotho,LSO,2022.0,2022-10-07,Legislative,3.0,,3,3,1,2,2521.5306626548645,1,1,0,,,,,,71.0706,72.361115,55.6713,72.916664,83.333336,71.86632,72.1875,56.944447,75.0,83.333336,9.0,,1.0,5.0,1.0,5.0,2.0,4.0,,,,,91.666664,91.666664,,,,4.0,3.6666667,4.3333335,4.0,75.0,75.0,75.0,75.0,,1.6666666,4.3333335,1.6666666,4.3333335,4.0,80.55556,80.55556,80.55556,80.55556,,4.0,2.0,2.0,4.0,2.0,4.0,,,58.333332,58.333332,,,,1.3333334,4.6666665,4.3333335,4.0,2.0,4.0,2.0,4.0,,,,80.0,80.0,,,,4.0,3.0,3.0,4.0,4.3333335,,,,,,,,,,4.0,3.0,2.0,2.6666667,3.3333333,2.6666667,3.3333333,2.0,4.0,,53.333332,,56.944443,,1.6666666,4.3333335,1.6666666,4.3333335,3.6666667,4.3333335,1.5,2.6666667,1.3333334,,,,,,60.416664,61.805557,,,,4.0,3.6666667,4.3333335,1.3333334,4.6666665,1.3333334,4.6666665,81.666664,81.666664,81.666664,81.666664,,2.6666667,3.3333333,2.0,4.0,1.0,5.0,4.6666665,,84.375,81.25,,,,4.0,4.0,3.6666667,4.3333335,,,81.25,75.0,,,,9.333333,,,6.0,5.3333335,4.6666665,4.6666665,7.3333335,,1.6666666,,,1.0,0.33333334,1.0,0.0,0.33333334,0.6666667,,,,,,,0.0,0.0,0.0,0.0,0.33333334,0.6666667,0.0,0.0,0.0,0.33333334,4.0,9.0,,,,,9.333333,6.6666665,3.6666667,,,,,,,,,,,,,,,,,,,,,,,,,,,,,,,1.3333334,4.6666665,4.3333335,1.3333334,4.6666665,1.3333334,4.6666665,1.0,5.0,1.6666666,4.3333335,1.3333334,4.6666665,3.6666667,1.6666666,4.3333335,2.0,4.0
LBR_26122017_P2,Liberia,LBR,2017.0,2017-12-26,Presidential,3.0,,3,4,1,1,812.8867372,1,2,0,,49.234695,,,,56.041668,57.5,39.814816,62.5,64.35185,58.03241,58.402775,45.48611,62.5,65.74074,7.0,,1.6666666,4.3333335,1.6666666,4.3333335,2.0,4.0,,,,,80.55556,80.55556,,,,3.0,4.0,3.6666667,3.3333333,62.5,62.5,62.5,62.5,,2.0,4.0,2.0,4.0,4.0,75.0,75.0,75.0,75.0,,4.0,2.0,3.6666667,2.3333333,3.0,3.0,,,41.666664,36.11111,,,,2.0,4.0,3.3333333,4.0,2.5,3.5,2.3333333,3.6666667,,,,67.5,67.5,,,,3.3333333,3.3333333,2.6666667,2.6666667,2.6666667,3.5,,,,55.0,49.166668,,,,3.0,2.5,2.5,4.0,2.0,3.5,2.5,3.0,3.0,37.5,37.5,39.583336,39.583332,,2.6666667,3.3333333,3.5,2.5,3.3333333,4.0,3.6666667,2.0,2.0,,,,,,,53.47222,,,,4.0,2.6666667,3.6666667,2.0,4.0,2.0,4.0,66.666664,66.666664,66.666664,66.666664,,3.0,3.0,3.0,3.0,2.3333333,3.6666667,3.5,,50.0,57.291668,,,,3.3333333,4.0,3.6666667,3.6666667,,,66.666664,66.666664,,,,8.333333,,,5.0,5.3333335,5.3333335,5.3333335,6.0,,,,,3.0,0.33333334,1.0,0.33333334,0.0,0.6666667,,,,,,,0.0,0.0,0.0,0.0,0.6666667,0.0,0.0,0.33333334,0.0,0.33333334,3.6666667,6.0,,,,,7.6666665,6.6666665,5.6666665,,,,,4.0,,,,,,34.0,67.0,3.3333333,3.0,2.6666667,2.6666667,,,,,,,,,,,,,,,,,,,,,,,,,,,,,,,,
LBR_08122020_L1,Liberia,LBR,2020.0,2020-12-08,Legislative,2.0,,3,4,1,1,1468.245238917427,1,2,0,,59.94898,65.30612,,,63.94097,56.458336,41.319443,71.875,86.111115,63.94097,56.458336,41.319443,71.875,86.111115,7.5,,1.5,4.5,1.5,4.5,1.5,4.5,,,,,87.5,87.5,,,,4.0,3.0,4.5,4.5,75.0,75.0,75.0,75.0,,1.5,4.5,1.5,4.5,2.5,70.83333,70.83333,70.83333,70.83333,,3.5,2.5,3.5,2.5,2.5,3.5,,,45.833332,45.833332,,,,1.5,4.5,4.0,2.5,3.0,3.0,2.0,4.0,,,,65.0,65.0,,,,4.0,2.5,3.5,2.0,4.0,3.0,,,,45.0,57.5,,,,1.5,1.5,1.5,2.5,3.5,3.5,2.5,4.0,2.0,27.5,27.5,27.083332,27.083332,,3.0,3.0,2.5,3.5,4.0,4.0,1.5,2.5,1.5,,,,,,52.083332,52.083332,,,,4.0,4.0,4.0,1.0,5.0,1.0,5.0,85.0,85.0,85.0,85.0,,3.5,2.5,3.0,3.0,2.0,4.0,4.5,,62.5,62.5,,,,4.5,4.0,3.0,4.0,,,71.875,71.875,,,,9.0,,,6.0,6.5,6.5,6.5,7.0,,,,,2.5,1.0,0.5,0.0,0.5,0.0,,,,,,,0.0,0.0,0.0,0.0,0.5,0.0,0.0,0.5,0.0,0.5,8.0,7.5,,,,,7.5,7.0,7.0,,,,,,,,,,,,,,,,,,,,,,,,,,,,,,,,,,,,,,,,,,,,,,,,
LBR_14112023_P2,Liberia,LBR,2023.0,2023-11-14,Presidential,3.0,,2,4,1,1,1598.0,1,2,0,,56.760204,,57.39247,,58.755787,58.541668,49.86111,58.333332,68.28703,59.40683,59.80324,50.27778,57.407406,70.138885,6.0,,2.0,4.0,2.0,4.0,2.0,4.0,3.6666667,4.0,3.6666667,3.6666667,75.0,75.0,71.42857,71.42857,,3.3333333,3.0,3.6666667,4.3333335,64.583336,64.583336,64.583336,64.583336,,2.5,3.5,2.5,3.5,3.5,62.5,62.5,62.5,62.5,,4.0,2.0,3.0,3.0,3.0,3.0,3.6666667,2.3333333,41.666664,41.666668,40.625,39.583332,,1.6666666,4.3333335,3.3333333,3.3333333,2.3333333,3.6666667,2.0,4.0,3.0,2.6666667,3.3333333,68.333336,68.333336,64.28571,64.28571,,2.0,3.0,3.0,2.6666667,3.6666667,3.5,4.0,2.0,3.3333333,50.0,49.166668,50.0,47.02381,,2.0,2.0,2.0,3.0,3.0,2.5,3.5,3.3333333,2.6666667,40.0,37.5,45.833332,38.194443,,3.0,3.0,3.3333333,2.6666667,3.0,4.3333335,3.0,1.5,1.5,3.0,3.0,3.0,3.0,3.0,45.833336,47.916668,40.0,41.25,,4.0,4.0,4.0,1.6666666,4.3333335,1.6666666,4.3333335,78.333336,78.333336,78.333336,78.333336,,2.3333333,3.6666667,2.6666667,3.3333333,3.0,3.0,2.0,4.0,43.75,50.0,50.0,55.0,,4.0,4.0,2.6666667,4.0,2.0,4.0,66.666664,66.666664,65.0,68.333336,,8.0,,,4.6666665,5.3333335,5.0,6.0,6.0,,0.0,0.0,0.0,1.3333334,1.0,1.0,1.0,,,,,,,,,0.0,0.33333334,0.0,0.0,0.0,0.33333334,0.0,0.33333334,0.0,1.0,4.0,7.3333335,,,,,7.3333335,6.0,3.6666667,,,,,,,,,,,,,,,,,,,,,,,,,,,,,,,,,,,,,,,,,,,,,,,,
LTU_28102012_L2,Lithuania,LTU,2012.0,2012-10-28,Legislative,11.0,,1,1,2,3,24657.879,4,5,0,,73.34988,72.57653,,,76.66979,72.96524,76.76948,76.13636,80.80808,77.00836,73.4375,77.65151,76.13636,80.80808,,,2.1818182,3.8181818,1.5454545,4.4545455,1.0,5.0,,,,,85.606064,85.606064,,,,2.7272727,4.5454545,4.0,3.8181818,69.318184,69.318184,69.318184,69.318184,,1.7142857,4.285714,1.5714285,4.428571,4.428571,84.52381,84.5238,84.52381,84.5238,,2.0,4.0,1.7142857,4.285714,1.5,4.5,,,80.952385,81.547615,,,,1.3636364,4.6363635,4.6363635,4.7272725,2.4545455,3.5454545,1.4545455,4.5454545,,,,85.454544,85.454544,,,,3.1818182,2.090909,3.909091,3.8181818,3.090909,4.0,,,,62.77778,65.0,,,,3.5,3.3,2.8888888,2.7272727,3.2727273,2.8888888,3.1111112,,,51.875,55.363636,,,,1.5454545,4.4545455,4.0,2.0,4.4545455,4.5454545,4.4,4.7,1.1,,,,,,75.833336,77.31061,,,,4.3636365,4.3636365,4.0,1.2727273,4.7272725,1.5454545,4.4545455,83.5,84.545456,83.5,84.545456,,3.2727273,2.7272727,2.7272727,3.2727273,1.1818181,4.818182,4.4545455,,70.454544,70.454544,,,,3.909091,4.3636365,4.090909,3.1818182,,,72.15909,72.15909,,,,8.333333,,,6.3636365,6.090909,5.909091,7.6363635,7.090909,,,,,3.0,0.09090909,1.0,0.09090909,0.0,0.18181819,,,,,,,0.0,0.0,0.0,0.09090909,0.90909094,0.09090909,0.0,0.0,0.09090909,0.90909094,6.0,8.545455,,,,,,,,,,,,,,,,,,,,,,,,,,,,,,,,,,,,,,,,,,,,,,,,,,,,,,,
LTU_25052014_P2,Lithuania,LTU,2014.0,2014-05-25,Presidential,8.0,,1,1,2,3,28179.234,4,5,0,,81.23177,,,,83.48772,81.94196,89.0625,71.875,91.07143,84.6365,82.38281,90.364586,71.875,93.92361,9.0,,1.375,4.625,1.5,4.5,1.125,4.875,,,,,91.666664,91.666664,,,,4.5,4.625,4.625,4.875,91.40625,91.40625,91.40625,91.40625,,1.5,4.5,1.75,4.25,4.5,85.416664,85.416664,85.416664,85.416664,,2.1666667,3.8333333,1.8333334,4.1666665,1.3333334,4.6666665,,,80.55556,80.55556,,,,1.5,4.5,4.5,4.5,2.142857,3.857143,1.375,4.625,,,,83.57143,84.91071,,,,3.125,2.375,3.625,4.25,3.75,3.8333333,,,,61.666668,67.916664,,,,4.0,4.0,3.857143,1.75,4.25,2.0,4.0,,,75.71429,75.53571,,,,1.0,5.0,1.625,4.375,5.0,4.375,4.5,4.625,1.0,,,,,,92.361115,91.145836,,,,5.0,4.25,4.75,1.0,5.0,1.125,4.875,93.57143,94.375,93.57143,94.375,,1.4285715,4.571429,1.0,5.0,1.0,5.0,4.3333335,,91.666664,93.15476,,,,4.375,4.75,4.285714,4.25,,,83.92857,85.37946,,,,9.0,,,6.875,7.375,7.125,8.375,8.0,,,,,3.0,0.0,1.0,0.25,0.125,0.25,,,,,,,0.0,0.0,0.0,0.0,0.875,0.125,0.0,0.0,0.0,0.875,6.5,9.0,,3.375,8.0,8.5,,,,,,,,,,,,,,,,,,,,,,,,,,,,,,,,,,,,,,,,,,,,,,,,,,,
LTU_09102016_L1,Lithuania,LTU,2016.0,2016-10-09,Legislative,12.0,,1,1,2,4,29966.127,4,5,0,,77.42063,76.53061,,,82.16786,77.64836,82.05387,77.604164,91.36504,82.21499,77.41319,82.291664,77.604164,91.55093,8.5,,2.25,3.75,1.5833334,4.4166665,1.25,4.75,,,,,82.638885,82.638885,,,,3.6666667,4.6666665,4.4166665,4.8333335,84.895836,84.895836,84.895836,84.895836,,1.7272727,4.2727275,1.4545455,4.5454545,4.0,81.818184,81.818184,81.818184,81.818184,,1.7,4.3,1.6666666,4.3333335,1.5555556,4.4444447,,,86.458336,83.98148,,,,1.1666666,4.8333335,4.5833335,4.5454545,2.0,4.0,1.6363636,4.3636365,,,,87.5,86.628784,,,,3.5,2.0833333,3.9166667,4.0,3.6666667,4.0,,,,70.454544,70.416664,,,,3.25,3.6666667,3.1666667,1.75,4.25,2.75,3.25,2.0,4.0,62.916668,62.916668,64.93056,64.93056,,1.0833334,4.9166665,2.7272727,3.2727273,4.3333335,4.5,3.8333333,4.5833335,1.1818181,,,,,,82.19697,80.997475,,,,4.3333335,3.1666667,4.3333335,1.2222222,4.7777777,1.0833334,4.9166665,83.333336,82.638885,83.333336,82.638885,,1.9166666,4.0833335,1.25,4.75,1.1666666,4.8333335,4.4545455,,87.5,88.257576,,,,4.4166665,4.3333335,4.3333335,3.5833333,,,79.166664,79.166664,,,,8.666667,,,7.0,6.5833335,6.75,8.583333,8.333333,,,,,3.0,0.0,1.0,0.083333336,0.083333336,0.25,,,,,,,0.0,0.0,0.0,0.0,1.0,0.0,0.0,0.0,0.0,1.0,6.0833335,9.083333,,3.9166667,8.333333,8.5,,,,,4.0833335,1.0,1.0,4.1666665,4.1666665,10.583333,10.583333,18.416666,18.416666,,,,,,,,,,,,,,,,,,,,,,,,,,,,,,,,,,,,,,
LTU_26052019_P1,Lithuania,LTU,2019.0,2019-05-26,Presidential,8.0,,1,1,2,4,38540.78145423385,4,5,0,,73.561714,67.60204,,,83.78679,76.29464,88.40526,79.7991,90.64815,83.702255,77.21354,87.80382,78.90625,90.885414,8.5,,2.142857,3.857143,1.8571428,4.142857,1.2857143,4.714286,,,,,80.95238,80.95238,,,,4.0,4.25,4.5,4.75,84.375,84.375,84.375,84.375,,1.6,4.4,1.4,4.6,3.6,80.0,80.0,80.0,80.0,,1.5714285,4.428571,1.8571428,4.142857,1.2857143,4.714286,,,85.71429,85.71429,,,,1.375,4.625,4.875,4.625,2.1666667,3.8333333,1.5714285,4.428571,,,,85.0,86.934525,,,,3.875,1.8571428,4.142857,3.5,3.5,3.4,,,,64.0,67.08929,,,,3.75,3.5714285,3.5,2.142857,3.857143,2.75,3.25,1.5,4.5,65.0,64.64285,69.44444,68.452385,,1.1428572,4.857143,1.5714285,4.428571,4.5,4.375,4.125,4.714286,1.3333334,,,,,,84.72222,87.5,,,,4.125,4.625,4.625,1.1666666,4.8333335,1.25,4.75,94.166664,89.791664,94.166664,89.791664,,1.5,4.5,1.1428572,4.857143,1.1428572,4.857143,4.6,,90.625,92.58929,,,,3.625,4.5,4.0,3.875,,,73.958336,75.0,,,,8.875,,,6.875,7.375,6.25,8.25,7.875,,,,,1.0,0.0,1.0,0.0,0.0,0.125,,,,,,,0.0,0.0,0.0,0.0,1.0,0.0,0.0,0.0,0.0,1.0,5.0,8.875,,,,,10.0,5.375,1.375,,,,,,,,,,,,,,,1.75,1.75,2.25,2.25,4.0,1.875,1.875,3.2,1.5714285,1.5714285,3.7142856,3.5,2.625,2.625,2.1666667,2.1666667,,,,,,,,,,,,,,,,,,
LTU_25102020_L2,Lithuania,LTU,2020.0,2020-10-25,Legislative,13.0,,1,1,2,4,38880.5452693822,4,5,1,,76.333755,76.53062,,,83.64999,78.280495,89.11859,79.32692,87.87393,83.899574,78.97436,89.36966,79.32692,87.92735,8.923077,,2.1538463,3.8461537,1.6153846,4.3846154,1.8461539,4.1538463,,,,,78.205124,78.205124,,,,4.3076925,4.6153846,4.4615383,4.4615383,86.53846,86.53846,86.53846,86.53846,,2.0,4.0,1.6363636,4.3636365,3.3636363,72.72727,72.72727,72.72727,72.72727,,2.0833333,3.9166667,1.75,4.25,1.3,4.7,,,88.333336,82.22222,,,,1.2307693,4.769231,4.4615383,4.0,2.0,4.0,1.3846154,4.6153846,,,,83.181816,84.23077,,,,3.5384614,1.7692307,4.230769,3.7692308,3.7692308,3.125,,,,62.5,67.16346,,,,3.4615386,3.6666667,3.6363637,1.6153846,4.3846154,2.3,3.7,1.4615384,4.5384617,66.25,69.24592,69.791664,72.448524,,1.0,5.0,1.6,4.4,4.6153846,4.4615383,4.3333335,4.769231,1.3333334,,,,,,89.81481,89.91453,,,,4.5384617,4.4615383,4.5384617,1.1666666,4.8333335,1.25,4.75,90.0,90.60897,90.0,90.60897,,2.2222223,3.7777777,1.5555556,4.4444447,1.3636364,4.6363635,4.5,,82.8125,83.491165,,,,4.1538463,4.6153846,4.1666665,4.230769,,,81.25,82.291664,,,,9.230769,,,6.8333335,7.6153846,6.923077,8.916667,8.076923,,,,,1.0,0.07692308,0.9230769,0.07692308,0.15384616,0.0,,,,,,,0.15384616,0.0,0.0,0.0,0.84615386,0.0,0.0,0.07692308,0.07692308,0.9230769,5.0,9.384615,,,,,9.923077,5.8461537,2.3076923,,,,,,,,,,,,,,,,,,,,,,,,,,,,,,,,,,,,,,,,,,,,,,,,
LTU_26052024_P2,Lithuania,LTU,2024.0,2024-05-26,Presidential,2.0,,1,2,2,4,46740.0,4,5,0,,,,,,82.60417,83.333336,80.41667,70.833336,95.83333,84.72223,85.833336,82.916664,74.30556,95.83333,9.5,,1.0,5.0,1.0,5.0,1.0,5.0,5.0,4.0,5.0,5.0,100.0,100.0,96.42857,96.42857,,4.5,4.5,4.5,5.0,90.625,90.625,90.625,90.625,,1.0,5.0,1.0,5.0,5.0,100.0,100.0,100.0,100.0,,1.0,5.0,1.0,5.0,1.0,5.0,1.5,4.5,100.0,100.0,96.875,96.875,,1.0,5.0,4.5,4.5,3.0,3.0,1.0,5.0,5.0,1.0,5.0,80.0,85.0,85.71429,89.28571,,4.0,1.5,4.5,4.5,4.0,3.0,4.0,2.0,3.5,70.0,75.0,60.714287,66.07143,,4.5,4.0,3.0,2.5,3.5,2.5,3.5,1.5,4.5,67.5,67.5,70.833336,70.833336,,1.0,5.0,1.0,5.0,5.0,4.5,4.0,4.0,1.0,4.0,2.0,3.0,1.0,5.0,89.583336,89.583336,62.5,68.75,,5.0,4.5,5.0,1.0,5.0,1.0,5.0,97.5,97.5,97.5,97.5,,1.0,5.0,1.0,5.0,1.0,5.0,,5.0,,,,,,5.0,5.0,4.5,4.5,1.0,5.0,93.75,93.75,95.0,95.0,,8.5,1.0,,6.0,6.5,5.5,9.5,9.0,,0.0,0.0,0.0,1.0,,1.0,1.0,,1.0,6.0,2.5,0.5,5.0,1.0,4.5,0.0,0.0,0.0,0.0,0.5,0.5,0.0,0.0,0.0,1.0,8.0,7.5,,1.0,4.5,1.0,,,,,,,,,,,,,,,,,,,,,,,,,,,,,,,,,,,,,,,,,,,,,,,,,,,
LUX_14102018_L1,Luxembourg,LUX,2018.0,2018-10-14,Legislative,6.0,,1,1,2,4,94277.96875,4,6,1,,73.92857,,,,78.2853,74.09028,86.38889,73.958336,78.703705,78.41145,71.28472,84.83796,73.958336,83.56481,8.5,,2.8333333,3.1666667,1.8,4.2,2.0,4.0,,,,,73.333336,69.72222,,,,4.5,4.3333335,4.6666665,4.8333335,89.583336,89.583336,89.583336,89.583336,,2.6,3.4,2.0,4.0,4.4,73.333336,73.333336,73.333336,73.333336,,1.25,4.75,1.4,4.6,1.5,4.5,,,91.666664,90.416664,,,,1.3333334,4.6666665,3.5,2.25,2.0,4.0,1.4,4.6,,,,63.333332,70.083336,,,,3.5,2.3333333,3.6666667,3.5,3.3333333,2.0,,,,77.5,55.0,,,,3.6666667,3.6666667,3.8333333,1.0,5.0,2.0,4.0,1.4,4.6,88.75,75.833336,89.583336,78.19444,,1.0,5.0,1.25,4.75,3.8333333,4.3333335,2.75,4.6,1.3333334,,,,,,75.0,80.27778,,,,4.6666665,4.8333335,4.5,1.25,4.75,1.25,4.75,93.75,92.5,93.75,92.5,,2.8,3.2,1.5,4.5,1.2,4.8,3.0,,68.75,71.875,,,,4.6666665,4.5,4.3333335,4.6666665,,,88.541664,88.541664,,,,9.0,,,6.6666665,7.0,7.5,7.0,8.5,,,,,3.0,0.5,0.6666667,0.33333334,0.0,0.0,,,,,,,0.0,0.0,0.0,0.0,0.16666667,0.8333333,0.0,0.0,0.0,0.33333334,4.8333335,9.0,,,,,8.5,7.0,5.3333335,,,,,,,,,,,,,,,2.0,2.0,2.0,2.0,3.4,2.6666667,2.6666667,3.2,2.0,2.0,3.3333333,3.6666667,3.1666667,3.1666667,2.6,2.6,,,,,,,,,,,,,,,,,,
LUX_08102023_L1,Luxembourg,LUX,2023.0,2023-10-08,Legislative,4.0,,1,1,2,4,137059.0,4,6,1,,67.54535,63.77551,68.07796,62.5,67.890625,64.826385,62.03125,69.44444,75.260414,68.25738,65.42535,61.25,69.44444,76.90972,8.5,,2.75,3.25,3.0,3.0,2.0,4.0,4.75,4.3333335,2.5,3.25,60.416664,60.416664,55.95238,64.583336,,4.25,4.25,4.25,4.25,81.25,81.25,81.25,81.25,,3.3333333,2.6666667,3.3333333,2.6666667,2.6666667,41.666668,41.666668,41.666668,41.666668,,2.5,3.5,2.0,4.0,2.5,3.5,4.0,2.0,66.666664,66.666664,56.25,56.25,,1.25,4.75,4.75,2.75,3.25,2.75,1.25,4.75,3.0,1.75,4.25,73.75,73.75,71.42857,71.42857,,4.0,2.75,3.25,3.75,3.75,2.0,2.5,3.5,3.5,70.0,58.75,69.64285,59.821426,,3.5,2.75,3.0,2.25,3.75,2.75,3.25,1.5,4.5,56.25,56.25,61.458336,61.458336,,1.25,4.75,1.6666666,4.3333335,3.75,4.25,4.5,4.5,1.5,3.75,2.25,2.75,1.6666666,4.3333335,85.41667,83.68056,63.75,63.541668,,4.25,4.25,4.25,2.0,4.0,1.6666666,4.3333335,81.666664,80.416664,81.666664,80.416664,,2.0,4.0,2.0,4.0,1.5,4.5,3.0,3.75,56.25,71.875,55.0,71.25,,4.25,3.75,3.75,4.25,1.5,4.5,75.0,75.0,77.5,77.5,,8.25,,,8.25,7.25,7.75,7.0,8.75,,0.0,0.0,0.0,1.75,1.0,1.0,1.0,,,,,,,,,0.0,0.0,0.0,0.0,0.25,0.75,0.0,0.0,0.0,1.0,4.75,8.5,,,,,6.25,5.75,4.25,,,,,,,,,,,,,,,,,,,,,,,,,,,,,,,,,,,,,,,,,,,,,,,,
MDG_20122013_P2,Madagascar,MDG,2013.0,2013-12-20,Presidential,16.0,,5,4,1,1,1411.918,1,1,0,,35.79159,34.183674,,,40.331676,32.66144,27.439236,49.739582,51.486443,41.6097,33.6263,28.90625,51.5625,52.34375,4.1875,,3.8666666,2.1333334,3.8,2.2,3.1333334,2.8666666,,,,,32.692307,35.0,,,,2.8,2.5,2.6923077,2.6,40.865383,41.201923,40.865383,41.201923,,3.7272727,2.2727273,4.0,2.0,2.6666667,34.166668,32.828285,34.166668,32.828285,,4.733333,1.2666667,4.357143,1.6428572,4.0,2.0,,,14.814815,15.912698,,,,3.625,2.375,3.8125,3.4615386,3.4375,2.5625,3.6,2.4,,,,46.923077,48.057693,,,,2.625,4.0,2.0,2.375,2.8125,3.8666666,,,,39.23077,43.395832,,,,1.5384616,1.5833334,1.5714285,4.0,2.0,3.6,2.4,,,23.75,20.466118,,,,3.0714285,2.9285715,3.9333334,2.0666666,3.4375,3.6666667,2.1666667,1.6666666,1.3571428,,,,,,40.151516,41.38641,,,,2.7333333,3.0,3.1333334,2.125,3.875,2.1875,3.8125,56.53846,57.770832,56.53846,57.770832,,4.3333335,1.6666666,3.2857144,2.7142856,2.3076923,3.6923077,3.0714285,,46.022728,44.654305,,,,2.6666667,3.2,2.8333333,2.9375,,,43.75,47.734375,,,,7.733333,,,2.4375,2.25,2.1875,2.625,3.625,,,,,2.7142856,0.0625,0.9375,0.1875,0.125,0.0625,,,,,,,0.0,0.0,0.0625,0.1875,0.1875,0.5625,0.0625,0.0625,0.0625,0.5625,4.5625,9.0,,4.625,5.25,6.625,,,,,,,,,,,,,,,,,,,,,,,,,,,,,,,,,,,,,,,,,,,,,,,,,,,
MDG_19122018_P2,Madagascar,MDG,2018.0,2018-12-19,Presidential,2.0,,3,4,1,1,1416.439453125,1,1,0,,54.081635,54.081635,,,44.87847,53.124996,22.222221,37.5,66.66667,36.40625,45.625,27.083332,31.25,41.666668,5.0,,4.5,1.5,3.0,3.0,3.5,2.5,,,,,33.333332,33.333332,,,,4.0,4.0,3.0,2.5,59.375,59.375,59.375,59.375,,1.0,5.0,1.0,5.0,3.0,83.333336,83.333336,83.333336,83.333336,,4.5,1.5,4.5,1.5,5.0,1.0,,,0.0,8.333333,,,,2.0,4.0,4.5,4.5,2.0,4.0,4.5,1.5,,,,75.0,67.5,,,,2.0,2.0,4.0,4.0,3.0,4.0,,,,65.0,60.0,,,,4.0,4.0,1.0,4.5,1.5,3.5,2.5,4.0,2.0,50.0,40.0,50.0,37.5,,2.0,4.0,4.0,2.0,4.0,2.0,1.0,1.0,1.0,,,,,,33.333332,33.333332,,,,4.0,4.0,2.5,2.0,4.0,2.0,4.0,75.0,67.5,75.0,67.5,,4.5,1.5,4.5,1.5,3.0,3.0,5.0,,31.25,43.75,,,,2.5,3.0,2.5,4.0,,,68.75,50.0,,,,8.0,,,5.0,2.0,1.5,2.5,4.0,,,,,3.0,0.0,1.0,0.0,0.0,0.0,,,,,,,0.0,0.0,0.0,0.0,0.0,1.0,0.0,0.0,0.0,0.5,3.0,9.5,,,,,9.5,3.5,1.0,,,,,,,,,,,,,,,2.0,2.0,2.0,2.0,3.0,4.5,4.5,4.0,1.0,1.0,1.0,2.5,3.5,3.5,3.5,3.5,,,,,,,,,,,,,,,,,,
MDG_27052019_L1,Madagascar,MDG,2019.0,2019-05-27,Legislative,4.0,,3,3,1,1,1686.8420638057892,1,1,0,,47.321426,48.469387,,,41.23264,39.583332,30.729166,39.0625,55.555557,40.93967,38.411457,30.729166,39.0625,55.555557,5.5,,3.25,2.75,3.0,3.0,2.75,3.25,,,,,50.0,50.0,,,,2.75,2.25,2.0,3.25,39.0625,39.0625,39.0625,39.0625,,2.0,4.0,2.0,4.0,2.0,58.333332,58.333332,58.333332,58.333332,,4.0,2.0,4.0,2.0,4.5,1.5,,,20.833332,20.833332,,,,3.0,3.0,3.75,3.3333333,4.0,2.0,2.75,3.25,,,,55.0,51.666668,,,,2.75,4.5,1.5,1.75,2.5,3.5,,,,35.0,35.0,,,,1.5,2.0,2.0,4.25,1.75,4.5,1.5,3.5,2.5,17.5,18.75,22.916668,21.875,,2.75,3.25,3.5,2.5,4.0,3.0,1.75,1.5,1.5,,,,,,41.666664,41.666664,,,,3.0,2.0,3.25,1.75,4.25,1.75,4.25,58.75,58.75,58.75,58.75,,4.25,1.75,3.5,2.5,2.0,4.0,2.75,,43.75,43.75,,,,2.0,3.5,2.5,2.25,,,39.0625,39.0625,,,,9.0,,,5.25,4.0,4.75,4.5,3.75,,,,,1.5,0.25,0.75,0.0,0.0,0.0,,,,,,,0.0,0.0,0.0,0.0,0.25,0.5,0.0,0.25,0.0,0.75,5.5,8.0,,,,,7.5,5.5,3.5,,,,,,,,,,,,,,,3.75,3.75,2.25,2.25,3.0,3.0,3.0,3.5,2.25,2.25,3.5,2.75,4.75,4.75,4.25,4.25,,,,,,,,,,,,,,,,,,
MDG_16112023_P1,Madagascar,MDG,2023.0,2023-11-16,Presidential,3.0,,3,4,1,1,1665.0,1,1,0,,19.897959,19.897959,23.857527,22.580645,18.877316,17.777779,22.083332,20.37037,15.277778,18.998844,17.430555,22.916666,20.37037,15.277778,2.0,,5.0,1.0,5.0,1.0,4.0,2.0,1.3333334,1.0,1.3333334,2.0,8.333333,8.333333,9.523809,9.523809,,2.0,2.5,1.5,2.0,21.875,25.0,21.875,25.0,,1.5,4.5,3.5,2.5,1.5,45.833332,45.833332,45.833332,45.833332,,3.6666667,2.3333333,4.3333335,1.6666666,4.0,2.0,4.0,2.0,25.0,25.0,25.0,25.0,,4.3333335,1.6666666,2.3333333,2.6666667,3.6666667,2.3333333,4.6666665,1.3333334,3.0,5.0,1.0,26.666666,26.666666,26.190475,26.190475,,2.6666667,4.6666665,1.3333334,1.3333334,2.3333333,4.0,3.6666667,2.3333333,1.0,33.333332,33.333332,28.571428,28.571428,,1.0,2.0,1.0,4.6666665,1.3333334,5.0,1.0,5.0,1.0,2.5,6.6666665,2.0833333,5.5555553,,4.3333335,1.6666666,4.3333335,1.6666666,3.3333333,2.3333333,1.5,1.3333334,1.3333334,3.3333333,2.6666667,2.0,3.0,3.0,20.833334,24.305555,23.75,23.75,,2.3333333,2.0,1.0,3.0,3.0,3.6666667,2.3333333,28.333334,28.333334,28.333334,28.333334,,5.0,1.0,3.6666667,2.3333333,2.6666667,3.3333333,1.3333334,1.3333334,25.0,25.0,21.666666,21.666666,,1.5,2.6666667,1.0,1.6666666,2.0,4.0,15.625,17.708334,30.0,29.166666,,9.0,,,1.6666666,1.6666666,2.0,2.3333333,2.0,,0.0,,0.0,1.6666666,1.0,1.0,1.0,1.0,1.0,,,,,,,0.0,0.0,0.33333334,0.0,0.0,0.33333334,0.0,0.33333334,0.0,1.0,3.3333333,10.0,,,,,2.0,2.6666667,2.0,,,,,,,,,,,,,,,,,,,,,,,,,,,,,,,,,,,,,,,,,,,,,,,,
MDG_29052024_L1,Madagascar,MDG,2024.0,2024-05-29,Legislative,4.0,,3,4,1,1,1643.0,1,1,0,,29.081633,29.84694,31.149195,33.064518,34.110245,29.027779,31.805555,38.88889,36.71875,35.63802,29.913197,36.25,38.88889,37.5,3.0,,4.0,2.0,4.25,1.75,3.5,2.5,1.75,1.5,2.25,3.5,27.083334,27.083334,29.464285,29.464285,,1.75,2.25,2.25,3.0,32.8125,32.8125,32.8125,32.8125,,3.0,3.0,3.25,2.75,2.5,43.75,43.75,43.75,43.75,,4.5,1.5,4.25,1.75,3.75,2.25,4.25,1.75,20.833332,20.833332,20.3125,20.3125,,3.25,2.75,3.5,3.3333333,4.3333335,1.6666666,3.5,2.5,2.0,3.5,2.5,45.0,43.75,41.666664,40.17857,,2.0,4.5,1.5,1.5,2.0,4.5,3.75,2.25,3.0,32.5,32.5,34.82143,34.82143,,1.25,1.5,1.5,4.5,1.5,4.75,1.25,4.25,1.75,10.0,10.0,11.458334,11.458334,,3.6666667,2.3333333,4.5,1.5,3.5,2.75,2.0,1.0,1.0,3.6666667,2.3333333,2.6666667,4.0,2.0,20.833332,29.513887,18.75,25.208332,,2.5,1.5,1.6666666,2.0,4.0,2.25,3.75,36.666668,42.083332,36.666668,42.083332,,4.75,1.25,4.0,2.0,3.25,2.75,2.0,2.25,20.833334,25.0,25.0,26.25,,1.5,2.75,2.0,1.75,2.25,3.75,22.916666,25.0,31.666666,33.75,,8.25,2.0,,3.25,3.0,3.0,3.25,3.25,,0.0,0.0,0.0,1.0,,1.0,,,,6.0,3.75,0.25,5.0,1.0,4.0,0.0,0.0,0.0,0.0,0.75,0.25,0.0,0.0,0.0,1.0,4.75,8.25,,3.0,3.0,2.0,,,,,,,,,,,,,,,,,,,,,,,,,,,,,,,,,,,,,,,,,,,,,,,,,,,
MWI_20052014_P1,Malawi,MWI,2014.0,2014-05-20,Presidential,15.0,,3,4,1,1,1148.5883,1,1,0,,49.15871,58.163265,,,50.865448,48.486206,32.142094,55.244965,67.588524,53.00058,49.20139,38.958332,56.25,67.59259,5.0666666,,2.6666667,3.3333333,2.2666667,3.7333333,1.6666666,4.3333335,,,,,70.0,70.0,,,,1.6,3.857143,3.142857,3.5333333,51.785713,50.833332,51.785713,50.833332,,2.5454545,3.4545455,2.1818182,3.8181818,3.7272727,66.666664,66.666664,66.666664,66.666664,,3.8333333,2.1666667,3.8461537,2.1538463,3.5555556,2.4444444,,,29.166666,31.374643,,,,1.9333333,4.0666666,3.6666667,4.2,2.6,3.4,2.6,3.4,,,,68.666664,68.666664,,,,3.357143,4.3846154,1.6153846,2.3846154,3.2,4.071429,,,,47.083332,48.142857,,,,1.5,1.3333334,1.1538461,3.7692308,2.2307692,3.8666666,2.1333334,,,17.222221,16.75641,,,,2.1538463,3.8461537,3.6923077,2.3076923,3.4,3.9333334,2.9,1.125,1.2222222,,,,,,56.25,47.967415,,,,2.2857144,1.5333333,2.6153846,1.5384616,4.4615383,1.7142857,4.285714,53.18182,50.908424,53.18182,50.908424,,4.133333,1.8666667,3.0,3.0,3.1538463,2.8461537,3.4615386,,47.159092,44.839745,,,,3.3333333,3.6666667,3.6,2.2,,,55.0,55.0,,,,9.2,,,7.8,4.8,4.6,8.2,5.6,,,,,2.8461537,0.06666667,0.8666667,0.06666667,0.13333334,0.0,,,,,,,0.0,0.0,0.0,0.0,0.33333334,0.46666667,0.2,0.2,0.2,0.53333336,4.3333335,8.8,,4.266667,8.4,8.0,,,,,,,,,,,,,,,,,,,,,,,,,,,,,,,,,,,,,,,,,,,,,,,,,,,
MWI_21052019_P1,Malawi,MWI,2019.0,2019-05-21,Presidential,4.0,,3,3,1,1,1602.0155902243607,1,1,0,,39.484127,41.836735,,,47.838543,35.451385,27.199074,62.5,66.203705,50.551216,37.447914,39.0625,62.5,63.194447,3.75,,2.5,3.5,3.5,2.5,2.0,4.0,,,,,58.333336,58.333336,,,,1.75,3.5,2.0,2.25,34.375,34.375,34.375,34.375,,4.5,1.5,3.0,3.0,2.6666667,33.333332,34.72222,33.333332,34.72222,,3.0,3.0,2.5,3.5,3.5,2.5,,,50.0,50.0,,,,1.5,4.5,2.75,3.0,2.3333333,3.6666667,4.3333335,1.6666666,,,,56.666668,52.916668,,,,3.75,3.75,2.25,2.0,3.5,4.5,,,,55.0,55.0,,,,1.3333334,1.3333334,1.0,4.0,2.0,5.0,1.0,4.3333335,1.6666666,5.0,8.333334,4.1666665,9.722222,,4.5,1.5,4.25,1.75,3.5,4.0,4.5,1.0,1.0,,,,,,50.0,42.708336,,,,2.25,2.25,1.5,1.6666666,4.3333335,2.0,4.0,46.666668,46.666668,46.666668,46.666668,,5.0,1.0,5.0,1.0,4.75,1.25,5.0,,26.5625,26.5625,,,,1.5,3.0,2.75,1.25,,,28.125,28.125,,,,9.0,,,8.5,5.75,5.25,8.75,4.5,,,,,1.5,0.25,1.0,0.25,0.25,0.5,,,,,,,0.0,0.0,0.0,0.5,0.25,0.5,0.0,0.0,0.0,0.25,4.5,6.25,,,,,10.0,5.25,1.75,,,,,,,,,,,,,,,3.5,3.5,3.6666667,3.6666667,3.0,2.6666667,2.6666667,3.25,3.0,3.0,2.6666667,2.3333333,4.0,4.0,5.0,5.0,,,,,,,,,,,,,,,,,,
MWI_23062020_P1,Malawi,MWI,2020.0,2020-06-23,Presidential,7.0,,3,3,1,1,1591.4755910704673,1,1,0,,48.809525,48.809525,,,54.594494,43.725197,32.599205,60.625,81.428566,58.89385,49.315475,40.92262,61.458332,81.94444,7.6666665,,3.2857144,2.7142856,2.4285715,3.5714285,1.7142857,4.285714,,,,,63.095238,63.095238,,,,4.142857,4.285714,4.285714,4.571429,83.03571,83.03571,83.03571,83.03571,,3.75,2.25,3.0,3.0,2.0,35.416668,35.416668,35.416668,35.416668,,3.4285715,2.5714285,2.857143,3.142857,3.2857144,2.7142856,,,45.238094,45.238094,,,,1.4,4.6,3.3333333,3.0,2.2,3.8,3.0,3.0,,,,62.5,63.666668,,,,2.8333333,3.8,2.2,1.8333334,3.0,4.1666665,,,,44.0,45.166668,,,,1.4,1.4,1.0,3.0,3.0,4.8333335,1.1666666,3.8333333,2.1666667,12.5,14.833333,13.541666,17.222221,,3.1666667,2.8333333,3.6,2.4,3.6666667,4.3333335,3.4,1.25,1.0,,,,,,51.041664,49.51389,,,,3.6666667,4.0,4.4,1.8,4.2,1.6,4.4,78.0,78.333336,78.0,78.333336,,3.8333333,2.1666667,2.5,3.5,1.6666666,4.3333335,4.0,,60.0,62.5,,,,4.4,4.0,4.0,4.3333335,,,81.25,79.583336,,,,8.833333,,,8.5,4.1666665,4.1666665,8.0,5.8333335,,,,,1.0,0.2857143,0.71428573,0.0,0.0,0.0,,,,,,,0.0,0.0,0.0,0.0,0.14285715,0.5714286,0.2857143,0.0,0.0,0.42857143,4.1666665,8.0,,,,,9.0,6.0,3.1666667,,,,,,,,,,,,,,,,,,,,,,,,,,,,,,,,,,,,,,,,,,,,,,,,
MYS_05052013_L1,Malaysia,MYS,2013.0,2013-05-05,Legislative,17.0,,4,4,1,3,24034.0,3,3,0,,33.11923,30.038265,,,39.56118,27.490808,51.21017,38.97059,40.57315,39.500614,27.365196,51.22549,38.97059,40.441177,3.5333333,,4.1875,1.8125,4.7647057,1.2352941,4.2352943,1.7647059,,,,,13.541666,15.104166,,,,2.5882354,3.5,2.2941177,2.5294118,42.578125,43.19853,42.578125,43.19853,,4.882353,1.117647,4.5882354,1.4117647,1.6470588,9.803922,9.803922,9.803922,9.803922,,4.0625,1.9375,4.2941175,1.7058823,4.117647,1.882353,,,19.270834,21.047794,,,,2.25,3.75,3.1176472,3.1875,4.0,2.0,3.5882354,2.4117646,,,,45.0,47.33456,,,,1.0588236,4.9411764,1.0588236,1.1764706,1.5294118,4.647059,,,,22.352942,22.352942,,,,1.625,1.9375,1.5294118,3.5294118,2.4705882,4.4117646,1.5882353,,,20.0,20.753677,,,,3.0625,2.9375,4.1875,1.8125,3.9375,4.0588236,3.75,3.9375,1.4545455,,,,,,57.291668,60.14093,,,,2.8666666,3.0,2.9333334,3.9230769,2.0769231,3.5625,2.4375,40.416668,41.572117,40.416668,41.572117,,4.529412,1.4705882,4.352941,1.6470588,1.5882353,4.4117646,3.1875,,42.1875,41.980698,,,,2.0588236,3.0588236,1.9411764,1.875,,,28.90625,30.836397,,,,8.933333,,,4.7058825,3.6470587,4.352941,4.8235292,2.6470587,,,,,2.8333333,0.05882353,0.9411765,0.11764706,0.0,0.05882353,,,,,,,0.0,0.0,0.0,0.0,0.47058824,0.5294118,0.05882353,0.0,0.05882353,0.5882353,4.5625,8.117647,,4.133333,6.2,7.0,,,,,,,,,,,,,,,,,,,,,,,,,,,,,,,,,,,,,,,,,,,,,,,,,,,
MYS_09052018_L1,Malaysia,MYS,2018.0,2018-05-09,Legislative,13.0,,4,4,1,3,26808.1640625,3,3,0,,32.313164,36.904762,,,36.18877,22.458235,44.60648,34.134617,43.555748,35.66306,22.620192,44.444447,34.134617,41.45299,3.8461537,,4.230769,1.7692307,4.923077,1.0769231,4.076923,1.9230769,,,,,14.743589,14.743589,,,,2.4615386,3.8461537,2.2307692,2.8461537,46.153847,46.153847,46.153847,46.153847,,4.6153846,1.3846154,4.25,1.75,1.3076923,12.5,12.019231,12.5,12.019231,,4.0,2.0,4.0,2.0,3.8461537,2.1538463,,,26.282051,26.282051,,,,4.25,1.75,3.25,3.0,3.7692308,2.2307692,3.6153846,2.3846154,,,,39.090908,38.076923,,,,1.1538461,4.6153846,1.3846154,1.3076923,1.7692307,4.5384617,,,,25.76923,25.76923,,,,1.4166666,1.3846154,1.3636364,3.6153846,2.3846154,4.4615383,1.5384616,4.0,2.0,15.5,15.439977,17.5,17.033314,,2.3333333,3.6666667,4.0833335,1.9166666,3.6923077,3.4615386,3.3,3.0769231,1.3,,,,,,56.944447,54.642094,,,,3.1538463,1.6923077,2.6923077,4.3636365,1.6363636,4.25,1.75,30.454546,29.624126,30.454546,29.624126,,3.3076923,2.6923077,2.3333333,3.6666667,1.3076923,4.6923075,3.6363637,,68.125,66.79778,,,,1.2307693,3.3076923,1.8461539,1.6153846,,,25.0,25.0,,,,9.230769,,,4.923077,4.0,4.5384617,6.0,2.3846154,,,,,2.9166667,0.23076923,0.84615386,0.0,0.0,0.0,,,,,,,0.0,0.0,0.0,0.0,0.3846154,0.61538464,0.0,0.0,0.0,0.53846157,4.25,8.307693,,,,,7.4615383,4.8461537,2.7692308,,,,,,,,,,,,,,,3.0833333,3.0833333,3.5833333,3.5833333,3.0769231,2.6666667,2.6666667,3.7692308,2.625,2.625,2.5384614,1.7692307,3.5833333,3.5833333,3.4615386,3.4615386,,,,,,,,,,,,,,,,,,
MYS_19112022_L1,Malaysia,MYS,2022.0,2022-11-19,Legislative,7.0,,4,4,1,3,28929.47419955338,3,3,0,,58.095238,63.010204,,,57.97288,42.023808,66.05159,50.892857,72.92328,57.593006,42.276787,67.1627,50.892857,70.03968,7.714286,,2.2857144,3.7142856,2.5714285,3.4285715,2.2857144,3.7142856,,,,,65.47619,65.47619,,,,4.0,4.428571,3.857143,4.428571,79.46429,79.46429,79.46429,79.46429,,4.0,2.0,3.2857144,2.7142856,2.0,30.952381,30.952381,30.952381,30.952381,,1.4,4.6,2.0,4.0,1.8,4.2,,,81.666664,81.666664,,,,2.3333333,3.6666667,3.857143,4.285714,4.1666665,1.8333334,3.142857,2.857143,,,,54.0,57.5,,,,2.4285715,4.0,2.0,2.4285715,2.2857144,4.5,,,,41.666668,43.214287,,,,1.8333334,2.142857,1.5714285,3.4285715,2.5714285,4.3333335,1.6666666,4.2,1.8,26.0,23.928572,26.041666,23.27381,,1.5,4.5,2.4,3.6,4.428571,3.857143,4.3333335,3.2857144,2.0,,,,,,75.833336,75.019844,,,,4.428571,4.285714,4.571429,2.8333333,3.1666667,2.2,3.8,80.0,76.2619,80.0,76.2619,,2.5714285,3.4285715,1.8333334,4.1666665,1.4285715,4.571429,4.0,,77.5,76.041664,,,,3.142857,3.7142856,3.0,3.5714285,,,58.92857,58.92857,,,,9.428572,,,8.285714,7.0,6.142857,7.0,6.142857,,1.1428572,,,1.0,0.2857143,0.85714287,0.14285715,0.0,0.0,,,,,,,0.0,0.0,0.14285715,0.42857143,0.5714286,0.2857143,0.0,0.0,0.0,0.5714286,5.285714,9.571428,,,,,8.571428,6.428571,5.0,,,,,,,,,,,,,,,,,,,,,,,,,,,,,,,2.1666667,3.8333333,4.0,2.8333333,3.1666667,3.5,2.5,2.5,3.5,1.5,4.5,2.5,3.5,4.1666665,2.0,4.0,2.0,4.0
MDV_16112013_P2,Maldives,MDV,2013.0,2013-11-16,Presidential,5.0,,4,4,1,3,11853.99,3,4,0,,54.336735,,,,56.092014,48.291664,59.86111,60.9375,55.27778,56.057293,50.895832,54.166668,60.0,59.166664,5.8,,3.0,3.0,2.4,3.6,2.4,3.6,,,,,66.666664,60.0,,,,3.4,3.8,3.4,3.6,63.75,63.75,63.75,63.75,,2.3333333,3.6666667,2.3333333,3.6666667,3.3333333,63.88889,63.88889,63.88889,63.88889,,3.6666667,2.3333333,3.0,3.0,3.0,3.0,,,50.0,44.444443,,,,2.0,4.0,3.0,3.5,2.5,3.5,2.8,3.2,,,,40.0,61.0,,,,2.6,3.25,2.75,2.8,3.5,3.0,,,,48.75,48.25,,,,3.2,2.4,1.0,3.8,2.2,4.4,1.6,,,25.0,27.0,,,,3.0,3.0,3.0,3.0,3.4,4.2,4.0,4.0,1.5,,,,,,91.666664,65.0,,,,3.4,4.25,3.8,2.25,3.75,2.25,3.75,81.666664,69.75,81.666664,69.75,,2.25,3.75,2.5,3.5,1.8,4.2,2.6666667,,62.5,63.229164,,,,2.8,3.5,2.6,3.0,,,57.8125,49.375,,,,8.0,,,3.4,4.4,4.4,3.2,5.2,,,,,2.75,0.2,0.4,0.6,0.0,0.2,,,,,,,0.0,0.0,0.0,0.4,0.2,0.6,0.0,0.0,0.0,0.2,4.2,8.4,,2.4,6.2,6.0,,,,,,,,,,,,,,,,,,,,,,,,,,,,,,,,,,,,,,,,,,,,,,,,,,,
MDV_22032014_L1,Maldives,MDV,2014.0,2014-03-22,Legislative,5.0,,4,4,1,3,12534.71,3,4,0,,57.961308,57.142857,,,61.814236,49.583336,55.416668,72.8125,69.44444,63.11111,50.5,58.75,73.75,69.44444,6.6,,2.8,3.2,3.0,3.0,2.0,4.0,,,,,60.0,60.0,,,,4.0,4.2,3.75,4.0,73.4375,74.6875,73.4375,74.6875,,3.2,2.8,3.2,2.8,3.0,46.666668,46.666668,46.666668,46.666668,,3.5,2.5,3.0,3.0,2.75,3.25,,,47.916664,47.916668,,,,2.4,3.6,4.2,2.3333333,3.4,2.6,3.0,3.0,,,,45.0,53.666664,,,,3.2,2.75,3.25,3.25,3.0,4.0,,,,56.25,58.5,,,,3.6,3.4,2.75,3.8,2.2,3.2,2.8,,,46.25,48.75,,,,3.25,2.75,3.25,2.75,3.6,4.6,2.5,4.0,2.0,,,,,,62.5,59.166664,,,,4.0,3.6,3.8,3.0,3.0,2.8,3.2,63.0,63.0,63.0,63.0,,2.4,3.6,2.0,4.0,1.6,4.4,4.2,,76.25,76.25,,,,3.0,3.4,3.2,3.4,,,56.25,56.25,,,,8.333333,,,4.4,4.8,6.0,5.2,5.6,,,,,3.0,0.2,0.4,0.8,0.0,0.2,,,,,,,0.0,0.2,0.0,0.2,0.0,0.6,0.2,0.2,0.2,0.2,5.0,9.25,,3.0,5.4,5.8,,,,,,,,,,,,,,,,,,,,,,,,,,,,,,,,,,,,,,,,,,,,,,,,,,,
MDV_23092018_P1,Maldives,MDV,2018.0,2018-09-23,Presidential,12.0,,5,5,1,3,15183.6162109375,3,4,0,,38.519634,37.2449,,,46.61253,23.886993,51.89394,50.0,60.669193,46.933594,23.527199,53.096066,50.0,61.11111,5.1666665,,3.9166667,2.0833333,4.1666665,1.8333334,3.5833333,2.4166667,,,,,27.777777,27.777777,,,,3.0833333,3.5,2.75,3.3636363,52.840908,54.35606,52.840908,54.35606,,2.6666667,3.3333333,2.8333333,3.1666667,3.3333333,56.944443,56.944443,56.944443,56.944443,,3.909091,2.090909,2.6363637,3.3636363,3.2222223,2.7777777,,,43.518517,43.60269,,,,4.25,1.75,1.9166666,2.75,4.0,2.0,4.3333335,1.6666666,,,,20.0,25.416666,,,,2.4166667,3.5833333,2.4166667,2.0833333,2.8333333,4.0833335,,,,44.166668,44.166668,,,,2.1818182,2.090909,1.3,4.6,1.4,4.8333335,1.1666666,4.6363635,1.3636364,12.777778,15.69697,12.037037,14.59596,,3.0,3.0,3.5,2.5,3.0,3.5833333,3.6363637,3.9166667,1.3,,,,,,54.6875,56.81818,,,,4.0,4.25,4.090909,4.1666665,1.8333334,2.5,3.5,63.18182,63.371212,63.18182,63.371212,,4.5833335,1.4166666,4.1666665,1.8333334,1.4545455,4.5454545,4.25,,50.56818,50.284092,,,,2.0833333,3.4545455,2.6666667,3.1666667,,,44.886364,46.070076,,,,9.166667,,,2.5833333,2.4166667,3.25,4.1666665,3.75,,,,,2.8333333,0.33333334,0.5833333,0.9166667,0.33333334,0.25,,,,,,,0.0,0.0,0.0,0.6666667,0.33333334,0.41666666,0.083333336,0.083333336,0.0,0.5833333,3.0,9.333333,,,,,8.416667,5.25,2.0833333,,,,,,,,,,,,,,,3.25,3.25,4.25,4.25,3.4545455,3.1666667,3.1666667,3.1666667,1.7777778,1.7777778,3.0,2.0833333,3.5,3.5,3.5833333,3.5833333,,,,,,,,,,,,,,,,,,
MDV_06042019_L1,Maldives,MDV,2019.0,2019-04-06,Legislative,2.0,,4,5,1,3,20333.924151887204,3,4,0,,,,,,55.416668,41.45833,51.73611,56.25,72.22222,56.788193,42.083336,50.34722,62.5,72.22222,6.0,,3.0,3.0,3.0,3.0,2.5,3.5,,,,,54.166664,54.166664,,,,4.5,4.0,4.0,4.5,81.25,81.25,81.25,81.25,,3.0,3.0,3.0,3.0,3.5,54.166664,54.166664,54.166664,54.166664,,3.5,2.5,3.0,3.0,2.5,3.5,,,50.0,50.0,,,,3.5,2.5,3.5,3.0,3.5,2.5,4.5,1.5,,,,20.0,40.0,,,,3.0,4.0,2.0,3.0,3.0,4.0,,,,35.0,50.0,,,,3.5,3.0,3.0,4.0,2.0,4.0,2.0,3.0,3.0,42.5,42.5,37.5,43.75,,4.0,2.0,4.0,2.0,4.0,4.0,,3.5,,,,,,,,,,,,4.0,4.0,3.5,3.0,3.0,3.0,3.0,62.5,62.5,62.5,62.5,,4.0,2.0,2.0,4.0,2.5,3.5,4.0,,59.375,59.375,,,,3.5,3.5,3.5,3.5,,,62.5,62.5,,,,8.0,,,4.0,7.5,6.5,4.5,5.5,,,,,1.0,0.5,0.5,0.0,0.0,0.0,,,,,,,0.0,0.0,0.0,0.0,0.0,1.0,0.0,0.0,0.0,0.0,3.5,8.5,,,,,6.0,4.5,3.0,,,,,,,,,,,,,,,2.5,2.5,3.0,3.0,3.5,3.0,3.0,3.5,2.5,2.5,4.0,3.5,3.0,3.0,4.0,4.0,,,,,,,,,,,,,,,,,,
MDV_30092023_P2,Maldives,MDV,2023.0,2023-09-30,Presidential,2.0,,4,5,1,3,21394.0,3,4,0,,71.42857,,67.741936,,67.34375,54.652775,77.91667,63.88889,72.91667,66.91406,51.996525,78.85417,63.88889,72.91667,7.0,,4.0,2.0,3.5,2.5,2.0,4.0,4.0,2.0,4.5,4.5,33.333332,45.833332,57.142857,58.928574,,4.5,4.0,4.5,4.5,84.375,84.375,84.375,84.375,,2.0,4.0,2.0,4.0,5.0,83.333336,83.333336,83.333336,83.333336,,2.0,4.0,2.0,4.0,2.0,4.0,2.0,4.0,75.0,75.0,75.0,75.0,,2.5,3.5,2.5,4.0,2.0,4.0,2.5,3.5,3.5,3.0,3.0,75.0,62.5,78.57143,60.714287,,2.0,3.0,3.0,3.0,2.5,3.0,3.0,3.0,3.5,30.0,42.5,32.142857,46.428574,,3.0,4.0,3.0,3.5,2.5,4.5,1.5,3.0,3.0,45.0,45.0,45.833332,45.833332,,1.5,4.5,1.5,4.5,4.0,4.5,4.0,4.0,,2.0,4.0,4.0,2.0,4.0,83.333336,81.25,,68.75,,4.5,4.5,4.5,1.5,4.5,1.5,4.5,87.5,87.5,87.5,87.5,,2.0,4.0,2.0,4.0,2.0,4.0,4.0,4.0,75.0,75.0,75.0,75.0,,3.5,4.0,3.0,4.5,2.0,4.0,68.75,68.75,70.0,70.0,,8.0,,,3.0,5.0,4.5,4.5,7.0,,0.0,0.0,0.0,1.0,1.0,,1.0,,1.0,,,,,,,0.0,0.0,0.0,0.5,0.5,0.5,0.5,0.0,0.0,1.0,4.0,8.0,,,,,8.5,6.5,5.0,,,,,,,,,,,,,,,,,,,,,,,,,,,,,,,,,,,,,,,,,,,,,,,,
MDV_21042024_L1,Maldives,MDV,2024.0,2024-04-21,Legislative,3.0,,4,5,1,3,22287.0,3,4,0,,48.97959,46.42857,57.45968,48.79032,56.215275,47.87037,66.111115,50.0,60.87963,56.89815,48.287037,67.5,50.925926,60.87963,8.0,,2.3333333,3.6666667,3.0,3.0,2.0,4.0,3.3333333,3.0,4.3333335,4.3333335,63.88889,63.88889,64.28571,66.66667,,3.6666667,4.0,3.6666667,3.6666667,68.75,68.75,68.75,68.75,,3.6666667,2.3333333,3.6666667,2.3333333,3.0,38.88889,38.88889,38.88889,38.88889,,2.3333333,3.6666667,2.6666667,3.3333333,2.3333333,3.6666667,2.6666667,3.3333333,63.88889,63.88889,62.5,62.5,,2.3333333,3.6666667,3.3333333,3.0,3.3333333,2.6666667,3.6666667,2.3333333,3.3333333,2.0,4.0,40.0,50.0,46.42857,54.761906,,2.6666667,4.0,2.0,3.0,2.6666667,2.6666667,3.6666667,2.3333333,3.0,32.5,40.0,33.928574,40.476192,,3.3333333,3.0,2.6666667,4.0,2.0,4.0,2.0,4.0,2.0,40.0,40.0,41.666664,37.5,,4.0,2.0,2.5,3.5,4.0,3.6666667,4.0,4.0,2.3333333,2.3333333,3.6666667,3.6666667,2.3333333,3.6666667,58.333332,63.194443,47.5,55.416668,,4.0,4.0,3.6666667,2.0,4.0,2.0,4.0,73.333336,73.333336,73.333336,73.333336,,2.6666667,3.3333333,2.6666667,3.3333333,2.0,4.0,3.0,3.3333333,60.416668,60.416668,60.0,60.0,,3.6666667,4.0,3.0,3.3333333,2.3333333,3.6666667,62.5,62.5,63.333332,63.333332,,8.666667,1.0,,5.6666665,6.0,6.3333335,5.6666665,7.0,,,,,1.6666666,1.0,1.0,1.0,,,5.0,4.6666665,0.0,5.0,,0.33333334,0.0,0.0,0.0,0.0,0.0,1.0,0.0,0.0,0.0,,4.3333335,9.333333,,8.0,7.3333335,6.0,,,,,,,,,,,,,,,,,,,,,,,,,,,,,,,,,,,,,,,,,,,,,,,,,,,
MLI_11082013_P2,Mali,MLI,2013.0,2013-08-11,Presidential,11.0,,5,4,1,1,1856.2673,1,2,0,,51.86332,51.70068,,,52.990154,47.730114,42.253788,62.215908,59.760803,53.408302,47.566288,41.57197,63.636364,60.858585,5.6363635,,2.7,3.3,2.2,3.8,2.5,3.5,,,,,63.333332,63.333332,,,,3.3636363,3.2,3.8,3.6,62.5,62.272728,62.5,62.272728,,2.8888888,3.1111112,2.875,3.125,2.7,50.0,49.46759,50.0,49.46759,,4.4,1.6,4.0,2.0,3.2,2.8,,,33.333332,28.333332,,,,2.4444444,3.5555556,3.090909,2.8181818,3.5555556,2.4444444,2.5555556,3.4444444,,,,53.333332,51.767677,,,,3.1,2.6,3.4,2.7777777,3.090909,3.2857144,,,,56.666668,53.272007,,,,2.7,2.6666667,1.8,3.3,2.7,3.125,2.875,,,36.0,38.708332,,,,3.0,3.0,3.6666667,2.3333333,3.1818182,3.7272727,2.8333333,3.0,1.5714285,,,,,,61.458332,50.315655,,,,3.4,4.0,3.75,2.0,4.0,2.1111112,3.8888888,71.0,70.19444,71.0,70.19444,,2.2727273,3.7272727,2.1818182,3.8181818,1.8181819,4.181818,2.875,,67.1875,66.264206,,,,3.6666667,3.2727273,3.2,3.7,,,64.0625,61.496212,,,,7.7,,,3.8181818,4.181818,4.2727275,2.6363637,5.7272725,,,,,3.0,0.0,0.8181818,0.09090909,0.09090909,0.0,,,,,,,0.0,0.0,0.0,0.0,0.09090909,0.8181818,0.09090909,0.09090909,0.09090909,0.09090909,3.8,7.909091,,5.0,7.181818,6.3636365,,,,,,,,,,,,,,,,,,,,,,,,,,,,,,,,,,,,,,,,,,,,,,,,,,,
MLI_12082018_P2,Mali,MLI,2018.0,2018-08-12,Presidential,3.0,,5,4,1,1,2014.305908203125,1,2,0,,27.040817,27.040817,,,38.640045,27.36111,35.069443,37.5,54.62963,38.773148,30.555555,28.703703,37.5,58.333336,2.6666667,,3.3333333,2.6666667,4.0,2.0,3.3333333,2.6666667,,,,,36.11111,36.11111,,,,1.3333334,3.3333333,2.3333333,3.3333333,39.583332,39.583332,39.583332,39.583332,,5.0,1.0,5.0,1.0,1.0,0.0,0.0,0.0,0.0,,5.0,1.0,5.0,1.0,5.0,1.0,,,0.0,0.0,,,,2.3333333,3.6666667,3.6666667,3.6666667,3.3333333,2.6666667,4.5,1.5,,,,50.0,50.833332,,,,1.6666666,4.3333335,1.6666666,1.6666666,3.6666667,4.0,,,,38.333332,38.333332,,,,2.3333333,2.3333333,1.3333334,5.0,1.0,4.3333335,1.6666666,4.6666665,1.3333334,18.333334,18.333334,16.666666,16.666666,,4.3333335,1.6666666,5.0,1.0,2.0,3.3333333,1.5,4.5,1.0,,,,,,35.416664,33.333332,,,,1.6666666,1.6666666,3.0,4.0,2.0,4.0,2.0,27.5,26.666666,27.5,26.666666,,5.0,1.0,4.3333335,1.6666666,2.3333333,3.6666667,4.0,,37.5,39.583332,,,,1.6666666,3.0,2.6666667,2.0,,,33.333332,33.333332,,,,5.6666665,,,1.6666666,1.6666666,2.0,1.6666666,1.6666666,,,,,3.0,0.0,1.0,0.0,0.0,0.0,,,,,,,0.0,0.33333334,0.0,0.0,0.0,1.0,0.0,0.0,0.0,0.33333334,5.3333335,8.333333,,,,,7.3333335,3.6666667,1.3333334,,,,,,,,,,,,,,,4.5,4.5,3.0,3.0,3.6666667,4.0,4.0,4.3333335,1.5,1.5,1.0,1.6666666,5.0,5.0,4.5,4.5,,,,,,,,,,,,,,,,,,
MLI_29032020_L1,Mali,MLI,2020.0,2020-03-29,Legislative,2.0,,6,5,0,1,2347.796674409679,1,2,0,,29.591837,29.591837,,,38.020836,22.916668,32.291668,46.875,50.0,38.967014,21.145834,37.84722,46.875,50.0,4.0,,3.0,3.0,3.0,3.0,2.0,4.0,,,,,58.333336,58.333336,,,,1.0,1.5,1.5,3.5,21.875,21.875,21.875,21.875,,2.0,4.0,2.0,4.0,2.0,58.333332,58.333332,58.333332,58.333332,,5.0,1.0,5.0,1.0,2.0,4.0,,,25.0,25.0,,,,4.0,2.0,2.0,1.0,4.0,2.0,5.0,1.0,,,,10.0,15.0,,,,1.5,4.0,2.0,1.5,1.5,3.5,,,,25.0,25.0,,,,1.0,1.0,1.0,4.0,2.0,4.5,1.5,3.5,2.5,7.5,7.5,12.5,12.5,,5.0,1.0,5.0,1.0,4.0,4.0,1.5,3.5,1.5,,,,,,33.333332,37.5,,,,3.0,1.0,1.5,2.0,4.0,2.0,4.0,42.5,42.5,42.5,42.5,,4.5,1.5,3.5,2.5,3.5,2.5,2.5,,31.25,31.25,,,,2.0,2.5,1.0,1.5,,,18.75,18.75,,,,9.0,,,4.0,2.5,5.0,2.0,3.5,,,,,2.0,0.5,0.5,0.0,0.5,0.0,,,,,,,0.0,0.0,0.0,0.5,0.0,0.0,0.0,0.5,0.0,0.0,3.0,9.0,,,,,7.5,5.5,3.0,,,,,,,,,,,,,,,,,,,,,,,,,,,,,,,,,,,,,,,,,,,,,,,,
MLT_09032013_L1,Malta,MLT,2013.0,2013-03-09,Legislative,10.0,,1,1,2,4,31240.143,4,6,0,,64.3033,68.70748,,,65.50672,55.09871,72.96875,54.583332,79.37611,65.8316,55.270832,73.333336,54.375,80.34722,8.4,,4.2,1.8,2.125,3.875,2.1111112,3.8888888,,,,,55.208332,54.699074,,,,4.2,4.4,4.6666665,4.5,86.111115,86.041664,86.111115,86.041664,,3.25,2.75,2.625,3.375,3.0,51.041668,51.041668,51.041668,51.041668,,2.6666667,3.3333333,2.3333333,3.6666667,2.5,3.5,,,64.583336,62.5,,,,1.5,4.5,3.3,3.375,3.0,3.0,1.4444444,4.5555553,,,,69.375,68.65278,,,,2.2222223,3.8888888,2.1111112,3.5,3.0,3.0,,,,47.142857,44.166668,,,,2.0,2.7142856,1.6666666,2.7,3.3,3.875,2.125,,,29.0,34.029762,,,,1.5,4.5,1.75,4.25,4.4,4.2,4.125,3.5,1.3333334,,,,,,80.55556,79.0625,,,,4.5555553,4.6,4.6,1.25,4.75,1.2857143,4.714286,93.75,91.099205,93.75,91.099205,,2.4444444,3.5555556,1.4,4.6,1.3,4.7,3.5,,70.0,77.22222,,,,4.1,4.111111,4.111111,4.1,,,77.083336,77.638885,,,,9.2,,,5.9,5.8,5.6,6.0,7.5,,,,,2.7142856,0.3,0.9,0.3,0.0,0.0,,,,,,,0.1,0.0,0.1,0.1,0.6,0.3,0.0,0.0,0.0,0.8,4.4444447,8.6,,4.0,6.9,7.5,,,,,,,,,,,,,,,,,,,,,,,,,,,,,,,,,,,,,,,,,,,,,,,,,,,
MLT_03062017_L1,Malta,MLT,2017.0,2017-06-03,Legislative,10.0,,1,1,2,4,37899.211,4,6,0,,61.744057,60.459183,,,65.28048,49.532406,73.5108,53.26389,84.81481,65.513885,50.25,73.40278,54.375,84.02778,7.7,,4.0,2.0,3.2222223,2.7777777,2.2222223,3.7777777,,,,,45.37037,46.296295,,,,4.5,4.4,4.4,4.1,83.75,83.75,83.75,83.75,,3.0,3.0,3.25,2.75,3.2222223,48.958332,49.76852,48.958332,49.76852,,1.8,4.2,2.2,3.8,2.6,3.4,,,70.0,70.0,,,,1.7,4.3,3.8,3.6666667,3.6,2.4,2.1,3.9,,,,66.666664,65.333336,,,,2.5,3.7777777,2.2222223,2.4,2.7,3.142857,,,,34.166668,39.825397,,,,2.1111112,2.2,2.8,3.125,2.875,3.8888888,2.1111112,3.0,3.0,32.857143,35.48611,34.52381,37.905094,,1.5,4.5,2.1111112,3.8888888,4.4,3.9,4.5,3.8,1.5714285,,,,,,78.24074,79.12037,,,,4.6,4.3,4.3,1.3333334,4.6666665,1.4,4.6,88.333336,87.333336,88.333336,87.333336,,2.1,3.9,1.75,4.25,1.4444444,4.5555553,4.5555553,,80.35714,82.88194,,,,4.111111,3.9,4.3,4.2,,,76.388885,78.19444,,,,9.3,,,6.7,5.8,6.6,5.8,7.1,,,,,3.0,0.1,0.8,0.0,0.0,0.0,,,,,,,0.0,0.1,0.0,0.0,0.6,0.3,0.0,0.0,0.0,1.0,4.3,8.9,,,,,8.3,5.7,2.9,,,,,4.4,,,,,,31.7,14.0,3.3,3.0,12.6,12.6,,,,,,,,,,,,,,,,,,,,,,,,,,,,,,,,
MLT_26032022_L1,Malta,MLT,2022.0,2022-03-26,Legislative,8.0,,2,1,2,4,48581.45093650949,4,6,0,,58.059143,65.81633,,,56.1107,45.664684,65.414185,38.28125,75.08267,56.430122,44.817707,66.579865,38.28125,76.041664,7.375,,4.0,2.0,3.625,2.375,2.625,3.375,,,,,39.583332,39.583332,,,,4.5,4.75,4.375,4.25,86.71875,86.71875,86.71875,86.71875,,3.0,3.0,3.0,3.0,3.142857,52.77778,51.190475,52.77778,51.190475,,2.5,3.5,2.5,3.5,2.857143,3.142857,,,55.95238,59.52381,,,,1.5714285,4.428571,3.75,2.625,3.4285715,2.5714285,2.0,4.0,,,,62.142857,61.875,,,,2.25,4.375,1.625,2.75,2.5,3.2857144,,,,39.285713,37.05357,,,,2.3333333,2.2857144,1.75,3.625,2.375,4.571429,1.4285715,3.4285715,2.5714285,27.0,25.863094,29.166666,28.100199,,1.375,4.625,2.142857,3.857143,3.875,3.125,4.285714,3.375,1.7142857,,,,,,72.22222,71.42857,,,,4.5,4.375,4.375,2.1666667,3.8333333,1.625,4.375,83.333336,82.291664,83.333336,82.291664,,2.125,3.875,1.4285715,4.571429,1.375,4.625,3.8333333,,76.25,80.65476,,,,3.5,3.875,3.5714285,3.75,,,66.07143,66.85268,,,,9.25,,,5.875,4.5,4.25,4.875,6.75,,1.0,,,1.0,0.5,1.0,0.375,0.25,0.25,,,,,,,0.0,0.0,0.0,0.0,0.875,0.125,0.0,0.0,0.0,1.0,5.0,9.375,,,,,8.875,5.375,1.625,,,,,,,,,,,,,,,,,,,,,,,,,,,,,,,1.7142857,4.285714,3.857143,2.5714285,3.4285715,2.0,4.0,3.8333333,2.1666667,1.8,4.2,2.0,4.0,3.5714285,1.5714285,4.428571,1.5714285,4.428571
MRT_21122013_L2,Mauritania,MRT,2013.0,2013-12-21,Legislative,2.0,,6,5,0,1,3689.845,1,2,0,,,,,,37.777775,30.624998,40.625,43.75,36.11111,44.6875,31.875,53.125,43.75,50.0,4.5,,3.0,3.0,3.5,2.5,2.5,3.5,,,,,50.0,50.0,,,,3.5,3.5,3.0,3.0,56.25,56.25,56.25,56.25,,3.5,2.5,4.0,2.0,1.0,8.333333,20.833332,8.333333,20.833332,,4.0,2.0,4.0,2.0,4.0,2.0,,,25.0,25.0,,,,3.0,3.0,2.5,3.0,3.5,2.5,4.0,2.0,,,,40.0,40.0,,,,2.5,3.5,2.5,2.0,3.0,4.0,,,,40.0,45.0,,,,2.0,2.0,1.0,4.0,2.0,4.0,2.0,,,20.0,20.0,,,,3.0,3.0,4.0,2.0,3.5,3.0,,,1.5,,,,,,,,,,,3.0,2.5,2.0,4.0,2.0,4.0,2.0,30.0,32.5,30.0,32.5,,5.0,1.0,2.0,4.0,2.0,4.0,2.0,,43.75,43.75,,,,3.0,4.0,3.0,3.0,,,56.25,56.25,,,,7.0,,,3.5,3.5,6.0,3.0,5.0,,,,,3.0,0.5,0.5,0.0,0.0,0.0,,,,,,,0.0,0.0,0.0,0.0,0.0,1.0,0.0,0.0,0.0,0.0,4.5,8.5,,6.0,8.0,8.5,,,,,,,,,,,,,,,,,,,,,,,,,,,,,,,,,,,,,,,,,,,,,,,,,,,
MRT_21062014_P1,Mauritania,MRT,2014.0,2014-06-21,Presidential,3.0,,6,5,0,1,3850.571,1,2,0,,67.85714,,,,44.7338,46.52778,43.75,47.916668,40.74074,48.943867,46.006943,54.86111,54.166668,40.74074,4.3333335,,2.6666667,3.3333333,2.6666667,3.3333333,3.3333333,2.6666667,,,,,52.77778,52.77778,,,,2.3333333,2.6666667,3.0,2.0,37.5,37.5,37.5,37.5,,1.0,5.0,1.0,5.0,4.0,91.666664,91.666664,91.666664,91.666664,,4.6666665,1.3333334,4.3333335,1.6666666,3.0,3.0,,,25.0,25.0,,,,3.3333333,2.6666667,3.0,2.6666667,3.3333333,2.6666667,2.5,3.5,,,,57.5,47.5,,,,3.0,3.3333333,2.6666667,3.0,3.0,3.6666667,,,,51.666668,51.666668,,,,3.5,2.0,1.5,4.5,1.5,3.6666667,2.3333333,,,10.0,29.166666,,,,2.3333333,3.6666667,5.0,1.0,2.6666667,3.0,2.0,4.0,1.3333334,,,,,,29.166666,43.055557,,,,3.3333333,3.0,2.5,2.0,4.0,3.0,3.0,47.5,54.166668,47.5,54.166668,,4.6666665,1.3333334,4.5,1.5,1.5,4.5,2.6666667,,43.75,37.5,,,,2.6666667,3.5,2.6666667,3.0,,,53.125,48.958332,,,,8.333333,,,4.6666665,3.6666667,6.0,4.6666665,4.3333335,,,,,3.0,0.6666667,0.33333334,0.0,0.0,0.0,,,,,,,0.0,0.0,0.0,0.0,0.33333334,0.6666667,0.0,0.0,0.0,0.6666667,5.3333335,8.666667,,3.3333333,9.666667,5.3333335,,,,,,,,,,,,,,,,,,,,,,,,,,,,,,,,,,,,,,,,,,,,,,,,,,,
MRT_15092018_L2,Mauritania,MRT,2018.0,2018-09-15,Legislative,2.0,,6,5,0,2,3597.632568359375,1,2,0,,,,,,26.41927,22.34375,23.61111,25.0,34.72222,26.636284,23.90625,22.916666,25.0,34.72222,3.0,,4.5,1.5,4.5,1.5,3.5,2.5,,,,,20.833334,20.833334,,,,2.5,2.5,1.5,2.0,28.125,28.125,28.125,28.125,,,,,,,,,,,,4.5,1.5,4.5,1.5,4.0,2.0,,,25.0,16.666666,,,,3.5,2.5,4.0,1.5,4.0,2.0,3.5,2.5,,,,37.5,37.5,,,,2.5,4.5,1.5,1.5,3.0,4.0,,,,55.0,37.5,,,,1.0,1.0,1.0,4.0,2.0,5.0,1.0,4.5,1.5,5.0,5.0,4.1666665,6.25,,4.0,2.0,4.0,2.0,1.5,2.0,1.5,2.5,1.0,,,,,,33.333332,22.916666,,,,1.0,2.0,2.0,3.5,2.5,3.5,2.5,5.0,25.0,5.0,25.0,,4.5,1.5,3.5,2.5,2.0,4.0,3.0,,43.75,43.75,,,,1.0,2.5,1.5,3.5,,,28.125,28.125,,,,7.5,,,2.5,3.0,3.0,2.5,3.5,,,,,3.0,0.0,1.0,0.0,0.0,0.0,,,,,,,0.0,0.0,0.0,0.0,0.0,1.0,0.0,0.0,0.0,0.5,4.5,8.0,,,,,6.5,4.0,3.0,,,,,,,,,,,,,,,2.5,2.5,2.0,2.0,2.0,3.0,3.0,3.5,4.0,4.0,2.0,2.0,4.5,4.5,3.0,3.0,,,,,,,,,,,,,,,,,,
MUS_10122014_L1,Mauritius,MUS,2014.0,2014-12-10,Legislative,10.0,,1,2,1,3,19230.658,1,1,0,,62.970436,67.34694,,,56.54897,51.890873,54.505623,55.0,64.799385,61.28385,49.822914,58.854164,55.0,81.458336,8.5,,3.4,2.6,2.1,3.9,1.8,4.2,,,,,64.166664,64.166664,,,,4.6,4.6,4.6,4.6,90.0,90.0,90.0,90.0,,3.0,3.0,2.142857,3.857143,2.5714285,53.57143,53.57143,53.57143,53.57143,,2.4285715,3.5714285,1.7777778,4.2222223,2.1111112,3.8888888,,,72.22222,72.3545,,,,1.5,4.5,3.2,3.6,4.6,1.4,1.5555556,4.4444447,,,,61.666668,60.72222,,,,2.8,4.6,1.4,3.3,3.2,3.7142856,,,,47.142857,47.071426,,,,4.0,2.5,1.5,3.3,2.7,4.0,2.0,,,40.0,38.5,,,,2.3333333,3.6666667,1.875,4.125,4.5,4.3,4.0,1.5714285,1.5,,,,,,70.0,67.34623,,,,4.6666665,4.2,4.6,1.5555556,4.4444447,1.6666666,4.3333335,85.833336,86.22222,85.833336,86.22222,,1.6666666,4.3333335,1.7142857,4.285714,1.6666666,4.3333335,2.0,,62.5,68.45238,,,,4.5,4.3,3.75,4.2,,,83.92857,79.6875,,,,8.666667,,,7.7,6.7,7.1,6.6,8.2,,,,,3.0,0.2,0.9,0.1,0.1,0.2,,,,,,,0.0,0.0,0.0,0.1,0.8,0.1,0.1,0.0,0.1,0.9,4.2,8.8,,4.7,8.1,8.7,,,,,,,,,,,,,,,,,,,,,,,,,,,,,,,,,,,,,,,,,,,,,,,,,,,
MUS_07112019_L1,Mauritius,MUS,2019.0,2019-11-07,Legislative,4.0,,1,2,2,3,23834.965001621676,1,1,0,,50.085033,,,,50.789932,42.916664,38.078705,51.5625,70.60185,50.809464,42.21354,38.62847,51.5625,70.833336,5.0,,3.25,2.75,2.75,3.25,1.5,4.5,,,,,62.5,62.5,,,,2.25,3.5,3.0,3.25,50.0,50.0,50.0,50.0,,3.5,2.5,3.5,2.5,2.5,37.5,37.5,37.5,37.5,,4.5,1.5,3.5,2.5,3.0,3.0,,,38.88889,33.333332,,,,2.3333333,3.6666667,2.5,4.0,4.75,1.25,2.5,3.5,,,,53.333332,49.583332,,,,3.25,5.0,1.0,3.75,3.5,3.75,,,,51.25,51.25,,,,1.5,2.0,1.25,3.0,3.0,3.5,2.5,3.75,2.25,35.0,26.25,31.25,27.083332,,1.6666666,4.3333335,3.25,2.75,4.5,4.0,4.0,1.3333334,1.3333334,,,,,,66.666664,62.15278,,,,4.3333335,3.25,3.75,1.75,4.25,2.3333333,3.6666667,77.5,71.25,77.5,71.25,,5.0,1.0,3.3333333,2.6666667,1.3333334,4.6666665,4.5,,56.25,55.208332,,,,3.5,4.25,3.25,3.75,,,67.1875,67.1875,,,,8.75,,,8.0,3.0,3.0,4.25,6.75,,,,,1.0,0.0,1.0,0.0,0.0,0.0,,,,,,,0.0,0.0,0.0,0.0,0.75,0.25,0.0,0.0,0.0,1.0,4.75,7.5,,,,,6.75,5.25,3.75,,,,,,,,,,,,,,,3.0,3.0,3.75,3.75,2.75,3.0,3.0,3.75,1.3333334,1.3333334,3.0,3.0,4.0,4.0,3.75,3.75,,,,,,,,,,,,,,,,,,
MUS_10112024_L1,Mauritius,MUS,2024.0,2024-11-10,Legislative,3.0,,2,2,2,3,26590.0,1,1,0,,,,,,69.61806,53.055557,74.72222,60.18519,90.50926,68.57639,53.055557,74.72222,60.18519,86.34259,9.333333,,3.0,3.0,1.6666666,4.3333335,1.0,5.0,4.3333335,3.5,5.0,5.0,77.77778,77.77778,80.35715,82.7381,,4.6666665,4.3333335,5.0,5.0,93.75,93.75,93.75,93.75,,3.0,3.0,2.0,4.0,3.3333333,61.11111,61.11111,61.11111,61.11111,,3.3333333,2.6666667,1.6666666,4.3333335,1.6666666,4.3333335,1.6666666,4.3333335,69.44444,69.44444,72.916664,72.916664,,1.0,5.0,2.3333333,4.3333335,5.0,1.0,1.3333334,4.6666665,4.6666665,1.6666666,4.3333335,61.666668,61.666668,69.047615,69.047615,,4.0,5.0,1.0,4.0,4.0,4.3333335,3.3333333,2.6666667,3.0,61.666668,61.666668,57.142857,57.142857,,,1.6666666,1.0,4.0,2.0,4.3333335,1.6666666,3.0,3.0,,,,,,1.0,5.0,1.0,5.0,4.6666665,4.6666665,4.6666665,1.0,1.0,1.3333334,4.6666665,3.3333333,2.3333333,3.6666667,79.166664,79.166664,66.666664,66.666664,,4.3333335,2.3333333,4.6666665,1.3333334,4.6666665,1.0,5.0,85.0,80.0,85.0,80.0,,1.3333334,4.6666665,1.0,5.0,1.0,5.0,,5.0,,,,,,4.6666665,4.0,4.0,4.3333335,2.5,3.5,81.25,81.25,80.0,77.5,,9.666667,1.0,,8.333333,7.3333335,7.6666665,,8.0,,0.0,0.0,0.0,1.6666666,1.0,1.0,,1.0,1.0,5.0,3.3333333,0.6666667,5.0,1.0,4.6666665,0.0,0.0,0.0,0.0,1.0,0.0,0.0,0.0,0.0,1.0,4.0,9.0,,6.0,8.333333,6.3333335,,,,,,,,,,,,,,,,,,,,,,,,,,,,,,,,,,,,,,,,,,,,,,,,,,,
MEX_01072012_P1,Mexico,MEX,2012.0,2012-07-01,Presidential,14.0,,3,3,1,3,16457.096,2,9,1,,62.101887,54.69388,,,65.72047,56.43346,64.73215,66.51786,75.19841,66.12847,55.98214,66.815475,66.51786,75.19841,,,2.357143,3.642857,2.5714285,3.4285715,3.0714285,2.9285715,,,,,58.333332,58.333332,,,,3.642857,4.571429,3.857143,4.0,75.44643,75.44643,75.44643,75.44643,,1.9090909,4.090909,2.0,4.0,3.6363637,72.72727,72.72727,72.72727,72.72727,,2.142857,3.857143,1.6923077,4.3076925,1.9230769,4.076923,,,77.5641,77.014656,,,,2.2142856,3.7857144,3.357143,2.9166667,3.0,3.0,2.2857144,3.7142856,,,,59.583332,58.86905,,,,2.5,2.4285715,3.5714285,3.3846154,3.0714285,3.8461537,,,,56.25,56.868134,,,,3.7857144,2.7692308,2.0,2.857143,3.142857,4.071429,1.9285715,,,41.153847,43.131866,,,,2.357143,3.642857,3.1538463,2.8461537,4.571429,4.285714,2.5,3.7142856,1.1666666,,,,,,63.88889,64.83517,,,,4.142857,4.571429,4.428571,1.5714285,4.428571,1.5,4.5,85.35714,85.35714,85.35714,85.35714,,4.357143,1.6428572,3.9285715,2.0714285,1.8571428,4.142857,3.857143,,48.214287,48.214287,,,,3.4285715,4.214286,3.5714285,3.5,,,66.96429,66.96429,,,,9.428572,,,4.857143,5.142857,4.785714,5.214286,6.923077,,,,,3.0,0.2857143,0.9285714,0.0,0.0,0.071428575,,,,,,,0.0,0.0,0.0,0.0,0.35714287,0.5714286,0.071428575,0.0,0.14285715,0.71428573,5.0,8.538462,,,,,,,,,,,,,,,,,,,,,,,,,,,,,,,,,,,,,,,,,,,,,,,,,,,,,,,
MEX_07062015_L1,Mexico,MEX,2015.0,2015-06-07,Legislative,22.0,,3,3,1,3,17244.365,2,9,1,,54.073463,49.795918,,,50.619366,43.966248,47.66955,46.022728,64.81893,50.5015,43.167614,48.863636,46.022728,63.952023,6.409091,,2.6818182,3.3181818,3.4545455,2.5454545,2.9545455,3.0454545,,,,,49.242424,49.242424,,,,3.5,4.090909,3.5454545,3.4545455,66.193184,66.193184,66.193184,66.193184,,2.6666667,3.3333333,2.6470587,3.3529413,3.3529413,58.88889,58.66013,58.88889,58.66013,,2.6666667,3.3333333,2.3333333,3.6666667,2.5333333,3.4666667,,,65.0,62.22222,,,,3.0,3.0,3.3636363,2.2380953,3.7272727,2.2727273,2.6190476,3.3809524,,,,46.75,46.277058,,,,2.590909,4.0454545,1.9545455,2.7727273,2.590909,3.8333333,,,,40.555557,43.71212,,,,2.7619047,2.4,1.6666666,2.909091,3.090909,4.181818,1.8181819,,,33.0,33.688313,,,,3.5714285,2.4285715,3.5,2.5,4.090909,3.409091,3.0,2.7333333,1.2941177,,,,,,50.32051,50.674603,,,,3.8636363,3.909091,4.0454545,2.0526316,3.9473684,2.047619,3.952381,74.73684,73.58965,74.73684,73.58965,,3.857143,2.142857,3.1363637,2.8636363,2.1363637,3.8636363,3.5238094,,52.5,52.46212,,,,3.1818182,4.090909,3.5,3.1363637,,,61.93182,61.93182,,,,8.809524,,,4.0454545,3.7272727,4.0,4.2272725,6.181818,,,,,3.0,0.09090909,0.95454544,0.0,0.0,0.09090909,,,,,,,0.0,0.0,0.0,0.0,0.22727273,0.0,0.0,0.0,0.09090909,0.54545456,4.0454545,8.590909,,4.818182,7.4545455,7.590909,,,,,,,,,,,,,,,,,,,,,,,,,,,,,,,,,,,,,,,,,,,,,,,,,,,
MEX_01072018_P1,Mexico,MEX,2018.0,2018-07-01,Presidential,13.0,,3,3,1,3,17336.46875,2,9,1,,66.66154,66.12245,,,69.05185,59.77506,62.92452,69.71154,83.796295,68.8929,59.599358,62.713676,69.71154,83.54701,8.230769,,2.0769231,3.9230769,1.9230769,4.076923,1.7692307,4.230769,,,,,76.92308,76.92308,,,,4.1538463,4.3846154,4.1538463,4.3846154,81.73077,81.73077,81.73077,81.73077,,1.8181819,4.181818,1.8181819,4.181818,3.6363637,75.0,75.0,75.0,75.0,,2.3333333,3.6666667,1.5833334,4.4166665,2.2727273,3.7272727,,,75.0,73.421715,,,,1.8461539,4.1538463,3.8461537,2.3076923,3.6153846,2.3846154,2.3076923,3.6923077,,,,56.923077,56.923077,,,,3.3076923,2.6153846,3.3846154,3.7692308,3.25,3.8,,,,60.555557,62.557693,,,,3.9230769,2.8,2.1538463,2.4615386,3.5384614,3.8461537,2.1538463,3.2307692,2.7692308,46.5,47.846153,47.5,47.24359,,3.0,3.0,3.4545455,2.5454545,3.9230769,4.230769,3.7777777,3.8333333,1.5555556,,,,,,59.375,63.79338,,,,4.3076925,4.1538463,4.6153846,1.6153846,4.3846154,1.5384616,4.4615383,84.61539,84.61539,84.61539,84.61539,,2.6153846,3.3846154,2.0769231,3.9230769,1.6153846,4.3846154,4.4166665,,73.958336,75.68109,,,,3.8461537,4.1538463,3.9166667,3.9230769,,,72.395836,73.9984,,,,9.307693,,,5.3846154,4.230769,4.5384617,5.3846154,7.076923,,,,,3.0,0.0,1.0,0.0,0.0,0.0,,,,,,,0.0,0.0,0.0,0.07692308,0.46153846,0.53846157,0.0,0.0,0.07692308,0.53846157,3.8461537,8.692307,,,,,8.769231,6.923077,4.076923,,,,,,,,,,,,,,,3.0,3.0,3.3636363,3.3636363,3.6923077,3.4615386,3.4615386,3.0769231,2.6923077,2.6923077,3.4615386,2.7692308,3.3076923,3.3076923,3.5384614,3.5384614,,,,,,,,,,,,,,,,,,
MEX_06062021_L1,Mexico,MEX,2021.0,2021-06-06,Legislative,9.0,,3,4,1,3,20036.455388427457,2,9,1,,63.044216,,,,64.511246,52.245537,58.370537,66.84028,80.58862,65.33854,51.863426,61.882717,67.361115,80.24691,7.625,,2.25,3.75,2.75,3.25,1.7777778,4.2222223,,,,,70.83333,68.51852,,,,4.0,4.4444447,4.2222223,4.111111,79.861115,79.861115,79.861115,79.861115,,1.8,4.2,1.6,4.4,3.6,76.666664,76.666664,76.666664,76.666664,,2.0,4.0,1.4285715,4.571429,2.0,4.0,,,79.166664,79.7619,,,,2.5555556,3.4444444,3.8888888,2.625,3.5555556,2.4444444,3.2222223,2.7777777,,,,50.625,50.90278,,,,2.7777777,2.3333333,3.6666667,3.2222223,3.0,3.25,,,,51.875,54.583332,,,,3.375,3.0,1.8571428,2.5714285,3.4285715,4.375,1.625,3.857143,2.142857,41.666668,41.42857,45.833332,39.285713,,4.0,2.0,3.0,3.0,4.375,4.125,3.8333333,3.4285715,1.25,,,,,,55.833332,61.507935,,,,4.375,4.625,4.571429,1.5714285,4.428571,1.5,4.5,87.5,87.5,87.5,87.5,,2.625,3.375,2.0,4.0,1.5,4.5,4.125,,75.0,75.0,,,,4.25,4.25,4.375,4.25,,,82.03125,82.03125,,,,9.625,,,6.125,4.75,5.75,5.0,8.125,,,,,1.125,0.11111111,0.8888889,0.11111111,0.0,0.0,,,,,,,0.0,0.0,0.0,0.0,0.5555556,0.33333334,0.0,0.0,0.0,0.5555556,3.375,9.375,,,,,9.625,6.25,3.625,,,,,,,,,,,,,,,,,,,,,,,,,,,,,,,,,,,,,,,,,,,,,,,,
MEX_02062024_P1,Mexico,MEX,2024.0,2024-06-02,Presidential,21.0,,3,4,1,3,22143.0,2,9,1,,58.262627,53.97959,56.194477,56.199596,53.616737,47.747807,57.569237,48.449074,60.70084,52.74223,45.744045,58.214287,48.194443,59.325397,5.75,,2.7619047,3.2380953,3.2380953,2.7619047,2.142857,3.857143,3.4761906,2.9444444,3.6190476,4.1904764,57.142857,57.142857,57.539684,61.026077,,3.0952382,4.047619,3.1904762,3.3333333,60.416668,60.416668,60.416668,60.416668,,2.0,4.0,2.0,4.0,4.0,75.0,75.0,75.0,75.0,,2.2105262,3.7894738,2.1578948,3.8421052,2.0,4.0,2.2105262,3.7894738,72.68519,71.929825,72.56944,71.38158,,2.45,3.55,4.0,3.45,4.2,1.8,2.8,3.2,2.6,4.65,1.35,55.0,55.0,46.25,46.25,,2.55,3.65,2.35,2.85,2.85,3.125,4.05,1.95,2.5,42.1875,43.625,38.61607,39.910713,,3.35,3.0,2.5789473,2.95,3.05,4.55,1.45,3.9,2.1,43.52941,42.144737,40.931374,39.703945,,3.8421052,2.1578948,3.0,3.0,3.75,4.0,3.7777777,3.9473684,3.6111112,3.15,2.85,2.95,2.4444444,3.5555556,63.055553,60.971004,54.03846,49.971493,,4.0,3.8,4.0,2.0,4.0,2.1052632,3.8947368,73.947365,73.47369,73.947365,73.47369,,3.75,2.25,2.85,3.15,2.0,4.0,3.9,3.35,58.125,58.125,58.25,58.25,,2.9,4.0,3.2,3.4,3.3,2.7,59.86842,59.375,56.57895,56.0,,9.3,1.25,,6.85,3.3,4.0,3.35,6.25,,0.0,0.0,0.0,1.3,1.0,1.0,1.0,1.0,1.0,5.75,3.95,0.2,5.0,1.0,4.35,0.0,0.0,0.0,0.04761905,0.47619048,0.3809524,0.04761905,0.0,0.14285715,1.0,4.3,9.05,,3.8,5.5,3.35,,,,,,,,,,,,,,,,,,,,,,,,,,,,,,,,,,,,,,,,,,,,,,,,,,,
FSM_05032013_L1,Micronesia,FSM,2013.0,2013-03-05,Legislative,4.0,,1,1,2,2,3415.2439,5,3,0,,62.670067,,,,65.50058,61.249996,67.1875,62.5,71.06481,66.4822,64.19271,73.958336,62.5,65.27778,7.25,,1.5,4.5,2.3333333,3.6666667,2.25,3.75,,,,,79.16667,74.30556,,,,3.75,3.75,4.0,4.0,72.916664,71.875,72.916664,71.875,,1.6666666,4.3333335,2.5,3.5,4.25,80.55556,75.69444,80.55556,75.69444,,4.0,2.0,3.0,3.0,2.0,4.0,,,50.0,50.0,,,,2.0,4.0,3.75,4.25,1.75,4.25,2.0,4.0,,,,77.5,76.25,,,,3.5,2.5,3.5,3.6666667,3.5,2.5,,,,,58.333336,,,,2.0,2.0,1.0,2.75,3.25,3.0,3.0,,,30.0,31.25,,,,2.0,4.0,2.5,3.5,4.25,3.5,3.0,4.25,2.0,,,,,,64.58333,68.75,,,,4.0,4.0,4.0,2.3333333,3.6666667,2.3333333,3.6666667,70.0,71.666664,70.0,71.666664,,4.0,2.0,2.3333333,3.6666667,1.0,5.0,4.0,,68.75,66.666664,,,,4.0,3.5,3.25,4.0,,,67.1875,67.1875,,,,7.75,,,8.0,6.0,4.75,1.0,7.0,,,,,2.0,0.0,1.0,0.0,0.0,0.0,,,,,,,0.0,0.0,0.0,0.0,0.25,0.75,0.0,0.0,0.0,0.5,3.25,8.5,,2.0,4.5,5.25,,,,,,,,,,,,,,,,,,,,,,,,,,,,,,,,,,,,,,,,,,,,,,,,,,,
FSM_03032015_L1,Micronesia,FSM,2015.0,2015-03-03,Legislative,3.0,,1,1,2,2,3497.6191,5,3,0,,,,,,64.02778,53.333332,69.44445,62.5,70.833336,69.61806,60.416668,75.0,70.833336,72.22222,8.0,,,,,,2.0,4.0,,,,,,,,,,4.0,4.0,3.3333333,4.0,70.833336,70.833336,70.833336,70.833336,,3.0,3.0,3.0,3.0,3.3333333,50.0,52.77778,50.0,52.77778,,4.0,2.0,4.0,2.0,3.0,3.0,,,33.333332,33.333332,,,,2.0,4.0,3.3333333,4.0,2.0,4.0,2.0,4.0,,,,65.0,71.666664,,,,4.0,4.0,2.0,4.0,4.0,4.0,,,,,65.0,,,,,,2.0,5.0,1.0,4.0,2.0,,,,,,,,2.0,4.0,2.0,4.0,4.0,4.0,4.0,4.3333335,2.0,,,,,,79.166664,76.388885,,,,4.0,4.0,4.0,2.5,3.5,2.5,3.5,65.0,70.0,65.0,70.0,,2.0,4.0,2.0,4.0,1.6666666,4.3333335,4.0,,75.0,77.083336,,,,4.0,4.0,3.5,4.0,,,71.875,71.875,,,,8.0,,,7.6666665,5.6666665,5.0,2.0,7.3333335,,,,,3.0,0.33333334,1.0,0.0,0.0,0.33333334,,,,,,,0.0,0.0,0.0,0.0,0.33333334,0.0,0.0,0.0,0.0,0.33333334,3.3333333,9.666667,,5.0,5.6666665,6.3333335,,,,,,,,,,,,,,,,,,,,,,,,,,,,,,,,,,,,,,,,,,,,,,,,,,,
FSM_07032017_L1,Micronesia,FSM,2017.0,2017-03-07,Legislative,3.0,,1,1,2,2,3593.228,5,3,0,,,,,,50.59028,55.833336,54.86111,41.666668,50.0,59.085648,58.333332,63.194443,50.0,64.81481,7.0,,2.0,4.0,2.3333333,3.6666667,2.0,4.0,,,,,72.22222,72.22222,,,,3.0,3.0,3.3333333,3.6666667,56.25,56.25,56.25,56.25,,2.0,4.0,2.0,4.0,4.0,75.0,75.0,75.0,75.0,,4.0,2.0,4.0,2.0,3.0,3.0,,,33.333332,33.333332,,,,2.0,4.0,3.3333333,3.6666667,2.6666667,3.3333333,2.0,4.0,,,,66.666664,66.666664,,,,2.0,4.0,2.0,2.0,3.0,2.6666667,,,,25.0,33.333332,,,,3.5,4.0,2.0,3.6666667,2.3333333,3.5,2.5,4.0,2.0,45.0,46.666668,41.666664,43.055553,,2.3333333,3.6666667,,,3.6666667,3.3333333,2.0,4.3333335,2.0,,,,,,,,,,,4.0,3.0,4.0,3.0,3.0,2.0,4.0,,65.0,,65.0,,2.0,4.0,2.5,3.5,2.0,4.0,2.0,,56.25,59.375,,,,3.6666667,3.6666667,3.0,3.3333333,,,43.75,60.416668,,,,5.6666665,,,6.6666665,5.3333335,4.3333335,1.0,6.0,,,,,3.0,0.33333334,1.0,0.33333334,0.0,0.33333334,,,,,,,0.0,0.0,0.0,0.0,0.0,1.0,0.0,0.0,0.0,0.0,4.0,9.0,,,,,6.3333335,5.3333335,4.0,,,,,3.3333333,,,,,,66.666664,98.333336,35.333332,3.0,2.6666667,2.6666667,,,,,,,,,,,,,,,,,,,,,,,,,,,,,,,,
MDA_30112014_L1,Moldova,MDA,2014.0,2014-11-30,Legislative,9.0,,3,3,1,2,5017.0938,4,5,0,,56.92374,51.530613,,,57.779266,44.28671,68.72106,50.086807,68.022484,56.205635,41.643517,69.21297,49.305557,64.66049,6.4444447,,3.1111112,2.8888888,2.7777777,3.2222223,2.1111112,3.8888888,,,,,58.333332,58.333332,,,,3.5555556,4.375,3.1111112,3.2222223,63.28125,64.14931,63.28125,64.14931,,1.5,4.5,1.5,4.5,4.25,85.416664,85.416664,85.416664,85.416664,,3.0,3.0,2.5,3.5,2.5714285,3.4285715,,,59.523808,57.738094,,,,4.4444447,1.5555556,3.6666667,3.5555556,4.0,2.0,2.6666667,3.3333333,,,,45.714287,45.555557,,,,2.625,3.5,2.5,3.125,2.5714285,4.0,,,,48.333332,49.107143,,,,3.4,2.375,1.625,3.7777777,2.2222223,3.7142856,2.2857144,,,37.0,34.539684,,,,1.5555556,4.4444447,2.0,4.0,4.375,3.4444444,3.0,3.5555556,1.2,,,,,,60.416664,70.08102,,,,4.25,3.7777777,4.125,1.375,4.625,1.375,4.625,83.125,82.013885,83.125,82.013885,,3.75,2.25,2.142857,3.857143,1.75,4.25,3.7142856,,64.28571,62.94643,,,,2.6666667,4.125,3.4285715,3.375,,,58.92857,59.970238,,,,8.444445,,,4.6666665,5.3333335,4.888889,6.5555553,6.4444447,,,,,3.0,0.0,0.8888889,0.22222222,0.0,0.0,,,,,,,0.0,0.0,0.0,0.0,0.44444445,0.5555556,0.0,0.0,0.0,0.44444445,4.625,8.888889,,4.888889,5.6666665,5.5555553,,,,,,,,,,,,,,,,,,,,,,,,,,,,,,,,,,,,,,,,,,,,,,,,,,,
MDA_13112016_P2,Moldova,MDA,2016.0,2016-11-13,Presidential,6.0,,3,3,1,2,5333.6147,4,5,0,,70.13605,,,,58.194443,46.319443,60.069447,58.75,67.638885,59.586227,47.604168,62.037037,62.5,66.203705,6.5,,3.1666667,2.8333333,3.5,2.5,3.0,3.0,,,,,44.444443,44.444443,,,,3.3333333,4.2,3.6666667,3.1666667,65.0,64.791664,65.0,64.791664,,3.0,3.0,3.0,3.0,3.0,50.0,50.0,50.0,50.0,,3.0,3.0,3.6,2.4,2.8,3.2,,,46.666668,46.666668,,,,2.5,3.5,4.6666665,4.4,3.4,2.6,2.6,3.4,,,,61.666668,67.833336,,,,2.0,3.6,2.4,2.0,1.8,3.8,,,,35.0,35.0,,,,3.3333333,2.4,2.0,3.8333333,2.1666667,3.75,2.25,2.75,3.25,36.666668,35.75,31.25,39.166664,,2.8,3.2,3.0,3.0,4.1666665,4.5,3.3333333,3.8333333,1.5,,,,,,62.5,66.80556,,,,3.8,4.3333335,3.5,1.4,4.6,1.8,4.2,75.0,77.166664,75.0,77.166664,,3.3333333,2.6666667,3.5,2.5,1.6666666,4.3333335,3.75,,45.3125,57.8125,,,,3.2,3.4,3.8,3.5,,,61.25,61.875,,,,8.166667,,,2.8333333,2.5,2.8333333,3.5,4.6666665,,,,,2.8333333,0.0,0.8333333,0.16666667,0.0,0.0,,,,,,,0.0,0.0,0.0,0.16666667,0.16666667,0.0,0.0,0.0,0.0,0.5,5.0,8.5,,5.1666665,7.0,7.3333335,,,,,19.333334,34.0,34.0,2.6666667,2.6666667,35.166668,35.166668,35.0,35.0,,,,,,,,,,,,,,,,,,,,,,,,,,,,,,,,,,,,,,
MDA_15112020_P2,Moldova,MDA,2020.0,2020-11-15,Presidential,2.0,,3,3,1,3,12941.89278184217,4,5,0,,,,,,63.255203,57.1875,55.90278,59.375,80.55556,64.21007,61.354168,60.416664,59.375,75.69444,7.0,,3.0,3.0,2.5,3.5,2.5,3.5,,,,,58.333336,58.333336,,,,4.0,4.0,4.0,4.0,75.0,75.0,75.0,75.0,,,,,,,,,,,,4.0,2.0,3.5,2.5,2.0,4.0,,,41.666668,45.833336,,,,2.0,4.0,5.0,3.5,4.0,2.0,2.5,3.5,,,,45.0,65.0,,,,2.5,4.0,2.0,3.0,2.0,3.0,,,,40.0,37.5,,,,2.0,2.0,4.0,2.5,3.5,4.0,2.0,4.0,2.0,40.0,42.5,37.5,39.583336,,3.0,3.0,1.0,5.0,4.0,4.5,1.0,4.0,1.0,,,,,,62.5,64.58333,,,,5.0,5.0,4.5,1.0,5.0,1.0,5.0,100.0,97.5,100.0,97.5,,3.0,3.0,2.0,4.0,1.5,4.5,4.0,,71.875,71.875,,,,2.0,4.0,4.0,4.0,,,62.5,62.5,,,,8.0,,,3.0,4.5,4.0,3.5,5.5,,,,,2.0,0.0,1.0,0.0,0.0,0.0,,,,,,,0.0,0.0,0.0,0.0,0.0,1.0,0.0,0.0,0.0,0.0,5.5,9.0,,,,,10.0,4.5,1.0,,,,,,,,,,,,,,,,,,,,,,,,,,,,,,,,,,,,,,,,,,,,,,,,
MDA_11072021_L1,Moldova,MDA,2021.0,2021-07-11,Legislative,4.0,,3,3,1,3,15637.24037206632,4,5,0,,60.714287,60.714287,,,61.354168,51.666664,65.97222,56.25,71.52778,61.679688,52.96875,65.97222,56.25,71.52778,7.25,,3.0,3.0,3.0,3.0,1.75,4.25,,,,,60.416664,60.416664,,,,4.0,3.75,3.5,3.75,68.75,68.75,68.75,68.75,,4.0,2.0,3.5,2.5,2.5,33.333332,33.333332,33.333332,33.333332,,3.25,2.75,3.0,3.0,1.75,4.25,,,58.333336,58.333336,,,,1.75,4.25,4.5,4.0,3.3333333,2.6666667,2.5,3.5,,,,70.0,69.583336,,,,2.75,3.25,2.75,3.0,2.75,3.5,,,,48.75,48.75,,,,3.5,2.5,2.0,3.0,3.0,3.75,2.25,3.25,2.75,50.0,41.25,48.61111,41.666668,,2.25,3.75,2.25,3.75,3.75,3.75,3.5,4.25,1.5,,,,,,69.791664,69.791664,,,,4.25,4.5,4.0,1.5,4.5,1.75,4.25,82.5,82.5,82.5,82.5,,2.0,4.0,2.0,4.0,1.25,4.75,3.75,,78.125,78.125,,,,3.25,4.0,3.5,3.75,,,65.625,65.625,,,,9.0,,,5.0,6.25,6.25,6.75,8.25,,,,,1.5,0.25,0.75,0.5,0.25,0.0,,,,,,,0.0,0.0,0.0,0.25,0.75,0.25,0.25,0.0,0.0,1.0,6.0,9.25,,,,,9.75,5.0,1.75,,,,,,,,,,,,,,,,,,,,,,,,,,,,,,,,,,,,,,,,,,,,,,,,
MDA_03112024_P2,Moldova,MDA,2024.0,2024-11-03,Presidential,5.0,,3,3,1,3,15855.0,4,5,0,,60.289116,61.22449,59.173386,63.30645,57.54861,48.73611,61.666668,53.333332,66.458336,57.340275,48.069443,61.5,53.333332,66.458336,7.4,,3.0,3.0,3.2,2.8,2.2,3.8,3.4,3.0,4.2,3.0,55.0,55.0,58.035713,57.857143,,3.8,4.0,3.4,3.8,67.1875,68.75,67.1875,68.75,,3.0,3.0,3.3333333,2.6666667,3.3333333,50.0,50.0,50.0,50.0,,3.0,3.0,3.0,3.0,2.6,3.4,3.0,3.0,53.333332,53.333332,59.375,52.5,,3.2,2.8,3.8,3.2,3.4,2.6,3.4,2.6,3.6,3.2,2.8,50.0,50.0,51.42857,51.42857,,2.8,3.8,2.2,3.4,2.6,4.0,4.4,1.6,3.4,50.0,50.0,46.42857,46.42857,,4.0,3.5,2.4,2.6,3.4,3.8,2.2,3.4,2.6,57.5,52.5,55.208332,50.416668,,2.0,4.0,3.4,2.6,3.8,3.8,3.5,3.8,2.0,2.75,3.25,3.5,2.25,3.75,62.5,64.583336,56.25,55.0,,4.0,4.2,4.0,1.4,4.6,1.4,4.6,81.25,82.0,81.25,82.0,,2.6,3.4,2.6,3.4,1.6,4.4,3.2,3.8,65.0,65.0,66.0,66.0,,3.2,4.0,3.8,3.8,2.75,3.25,67.5,67.5,67.5,65.25,,7.6,2.0,,6.2,6.2,5.4,5.2,7.0,,0.0,0.0,0.0,1.4,,1.0,1.0,,,6.2,3.4,0.4,5.0,1.0,3.2,0.0,0.0,0.0,0.2,0.4,0.4,0.0,0.0,0.0,1.0,5.8,8.0,,7.8,7.0,5.0,,,,,,,,,,,,,,,,,,,,,,,,,,,,,,,,,,,,,,,,,,,,,,,,,,,
MNG_26062013_P1,Mongolia,MNG,2013.0,2013-06-26,Presidential,9.0,,1,2,2,2,11093.85,3,3,0,,61.245262,58.163265,,,66.8616,55.26141,78.46726,64.322914,69.394844,68.080635,56.73611,78.645836,65.97222,71.91358,7.5555553,,3.2222223,2.7777777,2.8888888,3.1111112,2.1111112,3.8888888,,,,,56.48148,56.48148,,,,4.0,4.375,4.25,4.0,78.90625,78.90625,78.90625,78.90625,,2.0,4.0,2.6,3.4,3.4,63.333332,65.0,63.333332,65.0,,2.3333333,3.6666667,2.1666667,3.8333333,2.0,4.0,,,70.833336,70.833336,,,,2.375,3.625,4.3333335,3.875,3.25,2.75,2.3333333,3.6666667,,,,69.28571,66.25,,,,2.5,2.875,3.125,3.0,2.875,3.25,,,,38.75,48.75,,,,2.6,3.0,2.4,3.0,3.0,2.857143,3.142857,,,41.0,45.714287,,,,1.5,4.5,2.142857,3.857143,4.25,4.3333335,3.6,4.4,1.5,,,,,,77.08333,78.91865,,,,4.428571,4.3333335,4.25,1.375,4.625,1.5,4.5,87.14286,85.684525,87.14286,85.684525,,2.1111112,3.8888888,2.1111112,3.8888888,1.7777778,4.2222223,3.0,,72.5,68.75,,,,3.875,4.142857,3.857143,4.0,,,74.10714,74.21875,,,,7.25,,,5.5555553,6.0,6.2222223,7.3333335,7.2222223,,,,,2.8888888,0.22222222,0.7777778,0.11111111,0.11111111,0.11111111,,,,,,,0.11111111,0.11111111,0.11111111,0.0,0.22222222,0.44444445,0.33333334,0.33333334,0.33333334,0.22222222,4.5555553,8.222222,,4.7777777,6.0,6.2222223,,,,,,,,,,,,,,,,,,,,,,,,,,,,,,,,,,,,,,,,,,,,,,,,,,,
MNG_26062016_L1,Mongolia,MNG,2016.0,2016-06-26,Legislative,5.0,,1,2,2,3,12220.394,3,3,0,,61.09694,69.13265,,,64.77778,49.666668,64.02778,73.75,71.66667,64.93229,49.729168,62.36111,73.75,73.888885,7.0,,3.4,2.6,3.6,2.4,2.0,4.0,,,,,50.0,50.0,,,,3.6,3.4,3.8,4.2,68.75,68.75,68.75,68.75,,3.0,3.0,3.0,3.0,2.0,41.666664,41.666668,41.666664,41.666668,,2.4,3.6,2.2,3.8,2.2,3.8,,,68.333336,68.333336,,,,3.4,2.6,4.0,4.2,3.2,2.8,2.2,3.8,,,,62.0,62.0,,,,3.2,2.6,3.4,3.4,3.6,3.6,,,,61.0,61.0,,,,2.8,2.8,2.4,3.4,2.6,3.6,2.4,2.75,3.25,40.0,40.0,44.791668,42.708332,,1.5,4.5,2.25,3.75,4.6,4.6,4.2,2.8,1.6,,,,,,79.166664,76.875,,,,4.4,4.8,4.6,1.2,4.8,1.2,4.8,92.0,92.0,92.0,92.0,,2.2,3.8,1.8,4.2,1.2,4.8,3.0,,70.3125,73.75,,,,3.4,4.2,3.6,3.8,,,68.75,68.75,,,,9.2,,,5.8,5.8,5.6,7.8,6.0,,,,,2.6,0.4,0.8,0.0,0.0,0.0,,,,,,,0.0,0.0,0.0,0.0,0.4,0.0,0.0,0.2,0.0,0.4,5.2,7.6,,2.2,5.4,6.0,,,,,3.6,3.0,3.0,4.2,4.2,22.6,22.6,3.6,3.6,,,,,,,,,,,,,,,,,,,,,,,,,,,,,,,,,,,,,,
MNG_07072017_P2,Mongolia,MNG,2017.0,2017-07-07,Presidential,4.0,,1,2,2,2,12220.39348,3,3,0,,58.418365,58.418365,,,63.130787,41.354164,76.09953,65.625,69.44444,64.19922,40.651043,77.604164,65.625,72.91667,7.0,,4.25,1.75,3.75,2.25,2.25,3.75,,,,,39.583332,39.583332,,,,4.0,4.5,4.0,4.25,79.6875,79.6875,79.6875,79.6875,,3.0,3.0,3.0,3.0,2.0,41.666664,41.666668,41.666664,41.666668,,2.25,3.75,2.0,4.0,2.5,3.5,,,68.75,68.75,,,,4.0,2.0,3.5,4.25,4.25,1.75,2.5,3.5,,,,50.0,50.0,,,,3.25,2.25,3.75,2.75,3.0,4.5,,,,61.25,61.25,,,,3.0,3.0,2.5,3.75,2.25,3.25,2.75,3.6666667,2.3333333,42.5,42.5,43.055553,40.97222,,1.75,4.25,3.0,3.0,4.75,3.75,4.25,4.75,1.3333334,,,,,,78.125,78.125,,,,4.3333335,4.25,4.5,1.25,4.75,1.5,4.5,85.0,86.666664,85.0,86.666664,,2.5,3.5,2.0,4.0,1.25,4.75,3.0,,68.75,70.3125,,,,4.0,4.5,3.0,4.25,,,73.4375,73.4375,,,,9.5,,,6.0,5.75,5.75,8.75,7.0,,,,,3.0,0.0,1.0,0.0,0.0,0.0,,,,,,,0.0,0.0,0.0,0.0,0.5,0.25,0.0,0.25,0.0,0.5,5.3333335,8.5,,,,,9.5,6.5,3.25,,,,,4.25,,,,,,3.25,3.75,3.5,3.5,26.5,26.5,,,,,,,,,,,,,,,,,,,,,,,,,,,,,,,,
MNG_24062020_L1,Mongolia,MNG,2020.0,2020-06-24,Legislative,3.0,,1,2,2,2,12365.938482755164,3,3,0,,58.92857,,,,56.84028,45.069443,48.495373,62.5,71.296295,55.219906,43.333336,45.833336,60.416668,71.296295,5.3333335,,3.3333333,2.6666667,3.3333333,2.6666667,2.0,4.0,,,,,41.666664,52.77778,,,,4.0,4.3333335,4.0,3.6666667,81.25,75.0,81.25,75.0,,3.0,3.0,3.5,2.5,3.0,50.0,45.833332,50.0,45.833332,,3.5,2.5,3.6666667,2.3333333,2.5,3.5,,,45.833332,44.444443,,,,3.0,3.0,3.6666667,3.6666667,3.3333333,2.6666667,3.0,3.0,,,,65.0,55.0,,,,3.0,3.0,3.0,3.3333333,3.3333333,3.3333333,,,,55.0,55.0,,,,2.0,2.6666667,2.5,3.6666667,2.3333333,4.3333335,1.6666666,4.0,2.0,27.5,30.833334,27.083332,29.86111,,2.0,4.0,3.6666667,2.3333333,4.3333335,4.0,4.3333335,2.6666667,1.0,,,,,,72.916664,65.27778,,,,4.0,4.0,3.5,2.0,4.0,2.0,4.0,67.5,72.5,67.5,72.5,,4.0,2.0,2.0,4.0,1.0,5.0,4.0,,68.75,68.75,,,,2.3333333,3.6666667,3.6666667,3.6666667,,,58.333332,58.333332,,,,9.333333,,,4.0,5.3333335,4.3333335,7.6666665,5.6666665,,,,,1.0,0.0,0.6666667,0.33333334,0.33333334,0.0,,,,,,,0.0,0.0,0.0,0.33333334,0.6666667,0.33333334,0.0,0.0,0.0,0.6666667,4.0,7.0,,,,,9.0,5.6666665,2.0,,,,,,,,,,,,,,,,,,,,,,,,,,,,,,,,,,,,,,,,,,,,,,,,
MNG_09062021_P1,Mongolia,MNG,2021.0,2021-06-09,Presidential,3.0,,1,2,2,2,12862.746927421029,3,3,0,,,,,,66.94444,51.11111,61.805553,72.916664,81.94444,67.03703,49.166664,64.12037,72.916664,81.94444,7.6666665,,3.0,3.0,2.6666667,3.3333333,1.6666666,4.3333335,,,,,63.88889,63.88889,,,,4.3333335,4.3333335,4.0,4.6666665,84.375,83.333336,84.375,83.333336,,2.0,4.0,2.0,4.0,3.0,75.0,66.666664,75.0,66.666664,,4.0,2.0,3.3333333,2.6666667,3.0,3.0,,,33.333332,38.88889,,,,4.0,2.0,4.3333335,4.0,3.3333333,2.6666667,3.6666667,2.3333333,,,,51.666668,51.666668,,,,3.6666667,3.3333333,2.6666667,3.3333333,3.3333333,3.0,,,,55.0,55.0,,,,2.0,2.0,2.6666667,2.0,4.0,3.6666667,2.3333333,3.0,3.0,40.0,40.0,45.833332,41.666668,,2.0,4.0,3.0,3.0,4.6666665,4.6666665,4.3333335,3.6666667,1.0,,,,,,76.388885,76.388885,,,,4.5,4.6666665,4.6666665,2.0,4.0,1.6666666,4.3333335,85.0,85.833336,85.0,85.833336,,2.6666667,3.3333333,2.0,4.0,1.3333334,4.6666665,,,,,,,,4.5,4.6666665,3.3333333,4.6666665,,,75.0,82.291664,,,,9.333333,,,6.0,5.6666665,6.0,8.0,7.6666665,,,,,1.0,0.33333334,0.6666667,0.0,0.0,0.0,,,,,,,0.0,0.0,0.0,0.0,0.33333334,0.6666667,0.0,0.0,0.0,0.33333334,5.0,8.333333,,,,,9.0,7.0,3.3333333,,,,,,,,,,,,,,,,,,,,,,,,,,,,,,,,,,,,,,,,,,,,,,,,
MNG_29062024_L1,Mongolia,MNG,2024.0,2024-06-28,Legislative,4.0,,1,2,2,3,16223.0,3,3,0,,65.98639,67.85714,67.674736,68.951614,66.056854,60.520836,63.428818,66.666664,73.61111,68.89757,53.506947,74.166664,66.203705,79.513885,8.0,,3.25,2.75,3.5,2.5,2.0,4.0,4.5,3.6666667,3.3333333,4.75,52.77778,52.083336,62.5,66.07143,,4.6666665,3.6666667,4.0,4.6666665,81.25,81.25,81.25,81.25,,2.6666667,3.3333333,3.0,3.0,2.6666667,50.0,50.0,50.0,50.0,,2.3333333,3.6666667,2.3333333,3.6666667,2.0,4.0,2.6666667,3.3333333,66.666664,69.44444,65.625,66.666664,,2.0,4.0,4.3333335,3.6666667,2.6666667,3.3333333,2.3333333,3.6666667,4.0,2.3333333,3.6666667,60.0,70.0,64.28571,70.2381,,3.3333333,2.6666667,3.3333333,4.0,3.6666667,3.6666667,3.0,3.0,3.3333333,65.0,65.0,53.57143,61.904762,,3.0,3.0,3.5,3.0,3.0,4.0,2.0,3.0,3.0,65.0,47.5,66.666664,47.916668,,2.3333333,3.6666667,2.6666667,3.3333333,3.0,4.3333335,4.0,4.6666665,3.3333333,3.0,3.0,2.5,2.3333333,3.6666667,79.166664,70.833336,62.5,55.416668,,4.6666665,4.6666665,4.6666665,1.3333334,4.6666665,1.3333334,4.6666665,91.666664,91.666664,91.666664,91.666664,,2.0,4.0,1.6666666,4.3333335,1.0,5.0,2.5,3.6666667,75.0,73.958336,72.5,72.5,,4.0,4.3333335,3.3333333,4.0,1.5,4.5,71.875,72.916664,75.0,75.833336,,9.333333,2.0,,6.0,5.6666665,5.3333335,7.0,7.3333335,,0.0,0.0,0.0,1.3333334,1.0,1.0,,,,5.3333335,3.3333333,0.33333334,5.0,,1.3333334,0.0,0.0,0.0,0.0,0.25,0.25,0.0,0.25,0.0,1.0,4.6666665,8.0,,4.6666665,6.6666665,3.3333333,,,,,,,,,,,,,,,,,,,,,,,,,,,,,,,,,,,,,,,,,,,,,,,,,,,
MNE_14102012_L1,Montenegro,MNE,2012.0,2012-10-14,Legislative,3.0,,3,2,2,3,13863.863,4,5,0,,60.03401,75.5102,,,61.875,52.36111,53.47222,66.666664,75.0,60.9375,52.083332,50.0,66.666664,75.0,,,2.0,4.0,1.6666666,4.3333335,1.6666666,4.3333335,,,,,80.55556,80.55556,,,,4.0,4.0,3.6666667,3.6666667,70.833336,70.833336,70.833336,70.833336,,2.6666667,3.3333333,2.6666667,3.3333333,3.6666667,61.11111,61.11111,61.11111,61.11111,,3.3333333,2.6666667,3.0,3.0,3.0,3.0,,,50.0,47.22222,,,,1.5,4.5,3.3333333,3.3333333,3.5,2.5,2.0,4.0,,,,60.0,63.333332,,,,3.3333333,2.6666667,3.3333333,3.3333333,3.3333333,3.5,,,,55.0,59.166668,,,,3.0,2.0,1.6666666,4.0,2.0,4.6666665,1.3333334,,,27.5,25.0,,,,2.3333333,3.6666667,4.3333335,1.6666666,4.3333335,4.0,3.0,3.5,1.3333334,,,,,,79.166664,59.02778,,,,4.5,4.3333335,4.5,1.3333334,4.6666665,1.3333334,4.6666665,87.5,88.333336,87.5,88.333336,,2.6666667,3.3333333,1.6666666,4.3333335,1.3333334,4.6666665,4.3333335,,79.166664,79.166664,,,,3.6666667,3.6666667,2.6666667,3.6666667,,,60.416668,60.416668,,,,7.3333335,,,4.0,4.6666665,5.3333335,4.6666665,5.6666665,,,,,3.0,0.0,0.6666667,0.33333334,0.33333334,0.33333334,,,,,,,0.0,0.0,0.0,0.0,0.33333334,0.6666667,0.0,0.0,0.0,0.33333334,4.3333335,9.333333,,,,,,,,,,,,,,,,,,,,,,,,,,,,,,,,,,,,,,,,,,,,,,,,,,,,,,,
MNE_07042013_P1,Montenegro,MNE,2013.0,2013-04-07,Presidential,8.0,,3,2,2,3,14883.584,4,5,0,,41.696426,34.69388,,,41.042908,43.221725,36.475693,40.625,43.849205,42.84505,43.255207,44.791668,40.625,42.708336,4.4,,3.0,3.0,3.7142856,2.2857144,2.375,3.625,,,,,47.619045,49.25595,,,,2.7142856,3.75,2.7142856,2.5714285,49.107143,48.4375,49.107143,48.4375,,3.0,3.0,2.5,3.5,2.75,52.77778,52.083332,52.77778,52.083332,,4.0,2.0,4.1666665,1.8333334,4.3333335,1.6666666,,,20.833332,20.833334,,,,1.875,4.125,3.125,3.25,4.125,1.875,2.125,3.875,,,,56.25,56.25,,,,2.125,4.125,1.875,2.625,2.0,3.0,,,,33.125,33.125,,,,2.375,2.125,1.625,3.875,2.125,4.625,1.375,,,23.125,23.125,,,,2.7142856,3.2857144,4.285714,1.7142857,3.875,3.25,2.2,2.4,1.1428572,,,,,,39.583332,44.6875,,,,2.2,2.125,2.125,2.375,3.625,2.4285715,3.5714285,37.0,43.232143,37.0,43.232143,,4.875,1.125,4.375,1.625,1.625,4.375,2.5,,35.15625,35.15625,,,,2.0,2.875,2.375,2.0,,,32.8125,32.8125,,,,8.25,,,4.5,2.75,4.25,5.5,3.375,,,,,3.0,0.0,0.625,0.375,0.125,0.125,,,,,,,0.0,0.0,0.0,0.25,0.625,0.375,0.0,0.0,0.0,0.625,4.5,9.25,,3.4,8.6,7.0,,,,,,,,,,,,,,,,,,,,,,,,,,,,,,,,,,,,,,,,,,,,,,,,,,,
MNE_16102016_L1,Montenegro,MNE,2016.0,2016-10-16,Legislative,14.0,,3,3,1,3,16853.828,4,5,0,,46.642845,46.088436,,,50.226112,50.508244,47.851868,49.622253,52.922077,50.130207,49.627975,49.950397,46.875,54.067463,5.571429,,2.357143,3.642857,3.2142856,2.7857144,2.357143,3.642857,,,,,58.92857,58.92857,,,,2.7142856,3.5714285,2.7692308,3.142857,49.03846,51.236263,49.03846,51.236263,,2.2857144,3.7142856,2.2857144,3.7142856,2.5714285,58.333332,58.333332,58.333332,58.333332,,3.4615386,2.5384614,3.5,2.5,3.1818182,2.8181818,,,43.939396,40.472027,,,,1.4285715,4.571429,2.7857144,3.9285715,4.214286,1.7857143,1.8461539,4.1538463,,,,61.153847,61.126373,,,,1.7857143,3.5384614,2.4615386,2.857143,2.357143,3.3636363,,,,39.0,39.125874,,,,2.6923077,2.3076923,1.5714285,3.3076923,2.6923077,4.142857,1.8571428,3.4285715,2.5714285,30.384615,30.604395,32.05128,32.05128,,2.3076923,3.6923077,3.2857144,2.7142856,4.214286,3.8461537,2.5454545,2.8,1.6,,,,,,54.6875,57.552032,,,,3.7857144,3.2142856,3.4285715,1.8571428,4.142857,2.142857,3.857143,67.14286,67.14286,67.14286,67.14286,,3.9285715,2.0714285,3.0,3.0,1.8571428,4.142857,2.6363637,,49.43182,49.06656,,,,2.4285715,3.5714285,2.7142856,2.5714285,,,45.535713,45.535713,,,,8.714286,,,5.0,4.642857,5.142857,5.428571,4.571429,,,,,2.7857144,0.0,0.71428573,0.35714287,0.0,0.071428575,,,,,,,0.0,0.0,0.0,0.21428572,0.42857143,0.0,0.0,0.0,0.0,0.71428573,3.642857,8.714286,,4.285714,8.428572,9.142858,,,,,2.2857144,3.0714285,3.0714285,3.642857,2.7142856,10.642858,10.642858,4.071429,4.071429,,,,,,,,,,,,,,,,,,,,,,,,,,,,,,,,,,,,,,
MNE_15042018_P1,Montenegro,MNE,2018.0,2018-04-15,Presidential,5.0,,3,3,1,3,16409.287109375,4,5,0,,59.778908,59.69388,,,52.11111,51.291664,41.458332,51.25,64.44444,53.526043,50.5625,47.84722,51.25,64.44444,5.6,,3.0,3.0,3.4,2.6,2.6,3.4,,,,,50.0,50.0,,,,3.0,3.4,2.75,3.6,53.125,54.6875,53.125,54.6875,,2.0,4.0,3.0,3.0,3.0,58.333332,58.333332,58.333332,58.333332,,3.25,2.75,3.4,2.6,3.5,2.5,,,37.5,40.416668,,,,2.2,3.8,3.4,3.8,3.8,2.2,2.0,4.0,,,,61.0,61.0,,,,2.8,3.8,2.2,3.4,3.0,3.3333333,,,,41.666668,48.666668,,,,2.6,2.2,2.4,3.2,2.8,4.75,1.25,4.25,1.75,23.75,31.25,22.916666,29.166666,,2.4,3.6,3.5,2.5,3.75,3.6,3.0,2.3333333,1.25,,,,,,54.166668,53.26389,,,,3.6,3.6,3.8,1.6,4.4,1.6,4.4,74.0,74.0,74.0,74.0,,3.25,2.75,1.4,4.6,1.2,4.8,3.2,,71.875,70.9375,,,,2.6,3.4,3.0,2.8,,,48.75,48.75,,,,8.2,,,3.8,4.0,4.0,4.2,4.6,,,,,2.6,0.0,0.8,0.4,0.0,0.0,,,,,,,0.0,0.0,0.0,0.2,0.2,0.6,0.0,0.0,0.0,0.6,3.8,8.8,,,,,7.2,5.2,3.2,,,,,,,,,,,,,,,2.8,2.8,2.8,2.8,2.8,3.2,3.2,3.6,1.4,1.4,3.0,2.4,4.75,4.75,3.0,3.0,,,,,,,,,,,,,,,,,,
MNE_30082020_L1,Montenegro,MNE,2020.0,2020-08-30,Legislative,4.0,,3,3,1,3,19989.653665296206,4,5,0,,54.336735,54.336735,,,55.95486,45.000004,48.78472,64.0625,65.97222,55.394966,44.322918,47.22222,64.0625,65.97222,6.0,,2.75,3.25,4.0,2.0,2.5,3.5,,,,,47.916664,47.916664,,,,3.5,4.0,3.5,3.5,65.625,65.625,65.625,65.625,,2.0,4.0,3.0,3.0,1.5,45.833332,45.833332,45.833332,45.833332,,3.75,2.25,3.75,2.25,3.5,2.5,,,33.333332,33.333332,,,,1.75,4.25,3.25,4.5,3.5,2.5,3.5,2.5,,,,60.0,60.0,,,,3.0,3.75,2.25,2.0,2.25,3.75,,,,41.25,41.25,,,,2.5,2.0,1.75,3.0,3.0,4.5,1.5,4.25,1.75,30.0,28.75,27.777779,27.083334,,2.0,4.0,3.0,3.0,4.5,4.5,2.75,3.0,1.0,,,,,,72.22222,65.625,,,,3.5,4.0,3.75,2.0,4.0,2.0,4.0,71.25,71.25,71.25,71.25,,2.75,3.25,3.5,2.5,1.75,4.25,3.75,,60.9375,60.9375,,,,3.0,3.5,3.0,3.5,,,56.25,56.25,,,,9.0,,,4.25,3.25,5.5,6.25,6.5,,,,,1.0,0.0,1.0,0.25,0.0,0.0,,,,,,,0.0,0.0,0.0,0.0,0.5,0.5,0.0,0.0,0.0,0.5,3.75,8.75,,,,,10.0,5.75,1.0,,,,,,,,,,,,,,,,,,,,,,,,,,,,,,,,,,,,,,,,,,,,,,,,
MNE_11062023_L1,Montenegro,MNE,2023.0,2023-06-11,Legislative,4.0,,3,3,1,3,26166.0,4,5,0,,53.061226,53.061226,47.379032,51.612904,46.8533,49.652775,47.569443,35.416668,54.774307,46.65365,48.71528,47.708336,35.416668,54.774307,6.25,,2.25,3.75,2.5,3.5,2.25,3.75,3.0,1.5,3.5,3.5,66.666664,66.666664,48.214287,55.35714,,2.75,2.25,2.25,3.25,40.625,40.625,40.625,40.625,,3.0,3.0,2.0,4.0,3.0,58.333332,58.333332,58.333332,58.333332,,3.3333333,2.6666667,3.75,2.25,4.3333335,1.6666666,3.5,2.5,30.555555,29.86111,31.25,31.770832,,2.0,4.0,2.0,3.0,4.0,2.0,2.5,3.5,2.25,2.75,3.25,47.5,47.5,46.42857,46.42857,,1.5,4.0,2.0,3.0,1.75,2.5,5.0,1.0,1.75,28.75,28.75,23.214287,23.214287,,3.0,2.5,2.0,3.0,3.0,4.5,1.5,3.25,2.75,35.0,35.0,36.458332,36.458332,,2.5,3.5,3.25,2.75,4.0,4.0,2.6666667,2.25,1.25,3.75,2.25,2.0,3.0,3.0,55.555557,54.86111,40.0,41.041668,,3.75,3.25,4.25,1.75,4.25,2.0,4.0,72.5,72.5,72.5,72.5,,3.25,2.75,2.25,3.75,1.5,4.5,4.0,2.75,68.75,68.75,63.75,63.75,,2.75,2.75,3.0,3.25,2.25,3.75,48.4375,48.4375,52.5,52.5,,8.5,,,4.75,2.0,2.75,6.0,5.5,,0.0,0.0,0.0,1.0,,1.0,1.0,1.0,1.0,,,,,,,0.0,0.0,0.0,0.25,0.5,0.25,0.0,0.0,0.0,1.0,4.25,9.25,,,,,1.75,5.75,1.5,,,,,,,,,,,,,,,,,,,,,,,,,,,,,,,,,,,,,,,,,,,,,,,,
MAR_07102016_L1,Morocco,MAR,2016.0,2016-10-07,Legislative,4.0,,5,4,1,2,7837.9043,1,8,0,,,,,,55.48322,51.5625,31.944445,66.666664,71.75926,56.729603,56.432293,32.8125,64.0625,73.611115,6.0,,2.0,4.0,1.75,4.25,2.25,3.75,,,,,80.55556,75.0,,,,3.75,3.5,4.0,4.0,68.75,70.3125,68.75,70.3125,,2.3333333,3.6666667,2.0,4.0,4.0,79.16667,72.22222,79.16667,72.22222,,4.5,1.5,3.3333333,2.6666667,2.5,3.5,,,41.666668,38.88889,,,,2.5,3.5,3.25,2.75,3.5,2.5,3.0,3.0,,,,56.666668,50.0,,,,3.0,2.3333333,3.6666667,3.3333333,3.25,4.0,,,,65.0,61.25,,,,3.0,2.3333333,1.6666666,3.0,3.0,3.3333333,2.6666667,3.6666667,2.3333333,37.5,38.333332,33.333332,37.5,,,,4.0,2.0,4.0,4.0,3.5,1.75,2.0,,,,,,,,,,,4.0,3.5,4.0,1.5,4.5,1.6666666,4.3333335,80.0,76.666664,80.0,76.666664,,2.75,3.25,1.6666666,4.3333335,1.6666666,4.3333335,4.0,,75.0,74.47917,,,,4.0,3.75,2.0,3.6666667,,,,58.854168,,,,6.5,,,3.25,3.75,3.5,4.25,4.25,,,,,3.0,0.0,0.75,0.5,0.25,0.25,,,,,,,0.0,0.0,0.0,0.25,0.0,0.0,0.0,0.0,0.0,0.25,4.5,6.75,,4.25,4.25,7.25,,,,,3.25,25.75,25.75,35.333332,3.5,26.75,26.75,26.75,26.75,,,,,,,,,,,,,,,,,,,,,,,,,,,,,,,,,,,,,,
MAR_08092021_L1,Morocco,MAR,2021.0,2021-09-08,Legislative,5.0,,5,5,1,2,8143.525390625,1,8,0,,64.28571,80.61224,,,65.23727,63.333332,52.407406,76.875,68.333336,63.269096,60.645832,54.09722,70.0,68.333336,6.6,,3.2,2.8,2.0,4.0,2.6,3.4,,,,,60.0,60.0,,,,3.6,3.6,3.75,3.6,70.3125,65.9375,70.3125,65.9375,,3.0,3.0,1.8,4.2,2.8,58.333332,58.333332,58.333332,58.333332,,2.6666667,3.3333333,2.4,3.6,2.3333333,3.6666667,,,63.88889,63.333332,,,,1.3333334,4.6666665,4.2,4.2,3.25,2.75,1.3333334,4.6666665,,,,90.0,77.416664,,,,3.0,2.2,3.8,4.25,3.6,4.5,,,,80.0,70.75,,,,4.5,3.4,2.25,4.0,2.0,3.25,2.75,4.0,2.0,48.333332,49.5,43.055557,45.416668,,2.0,4.0,2.3333333,3.6666667,4.0,4.75,3.3333333,2.5,1.25,,,,,,77.08333,67.708336,,,,4.5,4.0,4.6666665,2.0,4.0,2.0,4.0,90.0,80.833336,90.0,80.833336,,2.5,3.5,2.4,3.6,1.2,4.8,3.8,,78.125,73.125,,,,3.4,3.6,3.4,3.6,,,62.5,62.5,,,,9.0,,,5.0,5.6,5.4,6.0,6.0,,,,,1.4,0.2,1.0,0.0,0.0,0.0,,,,,,,0.0,0.2,0.0,0.0,0.2,0.8,0.0,0.0,0.0,0.4,5.25,9.5,,,,,9.4,8.0,4.8,,,,,,,,,,,,,,,,,,,,,,,,,,,,,,,,,,,,,,,,,,,,,,,,
MOZ_15102014_P1,Mozambique,MOZ,2014.0,2014-10-15,Presidential,8.0,,4,3,1,1,1137.4795,1,1,0,,29.481293,,,,37.965527,31.442957,40.409225,43.303574,36.70635,36.614586,30.963543,33.203125,46.875,35.416668,3.875,,3.7142856,2.2857144,3.875,2.125,2.7142856,3.2857144,,,,,40.47619,39.136906,,,,1.875,3.75,2.375,2.0,37.5,37.5,37.5,37.5,,3.5,2.5,4.0,2.0,3.4,37.5,40.833336,37.5,40.833336,,4.375,1.625,4.0,2.0,3.0,3.0,,,31.25,30.208332,,,,3.5714285,2.4285715,3.5,3.5,3.6666667,2.3333333,4.125,1.875,,,,46.0,43.184525,,,,1.7142857,4.285714,1.7142857,2.142857,2.0,4.0,,,,32.857143,32.857143,,,,2.3333333,1.6,1.4,3.2857144,2.7142856,4.75,1.25,,,25.0,21.488094,,,,3.7142856,2.2857144,4.75,1.25,3.0,3.75,2.5,3.8,1.0,,,,,,40.27778,44.107143,,,,2.5,1.5714285,2.25,3.2857144,2.7142856,3.75,2.25,32.142857,31.428572,32.142857,31.428572,,4.75,1.25,3.7142856,2.2857144,2.7142856,3.2857144,3.0,,33.333332,36.38393,,,,2.0,3.4285715,2.25,1.625,,,33.035713,33.14732,,,,8.625,,,4.125,3.625,3.75,3.25,3.625,,,,,3.0,0.125,0.75,0.375,0.125,0.0,,,,,,,0.0,0.0,0.0,0.125,0.25,0.625,0.25,0.125,0.25,0.375,3.625,9.0,,4.25,8.25,7.625,,,,,,,,,,,,,,,,,,,,,,,,,,,,,,,,,,,,,,,,,,,,,,,,,,,
MOZ_15102019_P1,Mozambique,MOZ,2019.0,2019-10-15,Presidential,4.0,,5,4,1,1,1335.8770136586083,1,1,0,,30.017006,,,,34.337383,28.26389,47.395836,48.958332,12.7314825,32.30903,27.760416,34.288193,54.6875,12.5,2.5,,4.0,2.0,5.0,1.0,2.6666667,3.3333333,,,,,27.777777,27.777777,,,,1.5,3.25,1.5,1.0,20.3125,20.3125,20.3125,20.3125,,3.3333333,2.6666667,3.6666667,2.3333333,3.3333333,44.444443,44.444443,44.444443,44.444443,,4.0,2.0,4.75,1.25,4.0,2.0,,,18.75,18.75,,,,3.75,2.25,3.0,2.5,4.3333335,1.6666666,4.0,2.0,,,,35.0,32.083332,,,,2.3333333,4.0,2.0,2.5,3.0,4.0,,,,40.0,44.166668,,,,2.6666667,2.5,1.6666666,3.75,2.25,4.5,1.5,3.0,3.0,37.5,27.916668,39.583332,31.597221,,4.25,1.75,4.75,1.25,3.0,3.75,4.5,4.0,1.0,,,,,,52.083336,51.041668,,,,2.5,2.6666667,1.75,3.6666667,2.3333333,4.5,1.5,28.333334,28.75,28.333334,28.75,,4.5,1.5,3.75,2.25,2.75,3.25,1.75,,29.6875,29.6875,,,,1.5,2.5,1.5,1.5,,,18.75,18.75,,,,8.25,,,3.5,3.25,3.5,3.25,3.0,,,,,1.0,0.0,1.0,0.0,0.0,0.0,,,,,,,0.0,0.0,0.0,0.25,0.0,0.5,0.0,0.25,0.0,0.25,4.25,9.0,,,,,8.0,4.5,1.5,,,,,,,,,,,,,,,3.0,3.0,2.0,2.0,2.6666667,2.3333333,2.3333333,3.25,1.6666666,1.6666666,2.0,2.6666667,3.0,3.0,3.5,3.5,,,,,,,,,,,,,,,,,,
MOZ_09102024_P1,Mozambique,MOZ,2024.0,2024-10-09,Presidential,5.0,,5,4,1,1,1512.0,1,1,0,,23.469387,,23.971775,,29.52257,22.57639,34.61111,41.11111,19.791666,28.762152,21.3125,34.708332,39.444443,19.583334,1.0,,4.2,1.8,4.6,1.4,3.2,2.8,2.4,2.4,2.8,2.25,25.0,25.0,30.357143,31.607143,,1.0,2.0,1.0,1.8,11.25,11.25,11.25,11.25,,3.3333333,2.6666667,3.0,3.0,2.6666667,50.0,44.444447,50.0,44.444447,,4.6,1.4,4.8,1.2,4.8,1.2,5.0,1.0,6.6666665,6.6666665,1.5625,5.0,,5.0,1.0,2.75,3.0,4.0,2.0,4.25,1.75,1.6,4.2,1.8,30.0,27.5,30.357143,24.642857,,2.25,4.25,1.75,2.0,2.75,4.4,4.2,1.8,3.0,42.5,40.75,41.07143,39.107143,,2.0,1.4,1.25,3.8,2.2,5.0,1.0,4.3333335,1.6666666,15.0,14.25,16.666668,14.652778,,4.0,2.0,4.8,1.2,3.0,3.0,3.5,4.0,2.0,4.0,2.0,1.5,3.75,2.25,47.916664,44.583332,35.0,31.125,,1.8,1.5,1.0,4.0,2.0,4.6,1.4,13.75,13.5,13.75,13.5,,4.6,1.4,4.6,1.4,4.4,1.6,1.4,1.6,11.25,11.25,12.0,12.0,,1.0,1.5,1.0,1.0,2.75,3.25,3.125,3.125,13.75,13.75,,9.2,1.0,,2.4,1.2,2.2,2.8,1.4,,0.0,,0.0,1.0,1.0,1.0,,,,5.6,5.0,0.4,5.0,,2.2,0.0,0.0,0.0,0.0,0.0,0.8,0.2,0.0,0.0,,3.0,7.5,,1.2,4.0,1.2,,,,,,,,,,,,,,,,,,,,,,,,,,,,,,,,,,,,,,,,,,,,,,,,,,,
MMR_08112015_L1,Myanmar,MMR,2015.0,2015-11-08,Legislative,16.0,,6,6,0,1,5399.3604,3,3,0,,51.86876,53.644314,,,56.319004,39.709305,51.495537,62.890625,71.18056,56.496853,40.00651,51.5625,62.890625,71.52778,6.8125,,3.5,2.5,3.1333334,2.8666666,3.2666667,2.7333333,,,,,44.04762,42.5,,,,4.0,3.4,3.8666666,4.25,74.55357,71.979164,74.55357,71.979164,,3.0666666,2.9333334,2.4666667,3.5333333,3.0666666,54.444443,54.444443,54.444443,54.444443,,4.125,1.875,3.9375,2.0625,3.2857144,2.7142856,,,30.952381,30.431547,,,,3.875,2.125,3.0625,3.125,4.1875,1.8125,3.1875,2.8125,,,,39.6875,39.6875,,,,2.75,3.4375,2.5625,2.75,2.875,3.8666666,,,,49.666668,49.020832,,,,2.1818182,2.3333333,2.357143,3.1333334,2.8666666,4.0666666,1.9333333,,,30.5,33.361473,,,,2.4,3.6,3.4285715,2.5714285,3.5625,4.375,3.625,3.3125,1.3846154,,,,,,64.42307,62.69345,,,,4.0,3.875,4.25,2.0625,3.9375,2.1875,3.8125,74.375,74.375,74.375,74.375,,2.875,3.125,1.8666667,4.133333,1.6,4.4,3.5,,71.15385,69.739586,,,,3.5,3.8125,3.625,4.125,,,69.140625,69.140625,,,,8.2,,,2.6875,4.1875,5.375,3.375,5.9375,,,,,2.875,0.0625,0.5,0.3125,0.1875,0.1875,,,,,,,0.0,0.0,0.0625,0.25,0.1875,0.0,0.0625,0.0,0.0,0.375,4.5625,8.0625,,4.0,7.6875,8.625,,,,,,,,,,,,,,,,,,,,,,,,,,,,,,,,,,,,,,,,,,,,,,,,,,,
MMR_08112020_L1,Myanmar,MMR,2020.0,2020-11-08,Legislative,10.0,,5,6,0,2,5123.407708604415,3,3,0,,57.70466,56.122448,,,60.38908,52.17361,62.314816,69.44444,57.62346,60.23177,51.864582,61.28472,70.0,57.77778,7.1,,2.9,3.1,3.0,3.0,2.7,3.3,,,,,53.333332,53.333332,,,,3.5,3.7777777,3.6,3.6,68.05556,65.486115,68.05556,65.486115,,2.25,3.75,2.25,3.75,3.142857,64.28571,63.690475,64.28571,63.690475,,3.7,2.3,2.7777777,3.2222223,2.857143,3.142857,,,47.61905,47.208996,,,,2.5555556,3.4444444,2.7777777,2.2,3.0,3.0,3.1111112,2.8888888,,,,53.333332,46.555557,,,,3.6666667,3.4444444,2.5555556,3.0,3.8888888,3.125,,,,54.375,56.180557,,,,3.0,2.875,3.0,2.6,3.4,3.3333333,2.6666667,2.625,3.375,48.333332,49.708332,50.833332,51.319443,,2.9,3.1,3.4,2.6,3.8,4.4444447,3.6,4.2222223,2.2,,,,,,63.541668,65.69444,,,,3.7,3.5,3.6,2.3,3.7,2.3,3.7,66.0,66.0,66.0,66.0,,4.2,1.8,2.8,3.2,2.7,3.3,2.7,,43.75,43.75,,,,3.3,3.9,3.4444444,3.6,,,63.88889,64.02778,,,,8.2,,,3.8,4.9,6.0,2.5,5.8,,,,,1.3333334,0.1,0.7,0.3,0.0,0.3,,,,,,,0.0,0.0,0.0,0.0,0.1,0.8,0.0,0.0,0.0,0.1,4.0,7.1,,,,,9.7,5.4,1.3,,,,,,,,,,,,,,,,,,,,,,,,,,,,,,,,,,,,,,,,,,,,,,,,
NAM_28112014_P1,Namibia,NAM,2014.0,2014-11-28,Presidential,7.0,,2,2,2,3,10144.938,1,1,0,,58.715984,51.530613,,,62.356976,55.0,63.74008,62.5,68.187836,62.921623,56.10119,62.946426,62.5,70.138885,6.714286,,2.4285715,3.5714285,2.857143,3.142857,1.7142857,4.285714,,,,,66.666664,66.666664,,,,3.2857144,3.4285715,3.5714285,3.6666667,61.458332,62.20238,61.458332,62.20238,,2.0,4.0,2.0,4.0,3.6666667,72.22222,72.22222,72.22222,72.22222,,3.3333333,2.6666667,3.5,2.5,2.3333333,3.6666667,,,50.0,48.61111,,,,1.4285715,4.571429,4.0,3.4285715,2.8333333,3.1666667,2.2857144,3.7142856,,,,69.166664,69.40476,,,,4.142857,4.428571,1.5714285,2.1666667,3.7142856,3.5,,,,52.5,50.47619,,,,2.0,2.4285715,2.0,2.8333333,3.1666667,4.0,2.0,,,30.833334,32.97619,,,,2.0,4.0,2.0,4.0,2.4285715,4.142857,3.0,4.0,1.5,,,,,,61.11111,64.88095,,,,4.0,2.857143,4.0,2.142857,3.857143,2.1666667,3.8333333,76.25,67.7381,76.25,67.7381,,2.142857,3.857143,1.7142857,4.285714,1.2857143,4.714286,3.6666667,,75.0,78.27381,,,,3.7142856,3.857143,3.857143,3.3333333,,,66.666664,67.2619,,,,8.4,,,7.285714,5.285714,5.142857,5.0,6.0,,,,,2.6,0.0,1.0,0.14285715,0.14285715,0.0,,,,,,,0.0,0.0,0.0,0.0,0.2857143,0.5714286,0.14285715,0.14285715,0.14285715,0.2857143,3.2857144,8.428572,,4.285714,5.571429,5.714286,,,,,,,,,,,,,,,,,,,,,,,,,,,,,,,,,,,,,,,,,,,,,,,,,,,
NAM_27112019_P1,Namibia,NAM,2019.0,2019-11-27,Presidential,4.0,,2,2,2,3,10223.212526730558,1,1,0,,66.86508,,,,70.885414,61.666668,67.013885,72.91667,81.94444,70.173615,61.25,67.1875,70.3125,81.94444,7.25,,2.0,4.0,2.5,3.5,2.0,4.0,,,,,70.83333,70.83333,,,,3.5,4.0,4.25,4.25,75.0,75.0,75.0,75.0,,2.3333333,3.6666667,3.0,3.0,3.0,55.555557,55.555557,55.555557,55.555557,,3.0,3.0,3.0,3.0,3.0,3.0,,,50.0,50.0,,,,2.0,4.0,4.0,4.0,2.3333333,3.6666667,2.0,4.0,,,,75.0,73.333336,,,,4.25,3.25,2.75,3.0,4.25,5.0,,,,90.0,71.25,,,,2.5,2.5,3.0,2.5,3.5,3.75,2.25,2.25,3.75,45.0,43.75,50.0,47.916668,,2.0,4.0,2.5,3.5,3.5,4.3333335,3.6666667,4.0,2.0,,,,,,,70.833336,,,,4.0,3.0,4.3333335,1.75,4.25,1.75,4.25,80.0,74.166664,80.0,74.166664,,4.0,2.0,2.3333333,3.6666667,1.25,4.75,4.5,,64.583336,68.229164,,,,3.75,3.75,3.75,3.25,,,65.625,65.625,,,,7.5,,,8.0,6.5,6.25,6.0,6.75,,,,,2.25,0.0,0.75,0.5,0.0,0.0,,,,,,,0.0,0.0,0.0,0.25,0.0,0.75,0.0,0.0,0.0,0.0,2.5,8.5,,,,,9.5,5.25,1.75,,,,,,,,,,,,,,,1.5,1.5,2.25,2.25,3.5,1.75,1.75,4.0,1.6666666,1.6666666,3.75,3.5,2.25,2.25,3.5,3.5,,,,,,,,,,,,,,,,,,
NAM_27112024_P1,Namibia,NAM,2024.0,2024-11-27,Presidential,4.0,,2,2,2,3,10106.0,1,1,0,,52.168365,44.387756,54.7043,48.387096,57.72425,57.916664,59.583336,61.574074,51.822914,58.76519,60.112846,58.541664,64.583336,51.822914,5.0,,2.0,4.0,2.5,3.5,2.25,3.75,3.25,2.75,3.5,4.0,68.75,68.75,63.39286,63.39286,,2.0,2.75,2.75,2.5,37.5,37.5,37.5,37.5,,2.5,3.5,3.0,3.0,2.6666667,50.0,51.38889,50.0,51.38889,,2.5,3.5,3.3333333,2.6666667,2.3333333,3.6666667,3.25,2.75,54.166664,56.944443,53.125,53.645836,,2.25,3.75,3.75,3.25,3.3333333,2.6666667,2.0,4.0,3.5,2.0,4.0,60.0,62.083336,61.904762,63.988094,,4.0,3.3333333,2.6666667,3.0,4.0,3.5,4.0,2.0,3.75,65.0,60.833332,58.928574,56.845238,,3.0,3.0,2.0,2.5,3.5,3.0,3.0,2.5,3.5,48.333332,47.5,51.38889,50.0,,2.0,4.0,3.0,3.0,2.25,3.75,3.5,4.0,1.75,3.3333333,2.6666667,3.0,2.6666667,3.3333333,50.0,60.416664,47.5,48.75,,3.5,2.75,3.5,2.0,4.0,2.0,4.0,62.5,63.75,62.5,63.75,,4.5,1.5,4.0,2.0,2.0,4.0,3.75,3.3333333,45.3125,45.3125,48.333332,47.916668,,2.5,3.0,2.5,1.75,2.25,3.75,35.9375,35.9375,42.5,42.5,,8.5,1.25,,7.25,6.0,5.25,5.25,4.5,,0.0,0.0,0.0,1.75,1.0,1.0,1.0,1.0,,6.0,5.0,0.0,4.75,,3.25,0.0,0.0,0.0,0.25,0.0,0.75,0.0,0.0,0.0,,3.0,9.0,,1.25,4.5,2.5,,,,,,,,,,,,,,,,,,,,,,,,,,,,,,,,,,,,,,,,,,,,,,,,,,,
NPL_19112013_L1,Nepal,NPL,2013.0,2013-11-19,Legislative,18.0,,4,4,1,1,2239.4033,3,4,0,,48.214733,31.632652,,,53.511265,52.082123,32.97056,64.583336,64.40904,54.497494,52.905094,37.38426,62.5,65.200615,7.0,,1.9444444,4.0555553,2.0588236,3.9411764,2.2222223,3.7777777,,,,,73.039215,73.12092,,,,3.7058823,3.3125,3.4117646,3.8235295,63.671875,64.08548,63.671875,64.08548,,2.4615386,3.5384614,2.2307692,3.7692308,2.7692308,58.974358,58.974358,58.974358,58.974358,,4.1875,1.8125,2.8823528,3.1176472,2.4285715,3.5714285,,,46.794872,45.846462,,,,2.1111112,3.8888888,3.1666667,3.6666667,3.5882354,2.4117646,2.6666667,3.3333333,,,,56.764706,57.3366,,,,2.8333333,2.5,3.5,3.1176472,2.8888888,3.0833333,,,,50.5,52.116013,,,,2.8333333,2.2666667,1.6470588,3.3125,2.6875,3.0666666,2.9333334,,,34.090908,36.839462,,,,3.3529413,2.6470587,3.375,2.625,3.6470587,4.0,3.25,1.3636364,1.3333334,,,,,,44.791668,48.053143,,,,3.1875,3.235294,3.6470587,1.75,4.25,2.0,4.0,67.333336,66.599266,67.333336,66.599266,,4.2941175,1.7058823,3.2941177,2.7058823,2.0588236,3.9411764,3.0,,46.484375,45.955883,,,,3.5882354,3.875,3.4666667,3.764706,,,66.96429,66.8413,,,,8.733334,,,5.882353,4.8235292,4.882353,4.8235292,6.0588236,,,,,2.7142856,0.16666667,0.7222222,0.2777778,0.11111111,0.055555556,,,,,,,0.0,0.0,0.0,0.055555556,0.2777778,0.5,0.22222222,0.11111111,0.22222222,0.7777778,5.0,8.529411,,4.352941,6.4375,6.0588236,,,,,,,,,,,,,,,,,,,,,,,,,,,,,,,,,,,,,,,,,,,,,,,,,,,
NPL_07122017_L1,Nepal,NPL,2017.0,2017-12-07,Legislative,10.0,,3,4,1,1,2467.841139,3,4,0,,62.273243,63.265305,,,59.519676,51.319443,40.162037,65.27778,81.31944,59.444447,48.958332,41.25,65.625,81.94444,7.6,,2.4,3.6,2.1,3.9,1.5,4.5,,,,,75.0,75.0,,,,4.4,2.9,4.0,4.4,73.125,73.125,73.125,73.125,,2.25,3.75,2.25,3.75,2.875,61.458332,61.458332,61.458332,61.458332,,3.3333333,2.6666667,2.1111112,3.8888888,2.1111112,3.8888888,,,67.708336,62.037037,,,,1.6,4.4,3.4,4.3,4.2,1.8,2.0,4.0,,,,66.25,64.5,,,,2.8,2.5555556,3.4444444,3.4444444,3.1,4.111111,,,,60.0,59.5,,,,3.25,2.25,1.3333334,4.3333335,1.6666666,3.9,2.1,3.625,2.375,28.333334,28.0,32.5,29.0625,,2.25,3.75,2.875,3.125,3.6666667,4.1,3.8333333,1.2222222,1.2222222,,,,,,57.291664,57.07176,,,,4.0,3.3,4.3,1.6,4.4,1.3,4.7,78.5,78.5,78.5,78.5,,2.5555556,3.4444444,2.1111112,3.8888888,1.5,4.5,4.125,,74.10714,74.739586,,,,3.5,3.6,3.6,4.1,,,67.5,67.5,,,,9.2,,,6.7,5.8,6.3,7.0,7.8,,,,,2.8,0.2,0.7,0.2,0.2,0.0,,,,,,,0.0,0.0,0.0,0.0,0.4,0.4,0.2,0.0,0.0,0.8,5.7,8.9,,,,,7.9,6.1,5.1,,,,,4.4,,,,,,22.2,13.3,12.5,12.6,2.2,2.2,,,,,,,,,,,,,,,,,,,,,,,,,,,,,,,,
NPL_20112022_L1,Nepal,NPL,2022.0,2022-11-20,Legislative,5.0,,3,4,1,2,4209.759392786216,3,4,0,,57.49362,56.632652,,,59.770832,50.541664,45.729164,67.8125,75.0,61.661457,49.979164,48.88889,70.0,77.77778,7.4,,2.4,3.6,2.6,3.4,1.6,4.4,,,,,70.0,70.0,,,,3.8,4.2,4.0,4.2,76.25,76.25,76.25,76.25,,2.0,4.0,2.4,3.6,3.2,65.0,65.0,65.0,65.0,,3.25,2.75,2.4,3.6,3.0,3.0,,,47.22222,52.916664,,,,1.8,4.2,2.8,3.0,4.8,1.2,2.2,3.8,,,,50.0,50.0,,,,3.6,2.75,3.25,3.75,3.4,3.0,,,,53.333332,60.0,,,,2.75,2.25,1.8,3.4,2.6,3.0,3.0,3.4,2.6,50.0,37.0,52.083332,37.5,,2.6,3.4,3.2,2.8,3.2,4.0,3.6666667,2.25,1.5,,,,,,50.0,55.48611,,,,4.0,3.8,4.2,1.8,4.2,1.8,4.2,77.0,77.0,77.0,77.0,,2.6,3.4,2.2,3.8,2.0,4.0,3.6666667,,62.5,67.916664,,,,4.0,4.2,4.0,4.2,,,77.5,77.5,,,,8.2,,,5.8,4.8,5.8,5.8,7.0,,1.6,,,1.0,0.0,0.8,0.2,0.0,0.0,,,,,,,0.0,0.0,0.0,0.0,0.2,0.8,0.0,0.0,0.0,0.4,4.0,9.0,,,,,8.2,6.2,3.2,,,,,,,,,,,,,,,,,,,,,,,,,,,,,,,1.75,4.25,3.75,2.25,3.75,1.6666666,4.3333335,1.6666666,4.3333335,1.6666666,4.3333335,1.6666666,4.3333335,3.5,1.6666666,4.3333335,1.6666666,4.3333335
NLD_12092012_L1,Netherlands,NLD,2012.0,2012-09-12,Legislative,24.0,,1,1,2,4,46707.27,4,6,1,,76.03352,71.17347,,,81.11416,74.25173,88.95202,78.6798,82.5731,81.95168,74.30556,89.0625,78.385414,86.05324,,,1.2916666,4.7083335,1.3333334,4.6666665,1.4347826,4.5652175,,,,,90.94203,91.16848,,,,4.5,4.695652,4.5833335,4.75,91.304344,90.80616,91.304344,90.80616,,1.5,4.5,1.6666666,4.3333335,3.2,73.333336,75.27778,73.333336,75.27778,,1.4285715,4.571429,1.6363636,4.3636365,1.6111112,4.388889,,,84.803925,86.03295,,,,1.3333334,4.6666665,3.9166667,4.2083335,2.7083333,3.2916667,1.5652174,4.4347825,,,,78.04348,77.590576,,,,3.5,2.0416667,3.9583333,3.875,3.6818182,1.7142857,,,,57.307693,58.647186,,,,3.590909,3.35,2.2272727,1.5416666,4.4583335,2.2,3.8,,,60.0,62.132576,,,,1.1666666,4.8333335,1.3333334,4.6666665,4.6666665,4.5652175,4.095238,4.5,1.3888888,,,,,,90.885414,88.86301,,,,4.4583335,4.4166665,4.6086955,1.4736842,4.5263157,1.5,4.5,87.94118,87.55006,87.94118,87.55006,,1.4090909,4.590909,1.2272727,4.7727275,1.2,4.8,3.75,,85.22727,86.96023,,,,4.625,4.7272725,4.2,4.478261,,,87.82895,87.690834,,,,9.0,,,8.25,7.125,7.375,6.375,8.458333,,,,,2.8181818,0.125,0.9583333,0.0,0.0,0.0,,,,,,,0.0,0.0,0.0,0.0,0.875,0.125,0.0,0.0,0.041666668,0.9583333,3.652174,8.208333,,,,,,,,,,,,,,,,,,,,,,,,,,,,,,,,,,,,,,,,,,,,,,,,,,,,,,,
NLD_15032017_L1,Netherlands,NLD,2017.0,2017-03-15,Legislative,17.0,,1,1,2,4,50898.09,4,6,1,,84.08981,88.77551,,,84.12796,82.026344,83.49244,84.92647,86.0666,84.49959,80.56373,83.25163,84.92647,89.25654,9.117647,,1.2941177,4.7058825,1.2352941,4.7647057,1.1764706,4.8235292,,,,,94.117645,94.117645,,,,4.5,4.647059,4.8125,4.75,92.1875,91.934746,92.1875,91.934746,,1.2,4.8,1.0,5.0,5.0,97.916664,98.333336,97.916664,98.333336,,1.3076923,4.6923075,1.4,4.6,1.5384616,4.4615383,,,92.361115,89.61539,,,,1.0,5.0,4.0588236,4.0588236,2.4705882,3.5294118,1.4117647,4.5882354,,,,81.5625,81.17647,,,,4.0,1.7058823,4.2941175,4.5882354,4.352941,2.5,,,,73.75,73.67647,,,,3.5294118,3.8125,3.1764705,1.5882353,4.4117646,1.875,4.125,1.3333334,4.6666665,70.333336,70.275734,73.809525,73.84089,,1.2352941,4.7647057,1.625,4.375,4.529412,4.647059,3.8461537,4.0,1.1818181,,,,,,84.375,84.00971,,,,4.625,4.529412,4.9375,1.3076923,4.6923075,1.3333334,4.6666665,91.818184,92.25443,91.818184,92.25443,,1.1764706,4.8235292,1.125,4.875,1.0588236,4.9411764,4.0,,89.28571,91.49816,,,,4.9375,4.352941,4.375,4.7058825,,,90.0,89.82077,,,,9.3529415,,,8.411765,6.882353,7.2352943,7.352941,8.823529,,,,,2.764706,0.1764706,0.9411765,0.05882353,0.05882353,0.05882353,,,,,,,0.0,0.0,0.0,0.0,0.7647059,0.1764706,0.0,0.0,0.05882353,0.88235295,3.7333333,8.3529415,,,,,9.529411,4.7058825,1.3529412,,,,,4.529412,,,,,,47.294117,37.411766,4.117647,4.2941175,7.117647,7.117647,,,,,,,,,,,,,,,,,,,,,,,,,,,,,,,,
NLD_17032021_L1,Netherlands,NLD,2021.0,2021-03-17,Legislative,11.0,,1,1,2,4,63766.88711321251,4,6,1,,82.7875,,,,82.37264,75.894775,92.56674,78.63636,82.39268,82.71543,77.45265,92.42424,78.40909,82.57576,8.9,,1.2727273,4.7272725,1.4545455,4.5454545,1.2727273,4.7272725,,,,,91.666664,91.666664,,,,4.2727275,4.2727275,4.5454545,4.5454545,85.22727,85.22727,85.22727,85.22727,,3.0,3.0,1.0,5.0,5.0,83.33333,83.333336,83.33333,83.333336,,1.2222222,4.7777777,1.1111112,4.888889,1.3333334,4.6666665,,,94.44444,94.44444,,,,1.0909091,4.909091,4.181818,4.0,2.5,3.5,1.6,4.4,,,,79.44444,79.954544,,,,3.5454545,2.6,3.4,4.0,3.7272727,2.4,,,,69.0,60.363636,,,,4.090909,2.7777777,2.8888888,1.7272727,4.2727275,1.8888888,4.111111,1.1818181,4.818182,65.625,65.70707,71.354164,70.664986,,1.0909091,4.909091,1.4,4.6,4.181818,4.818182,4.571429,4.7272725,1.1818181,,,,,,90.47619,90.8658,,,,4.8,4.8,4.9,1.125,4.875,1.2,4.8,98.125,95.875,98.125,95.875,,1.6666666,4.3333335,1.7777778,4.2222223,1.1,4.9,3.75,,81.25,82.53472,,,,4.6,4.5,4.1,4.7,,,86.875,86.875,,,,9.0,,,8.7,6.9,7.0,7.5,8.8,,,,,1.0,0.18181819,0.72727275,0.0,0.0,0.0,,,,,,,0.0,0.0,0.0,0.0,0.8181818,0.18181819,0.0,0.0,0.09090909,0.90909094,3.7777777,8.7,,,,,9.5,4.4,1.7,,,,,,,,,,,,,,,,,,,,,,,,,,,,,,,,,,,,,,,,,,,,,,,,
NLD_22112023_L1,Netherlands,NLD,2023.0,2023-11-22,Legislative,11.0,,1,1,2,4,69954.0,4,6,1,,89.356575,,84.07421,,81.64627,79.227974,80.622055,75.392815,91.34224,81.38179,78.027145,81.21212,76.0101,90.27778,9.454545,,1.2727273,4.7272725,1.2727273,4.7272725,1.2727273,4.7272725,4.818182,4.0,4.5454545,4.4545455,93.181816,93.181816,87.5,89.28571,,4.6363635,4.4545455,4.909091,4.909091,93.181816,93.181816,93.181816,93.181816,,1.0,5.0,1.0,5.0,5.0,100.0,100.0,100.0,100.0,,1.6666666,4.3333335,1.2222222,4.7777777,1.4444444,4.5555553,1.3,4.7,87.5,88.888885,89.0625,89.791664,,1.6363636,4.3636365,4.4545455,4.2727275,2.4,3.6,1.2727273,4.7272725,4.5,2.6,3.4,82.0,82.09091,80.55556,79.707794,,4.2222223,1.4545455,4.5454545,4.181818,4.181818,2.3333333,3.4444444,2.5555556,3.4545455,70.0,72.323235,61.904762,65.98124,,4.3636365,3.3,3.0,1.8181819,4.181818,1.4444444,4.5555553,1.2,4.8,76.875,72.00505,77.38095,75.83754,,1.1,4.9,1.4444444,4.5555553,4.5454545,4.818182,4.090909,4.9,1.5714285,2.7777777,3.2222223,3.3333333,2.1111112,3.8888888,91.145836,90.87542,72.916664,70.63636,,4.818182,4.7272725,4.818182,1.1111112,4.888889,1.2,4.8,96.111115,95.26263,96.111115,95.26263,,1.2,4.8,2.5454545,3.4545455,1.1818181,4.818182,4.5,4.3,87.5,84.829544,86.42857,84.36364,,4.7272725,4.5454545,4.5454545,4.6363635,1.4,4.6,90.34091,90.34091,90.5,90.27273,,9.272727,,,8.636364,6.909091,7.090909,7.181818,8.818182,,0.0,0.0,0.0,1.4545455,1.0,1.0,,1.0,,,,,,,,0.0,0.0,0.0,0.0,0.72727275,0.18181819,0.0,0.0,0.0,1.0,3.7,8.909091,,,,,3.909091,5.090909,1.9090909,,,,,,,,,,,,,,,,,,,,,,,,,,,,,,,,,,,,,,,,,,,,,,,,
NZL_20092014_L1,New Zealand,NZL,2014.0,2014-09-20,Legislative,13.0,,1,1,2,4,37182.25,5,3,1,,73.12928,79.591835,,,77.284065,71.06469,80.679146,67.70105,89.69136,78.187096,71.375534,79.88782,70.67308,90.811966,9.153846,,1.9230769,4.076923,2.8461537,3.1538463,1.6923077,4.3076925,,,,,71.15385,71.15385,,,,4.6153846,4.6923075,5.0,5.0,97.15909,95.67308,97.15909,95.67308,,2.5,3.5,2.375,3.625,3.909091,68.75,66.95076,68.75,66.95076,,3.7692308,2.2307692,2.090909,3.909091,2.2,3.8,,,60.416664,57.83217,,,,1.25,4.75,4.076923,4.230769,2.1666667,3.8333333,1.2307693,4.769231,,,,81.818184,83.301285,,,,2.909091,3.0,3.0,3.6363637,3.2727273,2.75,,,,43.333332,52.840908,,,,3.6666667,2.4545455,3.5,2.5833333,3.4166667,2.5555556,3.4444444,,,60.0,57.411617,,,,1.3076923,4.6923075,2.090909,3.909091,4.4166665,4.4615383,4.3,4.6666665,2.8,,,,,,86.90476,85.192795,,,,4.5454545,4.5384617,4.5384617,1.6,4.4,1.4444444,4.5555553,90.0,87.88966,90.0,87.88966,,1.6363636,4.3636365,1.3636364,4.6363635,1.0,5.0,4.3333335,,87.5,89.583336,,,,4.6923075,4.6923075,4.3333335,4.4615383,,,89.0625,88.621796,,,,8.307693,,,8.916667,7.0,7.3846154,7.0,8.692307,,,,,2.8,0.07692308,0.9230769,0.0,0.0,0.07692308,,,,,,,0.0,0.0,0.0,0.0,0.53846157,0.46153846,0.0,0.0,0.0,0.61538464,3.8461537,8.307693,,5.8461537,8.615385,8.230769,,,,,,,,,,,,,,,,,,,,,,,,,,,,,,,,,,,,,,,,,,,,,,,,,,,
NZL_23092017_L1,New Zealand,NZL,2017.0,2017-09-23,Legislative,11.0,,1,1,2,4,39058.6924,5,3,1,,72.892715,64.79592,,,76.4366,71.77146,82.211876,63.75,88.01307,77.40293,72.30114,83.39647,65.90909,88.00505,9.363636,,2.5454545,3.4545455,2.3636363,3.6363637,1.7272727,4.2727275,,,,,69.69697,69.69697,,,,4.5454545,4.7272725,4.7272725,4.818182,92.61364,92.61364,92.61364,92.61364,,1.7,4.3,1.8888888,4.111111,4.0,80.55556,78.42593,80.55556,78.42593,,3.3333333,2.6666667,1.875,4.125,1.6,4.4,,,71.666664,68.263885,,,,1.6363636,4.3636365,4.2727275,4.2727275,1.6363636,4.3636365,1.3636364,4.6363635,,,,84.545456,84.545456,,,,2.8,3.2,2.8,3.2,3.0,2.4285715,,,,48.57143,46.142857,,,,3.8,3.0,3.1,2.5454545,3.4545455,2.1,3.9,1.2727273,4.7272725,59.375,61.272728,64.583336,66.59091,,1.3636364,4.6363635,2.1111112,3.8888888,4.7,4.3,4.3,4.5,2.2,,,,,,86.309525,84.68855,,,,4.5454545,4.6363635,4.818182,2.0,4.0,1.5555556,4.4444447,86.42857,87.22222,86.42857,87.22222,,2.2,3.8,2.0,4.0,1.1,4.9,4.428571,,79.46429,82.05357,,,,4.4545455,4.6363635,4.5,4.7,,,93.05556,89.318184,,,,9.0,,,9.090909,8.0,7.909091,8.181818,9.090909,,,,,2.8,0.0,1.0,0.0,0.0,0.0,,,,,,,0.0,0.0,0.0,0.0,0.6363636,0.36363637,0.0,0.0,0.0,0.72727275,3.4545455,8.363636,,,,,9.636364,5.909091,2.7272727,,,,,4.7272725,,,,,,29.636364,21.454546,11.818182,20.727272,1.9,1.9,,,,,,,,,,,,,,,,,,,,,,,,,,,,,,,,
NZL_17102020_L1,New Zealand,NZL,2020.0,2020-10-17,Legislative,6.0,,1,1,2,4,44657.77372482646,5,3,1,,75.457054,77.04082,,,80.045135,74.55556,84.83796,75.83333,84.953705,80.62355,74.46181,84.606476,79.166664,84.25926,9.166667,,2.1666667,3.8333333,1.6666666,4.3333335,1.5,4.5,,,,,80.55556,80.55556,,,,4.8333335,4.8333335,4.8,4.8333335,95.0,95.625,95.0,95.625,,1.8,4.2,1.8,4.2,4.0,78.333336,78.333336,78.333336,78.333336,,3.3333333,2.6666667,1.8333334,4.1666665,1.6666666,4.3333335,,,77.77778,68.05556,,,,1.25,4.75,4.1666665,3.8333333,2.1666667,3.8333333,2.0,4.0,,,,75.0,77.916664,,,,3.4,2.6,3.4,4.2,3.8,2.25,,,,61.25,60.25,,,,4.1666665,3.0,2.8,1.8333334,4.1666665,1.8,4.2,1.1666666,4.8333335,70.0,66.666664,75.0,71.52778,,1.1666666,4.8333335,1.25,4.75,4.8333335,4.6666665,4.5,4.3333335,1.6666666,,,,,,94.44444,91.31944,,,,4.0,4.0,4.1666665,1.75,4.25,2.1666667,3.8333333,73.75,76.25,73.75,76.25,,1.8333334,4.1666665,1.8,4.2,1.1666666,4.8333335,4.1666665,,83.75,83.541664,,,,4.8333335,4.8333335,4.5,4.5,,,91.666664,91.666664,,,,8.5,,,8.5,8.333333,8.666667,8.5,9.333333,,,,,1.5,0.16666667,1.0,0.0,0.0,0.16666667,,,,,,,0.0,0.0,0.0,0.0,0.5,0.5,0.0,0.0,0.0,0.8333333,4.1666665,9.166667,,,,,9.166667,4.1666665,1.6666666,,,,,,,,,,,,,,,,,,,,,,,,,,,,,,,,,,,,,,,,,,,,,,,,
NZL_14102023_L1,New Zealand,NZL,2023.0,2023-10-14,Legislative,11.0,,1,1,2,4,49816.0,5,3,1,,71.913666,70.28061,73.70572,70.46371,73.93664,69.94038,78.04104,63.762627,84.002525,74.64015,70.78914,78.46591,64.26768,85.03788,9.181818,,2.1818182,3.8181818,2.0,4.0,1.6363636,4.3636365,3.8181818,3.5,4.1,4.5,76.51515,76.51515,73.66071,75.35714,,4.4545455,4.5454545,4.818182,4.818182,91.47727,91.47727,91.47727,91.47727,,2.1818182,3.8181818,2.0,4.0,4.5454545,77.5,78.030304,77.5,78.030304,,3.5454545,2.4545455,1.6666666,4.3333335,1.875,4.125,3.8,2.2,65.47619,65.94066,58.035713,56.955494,,1.2727273,4.7272725,4.4545455,4.090909,2.090909,3.909091,1.2727273,4.7272725,4.0,3.1,2.9,84.545456,84.545456,76.78571,77.88961,,3.0,2.8,3.2,3.7,3.1,2.4285715,3.7,2.3,3.2727273,50.0,52.142857,48.469387,50.00464,,3.4444444,2.7,3.1111112,3.0,3.0,2.3636363,3.6363637,1.3636364,4.6363635,58.75,54.459595,64.0625,60.53451,,1.2727273,4.7272725,1.75,4.25,4.6363635,4.5454545,4.3636365,4.4545455,2.0,3.3,2.7,4.3636365,2.0,4.0,89.0625,87.405304,72.5,70.10227,,4.2727275,3.909091,4.5454545,2.0,4.0,1.4545455,4.5454545,80.833336,81.36364,80.833336,81.36364,,2.4545455,3.5454545,2.3636363,3.6363637,1.4545455,4.5454545,4.4,4.4,73.75,75.795456,76.0,77.63636,,4.818182,4.4545455,4.5454545,4.4545455,1.875,4.125,89.204544,89.204544,86.875,86.98864,,9.090909,,,8.454545,6.909091,7.909091,8.5,9.0,,0.0,0.0,0.0,1.8181819,1.0,1.0,1.0,,1.0,,,,,,,0.0,0.0,0.0,0.0,0.72727275,0.27272728,0.0,0.0,0.0,1.0,3.6,8.818182,,,,,5.909091,4.818182,1.7272727,,,,,,,,,,,,,,,,,,,,,,,,,,,,,,,,,,,,,,,,,,,,,,,,
NIC_06112016_P1,Nicaragua,NIC,2016.0,2016-11-06,Presidential,7.0,,4,3,1,2,5541.2773,2,9,0,,28.928572,,,,30.698248,27.303572,35.06614,28.928572,31.494709,33.12252,30.208332,37.003967,32.142857,33.134922,2.0,,3.142857,2.857143,3.857143,2.142857,4.285714,1.7142857,,,,,30.952381,30.952381,,,,2.3333333,3.0,1.8333334,2.857143,35.416668,37.64881,35.416668,37.64881,,4.0,2.0,4.0,2.0,2.6666667,25.0,30.555555,25.0,30.555555,,3.6666667,2.3333333,3.3333333,2.6666667,3.1666667,2.8333333,,,40.27778,40.27778,,,,4.285714,1.7142857,3.857143,3.0,4.285714,1.7142857,4.25,1.75,,,,33.75,35.17857,,,,2.7142856,3.8,2.2,1.6,2.857143,4.75,,,,38.333332,45.607143,,,,2.0,2.0,1.3333334,3.1666667,2.8333333,3.857143,2.142857,3.4,2.6,23.333334,26.547619,21.875,28.789682,,3.8333333,2.1666667,3.7142856,2.2857144,3.4285715,1.8571428,3.0,2.0,1.5,,,,,,37.5,36.40873,,,,3.0,3.142857,1.8571428,4.4,1.6,4.3333335,1.6666666,29.0,31.333334,29.0,31.333334,,3.4285715,2.5714285,3.5714285,2.4285715,2.5,3.5,2.3333333,,47.5,42.708332,,,,1.2857143,3.142857,1.5,2.0,,,21.875,24.553572,,,,8.142858,,,2.4285715,2.5714285,3.5714285,5.142857,1.8571428,,,,,2.2,0.14285715,0.71428573,0.2857143,0.2857143,0.2857143,,,,,,,0.0,0.0,0.0,0.0,0.14285715,0.0,0.0,0.0,0.0,0.42857143,2.857143,8.857142,,5.0,6.428571,5.571429,,,,,2.142857,3.5714285,3.5714285,2.7142856,1.5714285,30.285715,30.285715,4.571429,4.571429,,,,,,,,,,,,,,,,,,,,,,,,,,,,,,,,,,,,,,
NIC_07112021_P1,Nicaragua,NIC,2021.0,2021-11-07,Presidential,10.0,,7,5,0,2,6331.6724991679675,2,9,0,,13.966837,,,,22.539959,21.23016,30.171957,18.055555,20.70216,21.908854,20.864582,30.208332,18.75,20.0,3.0,,4.111111,1.8888888,4.6,1.4,4.2222223,1.7777778,,,,,18.75,17.222221,,,,2.0,2.25,1.7777778,2.125,27.34375,25.95486,27.34375,25.95486,,4.5,1.5,4.5,1.5,1.0,8.333333,8.333333,8.333333,8.333333,,3.2,2.8,3.5,2.5,3.75,2.25,,,41.666668,37.916668,,,,4.6,1.4,3.1666667,3.1666667,4.285714,1.7142857,4.4444447,1.5555556,,,,35.0,30.015873,,,,2.0,4.4444447,1.5555556,2.0,2.3333333,3.2857144,,,,36.25,30.873016,,,,1.6666666,1.6666666,1.4285715,3.6,2.4,4.285714,1.7142857,4.1666665,1.8333334,13.333333,19.380953,18.75,19.623016,,3.5714285,2.4285715,4.0,2.0,3.0,1.6666666,2.5,1.8333334,1.1666666,,,,,,41.666668,30.952381,,,,1.875,3.5,1.6,4.3,1.7,4.2222223,1.7777778,26.25,27.26389,26.25,27.26389,,4.25,1.75,2.2,3.8,2.3333333,3.6666667,1.6,,31.25,42.604168,,,,1.5,3.0,1.8,1.8888888,,,28.90625,26.180555,,,,8.5,,,3.1111112,3.0,3.2222223,3.2222223,2.7777777,,,,,1.3,0.1,0.9,0.3,0.0,0.1,,,,,,,0.0,0.0,0.0,0.0,0.0,0.9,0.0,0.1,0.0,0.0,2.3,8.5,,,,,9.7,4.3,1.9,,,,,,,,,,,,,,,,,,,,,,,,,,,,,,,,,,,,,,,,,,,,,,,,
NER_20032016_P2,Niger,NER,2016.0,2016-03-20,Presidential,4.0,,3,4,1,1,978.40216,1,2,0,,59.05612,,,,49.881363,41.770836,53.761574,42.1875,61.805557,54.435764,50.208332,57.46528,43.75,66.31944,6.0,,2.0,4.0,2.0,4.0,2.0,4.0,,,,,75.0,75.0,,,,3.0,3.5,3.25,3.25,56.25,56.25,56.25,56.25,,2.0,4.0,2.0,4.0,4.0,75.0,75.0,75.0,75.0,,4.6666665,1.3333334,3.25,2.75,3.5,2.5,,,29.166666,29.86111,,,,2.0,4.0,2.5,3.75,5.0,1.0,4.3333335,1.6666666,,,,35.0,39.583332,,,,2.75,4.0,2.0,3.0,3.0,3.0,,,,45.0,43.75,,,,3.0,2.5,1.5,3.75,2.25,5.0,1.0,3.3333333,2.6666667,20.0,26.25,33.333332,28.819445,,2.5,3.5,3.0,3.0,3.5,3.0,1.0,4.25,1.3333334,,,,,,66.666664,51.041664,,,,3.75,3.0,3.5,1.25,4.75,1.25,4.75,73.75,73.75,73.75,73.75,,4.25,1.75,3.25,2.75,2.5,3.5,2.6666667,,39.583332,41.666668,,,,3.0,4.25,4.0,3.5,,,68.75,67.1875,,,,9.0,,,8.0,5.5,5.5,5.5,7.0,,,,,2.5,0.5,1.0,0.25,0.75,0.0,,,,,,,0.0,0.0,0.0,0.0,0.0,0.0,0.0,0.0,0.0,0.0,2.5,9.25,,5.0,8.25,5.5,,,,,3.75,2.75,2.75,3.5,3.25,27.0,27.0,27.0,27.0,,,,,,,,,,,,,,,,,,,,,,,,,,,,,,,,,,,,,,
NGA_28032015_L1,Nigeria,NGA,2015.0,2015-03-28,Legislative,18.0,,4,5,1,2,6037.6973,1,2,0,,53.222206,53.265305,,,49.987362,49.421295,21.951538,59.02778,69.548836,50.54109,49.444447,24.710648,59.02778,68.98148,6.3333335,,1.9444444,4.0555553,1.8333334,4.1666665,2.1666667,3.8333333,,,,,75.46296,75.46296,,,,3.6111112,4.0,3.4444444,3.4444444,65.625,65.625,65.625,65.625,,2.5,3.5,2.0,4.0,3.2666667,64.28571,64.72222,64.28571,64.72222,,3.5,2.5,3.0555556,2.9444444,3.5,2.5,,,41.145832,41.203705,,,,1.7222222,4.2777777,2.6666667,3.6666667,3.0,3.0,2.6666667,3.3333333,,,,59.72222,59.72222,,,,2.5,3.5,2.5,2.8333333,2.7777777,4.1666665,,,,48.88889,48.88889,,,,2.0588236,1.882353,1.3529412,3.8888888,2.1111112,4.4444447,1.5555556,,,18.75,19.80392,,,,4.0588236,1.9411764,4.1764708,1.8235294,3.2222223,4.2222223,1.7692307,1.1428572,1.1538461,,,,,,34.166668,33.838493,,,,3.6111112,3.8888888,3.8333333,1.6875,4.3125,1.8235294,4.1764708,75.9375,74.11152,75.9375,74.11152,,2.8888888,3.1111112,2.4117646,3.5882354,1.75,4.25,3.8125,,66.25,67.26154,,,,3.6111112,4.111111,3.7777777,3.7777777,,,70.486115,70.486115,,,,9.3529415,,,5.611111,5.111111,5.1666665,5.611111,7.3333335,,,,,2.9444444,0.055555556,1.0,0.0,0.0,0.0,,,,,,,0.0,0.0,0.0,0.16666667,0.33333334,0.0,0.0,0.0,0.16666667,0.8888889,4.5555553,8.888889,,6.1666665,7.4444447,8.055555,,,,,,,,,,,,,,,,,,,,,,,,,,,,,,,,,,,,,,,,,,,,,,,,,,,
NGA_23022019_P1,Nigeria,NGA,2019.0,2019-02-23,Presidential,4.0,,4,5,1,2,5352.241118723676,1,2,1,,44.55782,,,,52.873264,42.395832,27.777779,59.375,81.94444,53.183598,42.942707,29.861113,59.375,80.55556,5.75,,2.75,3.25,1.6666666,4.3333335,2.0,4.0,,,,,80.55556,71.52778,,,,3.0,4.6666665,3.6666667,4.3333335,78.125,72.916664,78.125,72.916664,,4.0,2.0,4.0,2.0,2.0,25.0,25.0,25.0,25.0,,4.25,1.75,2.6666667,3.3333333,4.5,1.5,,,41.666664,29.86111,,,,2.25,3.75,1.75,2.75,3.3333333,2.6666667,3.5,2.5,,,,43.333332,42.083332,,,,2.75,2.75,3.25,3.5,3.0,3.5,,,,55.0,55.0,,,,2.3333333,1.6666666,1.75,3.5,2.5,3.25,2.75,3.75,2.25,33.333332,30.0,34.72222,30.208332,,4.75,1.25,4.0,2.0,3.5,3.75,2.75,1.6666666,1.3333334,,,,,,31.25,37.15278,,,,3.3333333,3.5,3.6666667,1.5,4.5,1.75,4.25,75.0,71.25,75.0,71.25,,4.25,1.75,3.0,3.0,1.6666666,4.3333335,4.3333335,,62.5,58.854168,,,,3.75,4.25,3.75,4.0,,,73.4375,73.4375,,,,9.666667,,,4.3333335,3.0,3.0,3.3333333,5.3333335,,,,,1.0,0.25,1.0,0.0,0.0,0.0,,,,,,,0.0,0.0,0.0,0.0,0.25,0.25,0.0,0.0,0.5,1.0,4.75,6.6666665,,,,,7.25,5.5,2.75,,,,,,,,,,,,,,,1.75,1.75,3.75,3.75,3.0,2.75,2.75,4.25,1.5,1.5,4.0,3.75,2.0,2.0,4.25,4.25,,,,,,,,,,,,,,,,,,
NGA_25022023_P1,Nigeria,NGA,2023.0,2023-02-25,Presidential,8.0,,4,5,1,2,5670.0,1,2,0,,42.2449,44.387756,41.38921,61.088707,43.042408,40.13889,35.651787,45.13889,51.240078,42.950302,39.42274,35.416668,45.13889,51.822914,4.142857,,2.125,3.875,2.5,3.5,2.0,4.0,3.75,2.5714285,3.375,3.0,69.791664,69.791664,57.65306,60.969387,,2.25,3.625,2.625,3.0,46.875,46.875,46.875,46.875,,2.6666667,3.3333333,2.6666667,3.3333333,3.3333333,58.333332,58.333332,58.333332,58.333332,,3.875,2.125,3.5,2.5,3.5,2.5,3.5,2.5,34.375,34.375,35.15625,35.15625,,3.0,3.0,2.25,2.5,3.625,2.375,3.25,2.75,2.125,4.0,2.0,39.375,39.375,35.714287,35.714287,,2.875,2.875,3.125,3.25,3.0,4.25,4.75,1.25,2.75,57.5,57.5,48.214287,48.214287,,2.125,2.125,1.875,4.25,1.75,4.5,1.5,4.571429,1.4285715,21.875,21.875,19.642857,20.014881,,4.75,1.25,4.625,1.375,3.25,3.25,2.8,1.1666666,1.2857143,3.75,2.25,2.8333333,3.5,2.5,29.166666,29.54861,30.625,26.6875,,2.875,2.5,2.5,2.5714285,3.4285715,2.5714285,3.4285715,46.42857,48.660713,46.42857,48.660713,,4.875,1.125,4.285714,1.7142857,2.75,3.25,3.75,2.875,38.392857,36.495537,39.285713,38.57143,,2.4285715,3.5714285,2.7142856,2.142857,3.8333333,2.1666667,42.857143,42.857143,43.333332,40.11905,,9.285714,,,4.857143,3.4285715,3.4285715,5.0,4.285714,,0.0,0.0,0.0,1.0,,1.0,,,1.0,,,,,,,0.0,0.0,0.0,0.125,0.25,0.375,0.0,0.0,0.125,1.0,4.857143,8.857142,,,,,4.285714,4.285714,2.0,,,,,,,,,,,,,,,,,,,,,,,,,,,,,,,,,,,,,,,,,,,,,,,,
MKD_27042014_P2,North Macedonia,MKD,2014.0,2014-04-27,Presidential,9.0,,3,3,1,3,13516.36,4,5,0,,47.614494,40.30612,,,46.318756,41.9494,48.26389,44.444443,50.617283,46.135223,40.405094,49.074074,44.444443,50.617283,5.0,,3.75,2.25,2.8888888,3.1111112,2.5555556,3.4444444,,,,,48.958332,48.379627,,,,3.0,4.111111,2.8888888,3.0,56.25,56.25,56.25,56.25,,3.6666667,2.3333333,3.0,3.0,2.6666667,41.666668,41.666668,41.666668,41.666668,,3.7777777,2.2222223,4.2222223,1.7777778,4.25,1.75,,,22.916666,22.916666,,,,2.0,4.0,3.5555556,3.6666667,4.3333335,1.6666666,2.4285715,3.5714285,,,,56.42857,57.301586,,,,1.5555556,4.0,2.0,1.7777778,1.4444444,3.8888888,,,,28.333334,28.333334,,,,3.0,2.125,2.1111112,3.5555556,2.4444444,4.375,1.625,,,33.57143,31.527779,,,,3.2222223,2.7777777,3.7777777,2.2222223,4.111111,3.7777777,2.8333333,3.5555556,1.625,,,,,,52.77778,55.324074,,,,3.625,4.3333335,3.75,2.1111112,3.8888888,2.2222223,3.7777777,73.125,71.875,73.125,71.875,,4.5555553,1.4444444,2.625,3.375,1.375,4.625,2.5555556,,50.0,50.0,,,,2.5555556,4.0,2.8888888,3.2222223,,,54.166668,54.166668,,,,9.444445,,,3.5555556,3.1111112,3.2222223,4.888889,4.4444447,,,,,2.7777777,0.11111111,0.8888889,0.22222222,0.11111111,0.22222222,,,,,,,0.22222222,0.22222222,0.0,0.0,0.33333334,0.44444445,0.0,0.0,0.0,1.0,5.111111,9.777778,,3.3333333,7.7777777,8.0,,,,,,,,,,,,,,,,,,,,,,,,,,,,,,,,,,,,,,,,,,,,,,,,,,,
MKD_11122016_L1,North Macedonia,MKD,2016.0,2016-12-11,Legislative,18.0,,4,3,1,3,15121.252,4,5,0,,46.242027,47.704082,,,51.785065,44.558823,53.029423,47.569443,61.98257,51.48389,43.744213,52.97068,47.569443,61.651234,5.611111,,3.7777777,2.2222223,3.2777777,2.7222223,2.6470587,3.3529413,,,,,45.098038,44.14488,,,,2.7777777,3.8888888,3.1764705,3.2222223,56.985294,56.658497,56.985294,56.658497,,2.9285715,3.0714285,2.857143,3.142857,3.0,51.785713,51.785713,51.785713,51.785713,,4.0588236,1.9411764,3.6111112,2.3888888,3.4705882,2.5294118,,,31.770832,32.162308,,,,2.2777777,3.7222223,3.6470587,3.5555556,4.2941175,1.7058823,2.357143,3.642857,,,,59.642857,56.36788,,,,2.1111112,4.0555553,1.9444444,2.5,2.2777777,3.6470587,,,,37.64706,37.401962,,,,2.4117646,2.4705882,2.2222223,3.3333333,2.6666667,4.3333335,1.6666666,3.7222223,2.2777777,31.5625,32.18954,31.510416,32.148693,,2.9333334,3.0666666,3.8823528,2.1176472,4.0,3.7777777,2.2857144,4.2222223,1.4285715,,,,,,60.984848,56.12512,,,,3.5625,2.6111112,3.4666667,2.1764705,3.8235295,2.2941177,3.7058823,62.333332,60.848446,62.333332,60.848446,,3.6111112,2.3888888,3.1111112,2.8888888,2.1176472,3.8823528,3.7058823,,56.640625,55.412582,,,,2.5555556,3.3529413,3.0,2.6470587,,,47.42647,47.22222,,,,9.388889,,,2.9444444,2.4444444,2.9444444,4.7777777,4.2777777,,,,,2.6666667,0.22222222,0.7777778,0.33333334,0.11111111,0.11111111,,,,,,,0.11111111,0.0,0.0,0.11111111,0.3888889,0.0,0.0,0.055555556,0.0,0.7222222,4.5555553,9.333333,,4.3333335,7.8333335,9.0,,,,,2.5555556,9.111111,9.111111,3.2222223,2.7777777,9.444445,9.444445,4.5,4.5,,,,,,,,,,,,,,,,,,,,,,,,,,,,,,,,,,,,,,
MKD_05052019_P2,North Macedonia,MKD,2019.0,2019-05-05,Presidential,3.0,,3,3,1,3,17546.416922602897,4,5,0,,47.023808,40.30612,,,48.287037,47.083332,47.685184,43.75,54.629627,48.1713,47.083332,47.22222,43.75,54.629627,6.0,,4.3333335,1.6666666,3.6666667,2.3333333,3.6666667,2.3333333,,,,,27.777779,27.777779,,,,3.3333333,4.0,3.3333333,3.0,60.416668,60.416668,60.416668,60.416668,,3.0,3.0,2.3333333,3.6666667,2.0,47.22222,47.22222,47.22222,47.22222,,4.0,2.0,4.0,2.0,4.0,2.0,,,25.0,25.0,,,,2.3333333,3.6666667,3.6666667,2.0,4.3333335,1.6666666,2.0,4.0,,,,50.0,50.0,,,,2.3333333,4.0,2.0,3.3333333,2.3333333,4.3333335,,,,46.666668,46.666668,,,,3.0,3.3333333,2.6666667,3.3333333,2.6666667,4.3333335,1.6666666,4.3333335,1.6666666,41.666668,41.666668,37.5,37.5,,3.0,3.0,4.5,1.5,4.0,3.3333333,2.6666667,4.0,1.0,,,,,,41.666668,52.083332,,,,3.0,3.3333333,3.0,2.3333333,3.6666667,2.3333333,3.6666667,58.333332,58.333332,58.333332,58.333332,,3.6666667,2.3333333,1.6666666,4.3333335,1.3333334,4.6666665,3.3333333,,66.666664,66.666664,,,,3.0,4.0,2.3333333,2.6666667,,,50.0,50.0,,,,9.666667,,,3.3333333,3.3333333,4.6666665,6.6666665,4.3333335,,,,,1.0,0.33333334,1.0,0.6666667,0.6666667,0.0,,,,,,,0.33333334,0.33333334,0.0,0.0,0.33333334,0.33333334,0.0,0.0,0.0,0.6666667,4.3333335,10.0,,,,,7.3333335,5.6666665,4.3333335,,,,,,,,,,,,,,,2.6666667,2.6666667,4.3333335,4.3333335,2.0,3.3333333,3.3333333,3.6666667,2.0,2.0,2.6666667,2.6666667,4.0,4.0,4.0,4.0,,,,,,,,,,,,,,,,,,
MKD_15072020_L1,North Macedonia,MKD,2020.0,2020-07-15,Legislative,5.0,,3,3,1,3,16719.69009595218,4,5,0,,48.85204,40.30612,,,50.62153,45.333332,50.48611,58.75,47.916668,51.026043,45.354164,51.11111,58.75,48.88889,5.6,,4.4,1.6,3.4,2.6,3.4,2.6,,,,,31.666666,31.666666,,,,3.2,3.2,2.6,2.8,48.75,48.75,48.75,48.75,,3.6666667,2.3333333,3.0,3.0,2.6666667,41.666668,41.666668,41.666668,41.666668,,3.8,2.2,3.6,2.4,4.2,1.8,,,28.333332,28.333332,,,,2.6,3.4,3.6,3.8,3.8,2.2,2.8,3.2,,,,56.0,56.0,,,,2.4,3.0,3.0,2.6,2.4,3.2,,,,43.0,43.0,,,,2.6,2.6,2.2,2.4,3.6,3.8,2.2,3.4,2.6,41.0,41.0,40.833332,40.833332,,2.8,3.2,3.6,2.4,3.8,4.0,2.5,3.6,1.6666666,,,,,,53.125,56.25,,,,3.0,2.6,3.2,3.2,2.8,2.8,3.2,49.0,49.0,49.0,49.0,,3.6,2.4,3.0,3.0,2.0,4.0,3.2,,50.0,53.75,,,,2.4,3.5,2.25,2.6,,,37.5,42.1875,,,,8.8,,,3.0,3.0,3.2,6.2,5.6,,,,,1.25,0.0,1.0,0.2,0.2,0.0,,,,,,,0.0,0.2,0.0,0.0,0.2,0.6,0.0,0.0,0.0,0.8,3.75,8.8,,,,,8.2,6.0,3.6,,,,,,,,,,,,,,,,,,,,,,,,,,,,,,,,,,,,,,,,,,,,,,,,
MKD_08052024_P2,North Macedonia,MKD,2024.0,2024-05-08,Presidential,8.0,,3,3,1,3,5439.0,4,5,0,,55.719147,53.741497,57.703533,55.241936,57.23028,50.602676,53.31845,56.25,68.75,57.282986,51.26736,53.645836,56.25,67.96875,7.125,,3.5,2.5,3.0,3.0,2.0,4.0,3.375,3.5,3.0,3.625,54.166668,54.166668,57.142857,57.142857,,3.75,4.0,3.857143,4.0,72.32143,72.54464,72.32143,72.54464,,3.5,2.5,3.1666667,2.8333333,2.3333333,38.88889,38.88889,38.88889,38.88889,,3.0,3.0,3.0,3.0,2.8,3.2,2.8333333,3.1666667,45.833332,51.666668,46.875,52.291668,,2.125,3.875,3.5,3.625,4.0,2.0,2.25,3.75,3.2857144,3.0,3.0,58.75,58.75,55.10204,57.27041,,3.125,3.125,2.875,3.5,3.125,3.0,3.75,2.25,3.125,49.166668,53.125,47.02381,50.0,,2.625,2.625,2.75,3.0,3.0,3.857143,2.142857,3.857143,2.142857,42.142857,40.714287,39.88095,38.690475,,2.25,3.75,3.2857144,2.7142856,3.875,3.875,3.5,3.7142856,1.8571428,2.857143,3.142857,2.5,2.4285715,3.5714285,64.583336,64.28571,50.0,51.607143,,4.0,4.0,3.75,2.25,3.75,2.25,3.75,71.25,71.25,71.25,71.25,,2.5,3.5,1.875,4.125,1.75,4.25,4.0,3.75,70.833336,74.21875,71.666664,73.125,,3.375,3.75,3.375,3.625,2.5,3.5,63.28125,63.28125,63.125,63.125,,9.5,1.75,,4.375,4.875,5.375,6.75,6.875,,0.0,0.0,0.0,1.125,1.0,1.0,1.0,1.0,1.0,5.625,3.625,0.125,5.0,1.0,3.375,0.0,0.0,0.0,0.0,0.375,0.5,0.0,0.125,0.0,1.0,4.125,8.5,,4.25,6.875,4.125,,,,,,,,,,,,,,,,,,,,,,,,,,,,,,,,,,,,,,,,,,,,,,,,,,,
NOR_09092013_L1,Norway,NOR,2013.0,2013-09-09,Legislative,13.0,,1,1,2,4,66959.289,4,6,1,,82.55387,,,,85.4105,79.50618,91.721054,84.25481,86.15995,85.47209,80.05609,89.823715,83.17308,88.83547,9.615385,,1.8333334,4.1666665,2.2307692,3.7692308,1.1538461,4.8461537,,,,,82.638885,81.51709,,,,4.4615383,4.5384617,4.9166665,4.8461537,92.1875,92.26763,92.1875,92.26763,,2.142857,3.857143,1.7142857,4.285714,4.0,76.190475,76.190475,76.190475,76.190475,,1.2,4.8,1.3333334,4.6666665,1.5555556,4.4444447,,,94.791664,90.92593,,,,1.1538461,4.8461537,4.230769,3.7692308,1.6153846,4.3846154,1.4615384,4.5384617,,,,83.84615,83.84615,,,,4.0,1.75,4.25,4.0,3.8461537,2.0,,,,75.0,65.48077,,,,4.0833335,2.9,3.75,1.5384616,4.4615383,1.6363636,4.3636365,,,70.5,72.79254,,,,1.3846154,4.6153846,1.0,5.0,4.6923075,4.6153846,4.090909,4.6363635,3.0,,,,,,92.361115,90.20979,,,,4.8333335,5.0,4.923077,1.2,4.8,1.2,4.8,96.25,96.78205,96.25,96.78205,,1.0769231,4.923077,1.1538461,4.8461537,1.0769231,4.923077,3.857143,,90.17857,90.93407,,,,4.8461537,4.6153846,4.3076925,4.769231,,,90.86539,90.86539,,,,9.333333,,,9.384615,8.538462,8.615385,8.307693,9.307693,,,,,3.0,0.07692308,0.9230769,0.07692308,0.0,0.0,,,,,,,0.0,0.0,0.0,0.0,0.6923077,0.30769232,0.0,0.0,0.0,0.6923077,3.3333333,8.769231,,4.3846154,7.6153846,7.3076925,,,,,,,,,,,,,,,,,,,,,,,,,,,,,,,,,,,,,,,,,,,,,,,,,,,
NOR_09112017_L1,Norway,NOR,2017.0,2017-11-09,Legislative,16.0,,1,1,2,4,59301.67024,4,6,1,,82.2387,82.397964,,,85.85096,80.00317,93.775185,83.489586,86.13591,87.0345,80.364586,93.7717,84.375,89.62673,9.6875,,2.25,3.75,2.0625,3.9375,1.25,4.75,,,,,78.645836,78.645836,,,,4.6666665,4.3125,4.6666665,4.75,89.583336,89.97396,89.583336,89.97396,,2.2857144,3.7142856,1.375,4.625,4.25,78.57143,79.91071,78.57143,79.91071,,1.3076923,4.6923075,1.2142857,4.785714,1.2857143,4.714286,,,94.23077,93.269226,,,,1.25,4.75,4.1875,3.75,2.0,4.0,1.1875,4.8125,,,,82.14286,82.5,,,,3.9333334,2.2,3.8,4.1538463,3.9230769,2.3333333,,,,67.22222,65.71795,,,,4.25,3.4285715,3.857143,1.625,4.375,1.4666667,4.5333333,1.125,4.875,76.15385,77.22024,79.80769,80.49603,,1.0,5.0,1.2,4.8,4.5333333,4.8125,4.357143,4.769231,2.8,,,,,,92.361115,92.800865,,,,4.875,4.8125,4.9375,1.3571428,4.642857,1.5714285,4.428571,93.46154,93.48214,93.46154,93.48214,,1.0,5.0,1.2142857,4.785714,1.0,5.0,4.0,,91.96429,92.41071,,,,4.9375,4.5,4.6875,4.8,,,93.333336,93.28125,,,,8.6875,,,9.125,8.0625,8.6875,8.5625,9.375,,,,,2.375,0.1875,0.875,0.0625,0.0,0.0,,,,,,,0.0,0.0625,0.0,0.0,0.625,0.375,0.0,0.0,0.0,0.6875,3.4,8.1875,,,,,9.6875,5.625,2.6875,,,,,4.6875,,,,,,56.625,39.625,10.25,10.466666,7.4375,7.4375,,,,,,,,,,,,,,,,,,,,,,,,,,,,,,,,
NOR_13092021_L1,Norway,NOR,2021.0,2021-09-13,Legislative,5.0,,1,1,2,4,79201.23024678003,4,6,1,,72.19388,72.19388,,,81.114586,77.375,83.333336,72.5,91.25,81.26736,78.958336,83.333336,72.5,90.27778,9.4,,2.6,3.4,2.0,4.0,1.4,4.6,,,,,75.0,75.0,,,,4.6,4.8,4.8,5.0,95.0,95.0,95.0,95.0,,2.5,3.5,2.0,4.0,4.0,70.833336,70.833336,70.833336,70.833336,,1.8,4.2,1.8,4.2,1.4,4.6,,,83.333336,83.333336,,,,1.2,4.8,4.8,4.0,1.6,4.4,1.2,4.8,,,,89.0,89.0,,,,3.2,2.4,3.6,3.5,3.6,1.8,,,,53.75,53.5,,,,4.0,2.4,3.6,1.4,4.6,2.2,3.8,1.4,4.6,67.0,67.0,70.833336,70.833336,,1.0,5.0,1.8,4.2,4.4,4.4,4.0,4.2,2.3333333,,,,,,84.166664,84.166664,,,,4.6,4.8,4.6,2.0,4.0,2.0,4.0,85.0,85.0,85.0,85.0,,1.2,4.8,1.4,4.6,1.0,5.0,4.75,,93.75,94.6875,,,,5.0,4.8,4.6,4.8,,,95.0,95.0,,,,9.2,,,9.2,8.2,7.8,7.8,9.2,,,,,2.2,0.2,0.6,0.2,0.0,0.0,,,,,,,0.0,0.0,0.0,0.0,1.0,0.0,0.0,0.0,0.0,1.0,3.0,6.6,,,,,9.6,5.6,2.4,,,,,,,,,,,,,,,,,,,,,,,,,,,,,,,,,,,,,,,,,,,,,,,,
OMN_25102015_L1,Oman,OMN,2015.0,2015-10-25,Legislative,11.0,,6,5,0,4,42737.129,3,7,0,,53.486546,,,,59.154934,46.090187,71.0083,60.085228,59.436028,63.40278,51.969696,75.568184,61.93182,64.14142,7.090909,,3.0,3.0,4.0,2.0,2.4545455,3.5454545,,,,,58.333332,46.21212,,,,4.3,4.4,3.7,4.4545455,82.8125,80.34091,82.8125,80.34091,,2.3333333,3.6666667,3.3333333,2.6666667,3.125,63.88889,53.819447,63.88889,53.819447,,3.2857144,2.7142856,2.75,3.25,2.25,3.75,,,59.72222,55.95238,,,,3.2,2.8,3.6363637,3.1818182,2.0,4.0,2.857143,3.142857,,,,55.0,58.805195,,,,3.2727273,2.75,3.25,2.8333333,3.1,2.8,,,,45.0,51.280304,,,,2.0,2.0,1.6,3.4444444,2.5555556,2.7142856,3.2857144,,,40.0,32.20635,,,,1.2727273,4.7272725,2.125,3.875,4.181818,3.5454545,3.4,3.8333333,1.6666666,,,,,,68.05556,73.17866,,,,4.111111,4.3636365,4.285714,3.6666667,2.3333333,3.0,3.0,75.0,65.46897,75.0,65.46897,,1.9090909,4.090909,1.6363636,4.3636365,1.3636364,4.6363635,3.0,,70.0,75.568184,,,,3.090909,3.8,2.7,3.5454545,,,55.555557,57.102272,,,,7.4545455,,,6.090909,6.3636365,6.3636365,6.0,6.3636365,,,,,2.7272727,0.18181819,0.72727275,0.18181819,0.0,0.27272728,,,,,,,0.0,0.0,0.0,0.09090909,0.09090909,0.0,0.0,0.0,0.0,0.09090909,4.1,8.636364,,4.4545455,7.818182,8.818182,,,,,,,,,,,,,,,,,,,,,,,,,,,,,,,,,,,,,,,,,,,,,,,,,,,
OMN_27102019_L1,Oman,OMN,2019.0,2019-10-27,Legislative,8.0,,6,5,0,4,32604.34544232878,3,7,1,,,,,,58.17832,38.90873,72.93403,53.90625,66.96429,58.565536,44.114582,72.96007,48.4375,68.75,5.875,,4.0,2.0,3.0,3.0,3.125,2.875,,,,,58.333332,40.625,,,,4.125,4.0,3.7142856,4.428571,76.041664,76.67411,76.041664,76.67411,,4.5,1.5,3.3333333,2.6666667,3.2,41.666668,36.38889,41.666668,36.38889,,3.1666667,2.8333333,2.8333333,3.1666667,1.8,4.2,,,61.666664,60.0,,,,4.0,2.0,3.5,3.5,2.75,3.25,4.0,2.0,,,,46.666668,46.25,,,,3.125,2.0,4.0,2.5714285,2.875,3.0,,,,65.0,52.857143,,,,3.0,2.75,2.25,3.2857144,2.7142856,3.6666667,2.3333333,3.0,3.0,50.0,40.238094,50.0,41.865078,,1.5,4.5,2.0,4.0,3.875,2.75,4.2,4.4,4.0,,,,,,68.75,73.854164,,,,3.875,4.125,3.75,2.5,3.5,3.25,2.75,66.25,65.0,66.25,65.0,,2.2,3.8,1.875,4.125,1.375,4.625,3.6666667,,76.5625,76.354164,,,,3.375,3.875,2.5714285,3.625,,,58.035713,59.040176,,,,7.0,,,5.625,6.0,5.125,6.25,6.375,,,,,1.5,0.375,0.875,0.0,0.0,0.125,,,,,,,0.0,0.0,0.0,0.0,0.0,1.0,0.0,0.0,0.0,0.0,4.125,7.875,,,,,9.375,4.75,2.0,,,,,,,,,,,,,,,2.2857144,2.2857144,2.0,2.0,2.7142856,1.5714285,1.5714285,2.6666667,1.7142857,1.7142857,2.4285715,2.5714285,2.5714285,2.5714285,2.8333333,2.8333333,,,,,,,,,,,,,,,,,,
OMN_29102023_L1,Oman,OMN,2023.0,2023-10-29,Legislative,4.0,,6,5,0,4,40114.0,3,7,0,,52.210884,43.367348,55.94758,46.774193,50.167824,44.699074,63.61111,40.972225,51.38889,51.866318,50.12153,63.333336,42.708336,51.302082,6.75,,4.0,2.0,4.0,2.0,2.25,3.75,3.75,1.5,4.25,3.75,45.833332,39.583332,51.785713,50.0,,4.0,3.75,3.75,4.0,71.875,71.875,71.875,71.875,,2.6666667,3.3333333,2.75,3.25,3.75,63.88889,61.11111,63.88889,61.11111,,3.25,2.75,3.0,3.0,2.25,3.75,3.25,2.75,54.166668,54.166668,51.5625,51.5625,,3.6666667,2.3333333,3.5,3.0,3.0,3.0,3.0,3.0,3.5,2.25,3.75,52.5,49.166668,55.35714,53.86905,,2.75,4.0,2.0,2.0,3.0,2.5,2.75,3.25,2.25,35.0,36.25,37.5,38.392857,,3.0,2.6666667,2.6666667,3.6666667,2.3333333,2.5,3.5,3.3333333,2.6666667,50.0,45.833332,50.0,45.13889,,2.0,4.0,3.0,3.0,4.0,3.0,3.6666667,3.6666667,4.6666665,3.25,2.75,3.6666667,2.6666667,3.3333333,62.5,63.88889,52.5,52.708332,,3.75,4.0,4.0,2.6666667,3.3333333,2.6666667,3.3333333,66.666664,67.083336,66.666664,67.083336,,3.0,3.0,2.25,3.75,2.0,4.0,3.6666667,3.3333333,64.583336,65.104164,63.333332,63.75,,3.0,4.0,3.0,3.75,2.0,4.0,60.9375,60.9375,60.0,63.75,,7.25,,,7.0,6.75,5.75,7.0,7.25,,,,,1.75,1.0,1.0,,,1.0,,,,,,,0.0,0.0,0.0,0.0,0.0,1.0,0.0,0.0,0.0,,3.25,8.75,,,,,4.75,6.5,2.25,,,,,,,,,,,,,,,,,,,,,,,,,,,,,,,,,,,,,,,,,,,,,,,,
PAK_11052013_L1,Pakistan,PAK,2013.0,2013-05-11,Legislative,36.0,,4,5,1,2,4619.7446,3,4,0,,48.677982,47.857143,,,50.04681,43.52142,30.457273,64.375,61.833546,50.375675,43.304398,31.42361,64.583336,62.191357,6.4375,,2.3714285,3.6285715,2.057143,3.942857,2.3611112,3.6388888,,,,,69.60784,68.41931,,,,2.8285713,3.7222223,3.0,3.5428572,56.785713,56.835316,56.785713,56.835316,,2.9375,3.0625,2.6666667,3.3333333,2.7419355,50.595238,51.14807,50.595238,51.14807,,3.4705882,2.5294118,2.6363637,3.3636363,2.2142856,3.7857144,,,57.738094,55.656353,,,,2.3636363,3.6363637,2.2777777,2.5,3.942857,2.057143,3.8,2.2,,,,38.4375,38.356422,,,,2.8,2.2777777,3.7222223,3.2857144,2.9714286,4.0882354,,,,58.636364,59.338,,,,2.652174,3.0,2.057143,3.8823528,2.1176472,3.6060605,2.3939395,,,36.5,36.104515,,,,4.0555553,1.9444444,4.151515,1.8484849,3.7428572,3.8888888,2.125,1.8181819,1.3125,,,,,,39.655174,39.032738,,,,3.3529413,3.3611112,3.264706,2.2571428,3.7428572,2.2941177,3.7058823,62.727272,62.13749,62.727272,62.13749,,3.9714286,2.0285714,3.6857142,2.3142858,2.4571428,3.5428572,3.34375,,44.166668,45.18415,,,,3.5454545,3.7222223,3.1515152,3.2,,,58.958332,60.11995,,,,9.0,,,6.142857,4.5882354,4.6857142,5.571429,5.542857,,,,,2.96875,0.25,0.30555555,0.5833333,0.25,0.11111111,,,,,,,0.0,0.027777778,0.0,0.41666666,0.5833333,0.1388889,0.30555555,0.16666667,0.2777778,0.75,5.285714,8.441176,,4.5,6.125,6.65625,,,,,,,,,,,,,,,,,,,,,,,,,,,,,,,,,,,,,,,,,,,,,,,,,,,
PAK_25072018_L1,Pakistan,PAK,2018.0,2018-07-25,Legislative,24.0,,4,5,1,2,5034.70751953125,3,4,0,,41.485645,42.532467,,,45.28397,36.100956,41.04475,55.412136,48.57804,45.499134,36.640625,41.276043,54.947918,49.131947,4.9166665,,2.7083333,3.2916667,2.25,3.75,3.0,3.0,,,,,58.680557,58.680557,,,,2.9583333,3.5416667,2.7916667,3.0416667,52.083332,52.083332,52.083332,52.083332,,3.3181818,2.6818182,2.5454545,3.4545455,3.0434783,51.136364,51.498684,51.136364,51.498684,,3.4782608,2.5217392,2.952381,3.047619,2.5263157,3.4736843,,,51.851852,50.35869,,,,3.6086957,2.3913043,2.5416667,2.5,4.0833335,1.9166666,3.9130435,2.0869565,,,,31.52174,32.182972,,,,2.1666667,2.2173913,3.7826087,2.5416667,2.4583333,3.7826087,,,,47.272728,48.65942,,,,2.4545455,2.3181818,2.090909,4.0,2.0,3.8636363,2.1363637,3.3913043,2.6086957,27.368422,30.0,28.508772,31.702898,,3.4166667,2.5833333,3.409091,2.590909,3.4583333,3.4583333,2.7727273,2.3809524,1.7619047,,,,,,46.99074,46.85245,,,,2.9583333,1.75,2.409091,2.875,3.125,2.875,3.125,40.227272,41.83712,40.227272,41.83712,,4.4583335,1.5416666,3.9166667,2.0833333,2.0416667,3.9583333,2.857143,,40.17857,40.252975,,,,2.7083333,3.7083333,2.5416667,2.5833333,,,47.135418,47.135418,,,,8.916667,,,4.869565,4.695652,5.652174,4.7826085,5.1666665,,,,,2.9166667,0.33333334,0.5833333,0.5,0.25,0.16666667,,,,,,,0.0,0.0,0.0,0.29166666,0.5833333,0.375,0.083333336,0.0,0.0,0.7083333,4.625,8.791667,,,,,8.125,5.4583335,3.0833333,,,,,,,,,,,,,,,2.7272727,2.7272727,3.75,3.75,3.5833333,2.3913043,2.3913043,3.5833333,2.4761906,2.4761906,3.1304348,2.4166667,3.625,3.625,3.909091,3.909091,,,,,,,,,,,,,,,,,,
PAK_08022024_L1,Pakistan,PAK,2024.0,2024-02-08,Legislative,4.0,,5,5,1,2,15797.0,3,4,0,,,,,,48.630642,34.96528,57.12674,44.791664,57.63889,47.757523,32.552082,56.25,43.518517,55.46875,3.6666667,,2.25,3.75,2.5,3.5,2.5,3.5,3.75,3.0,4.3333335,3.75,64.58333,64.58333,82.14286,66.36905,,3.0,3.25,2.75,3.75,54.6875,54.6875,54.6875,54.6875,,3.0,3.0,2.75,3.25,3.25,54.166664,54.166664,54.166664,54.166664,,4.25,1.75,2.5,3.5,2.75,3.25,4.0,2.0,45.833332,45.833332,40.625,40.625,,3.5,2.5,2.6666667,2.3333333,4.25,1.75,4.25,1.75,2.75,4.5,1.5,35.0,30.0,35.714287,29.464287,,2.6666667,2.6666667,3.3333333,2.6666667,2.6666667,4.0,4.3333335,1.6666666,2.5,51.666668,51.666668,50.0,44.642857,,,4.0,2.0,4.3333335,1.6666666,4.0,2.0,4.0,2.0,,,,,,4.0,2.0,4.3333335,1.6666666,3.3333333,3.3333333,4.0,,,3.0,3.0,4.5,3.3333333,2.6666667,,,,,,3.0,1.3333334,2.3333333,2.6666667,3.3333333,2.6666667,3.3333333,41.666668,41.666664,41.666668,41.666664,,4.0,2.0,4.3333335,1.6666666,3.3333333,2.6666667,3.5,3.0,40.625,36.458332,42.5,39.166668,,2.6666667,3.6666667,3.0,2.6666667,4.5,1.5,62.5,50.0,52.5,42.5,,8.333333,2.6666667,,5.6666665,4.6666665,4.6666665,4.3333335,4.3333335,,0.0,0.0,0.0,2.6666667,1.0,,1.0,1.0,1.0,4.0,5.0,0.33333334,4.5,1.0,4.6666665,0.0,0.0,0.0,0.0,0.5,0.25,0.0,0.25,0.0,1.0,5.0,9.666667,,2.6666667,4.6666665,2.6666667,,,,,,,,,,,,,,,,,,,,,,,,,,,,,,,,,,,,,,,,,,,,,,,,,,,
PAN_04052014_P1,Panama,PAN,2014.0,2014-05-04,Presidential,8.0,,2,2,2,3,20932.912,2,9,0,,62.012268,60.204082,,,62.72123,48.36012,67.442955,62.611607,72.47024,62.300346,46.770832,67.96875,61.71875,72.74306,6.875,,3.0,3.0,3.125,2.875,2.25,3.75,,,,,55.208332,55.208332,,,,4.0,4.142857,4.125,4.125,77.67857,77.45536,77.67857,77.45536,,3.0,3.0,2.8,3.2,3.2,53.333332,53.333332,53.333332,53.333332,,2.1666667,3.8333333,2.1666667,3.8333333,2.25,3.75,,,68.75,70.138885,,,,1.8571428,4.142857,3.625,3.25,2.75,3.25,2.0,4.0,,,,70.0,66.33929,,,,2.875,2.857143,3.142857,2.8333333,3.625,3.4285715,,,,58.333332,54.52381,,,,2.5,2.0,1.5714285,4.0,2.0,4.285714,1.7142857,,,25.0,23.928572,,,,2.1666667,3.8333333,2.5714285,3.4285715,4.125,4.0,3.2,3.7142856,3.1666667,,,,,,68.75,67.92163,,,,4.0,4.375,4.142857,2.142857,3.857143,2.142857,3.857143,78.333336,76.16071,78.333336,76.16071,,2.875,3.125,2.625,3.375,1.875,4.125,3.6666667,,64.583336,64.322914,,,,3.857143,3.875,4.0,3.875,,,73.21429,72.54464,,,,8.285714,,,3.3333333,3.8333333,3.3333333,4.428571,7.25,,,,,2.625,0.125,0.75,0.125,0.0,0.0,,,,,,,0.0,0.0,0.0,0.0,0.0,0.625,0.125,0.125,0.125,0.375,3.5,9.142858,,3.625,5.125,6.5,,,,,,,,,,,,,,,,,,,,,,,,,,,,,,,,,,,,,,,,,,,,,,,,,,,
PAN_05052019_P1,Panama,PAN,2019.0,2019-05-05,Presidential,4.0,,1,2,2,3,32767.18696804093,2,9,0,,72.363945,,,,70.59028,60.833332,69.27083,64.0625,88.19444,71.056854,59.140625,72.82986,64.0625,88.19444,8.5,,3.0,3.0,2.75,3.25,1.75,4.25,,,,,62.5,62.5,,,,4.25,4.25,4.25,4.5,82.8125,82.8125,82.8125,82.8125,,2.0,4.0,1.5,4.5,4.0,79.16667,79.166664,79.16667,79.166664,,2.0,4.0,1.5,4.5,2.0,4.0,,,83.33333,79.166664,,,,1.75,4.25,3.0,3.25,2.0,4.0,1.25,4.75,,,,71.25,71.25,,,,3.25,2.0,4.0,3.25,3.5,3.0,,,,67.5,60.0,,,,2.75,2.0,2.75,3.75,2.25,3.0,3.0,2.75,3.25,41.666668,38.75,45.833336,41.666668,,1.25,4.75,1.25,4.75,4.25,3.5,3.5,3.0,1.0,,,,,,79.166664,73.95833,,,,4.5,4.75,4.75,1.5,4.5,1.25,4.75,91.25,91.25,91.25,91.25,,1.75,4.25,1.0,5.0,1.0,5.0,4.5,,91.666664,92.1875,,,,4.75,4.5,4.5,4.5,,,89.0625,89.0625,,,,8.75,,,5.75,6.5,5.25,5.3333335,8.75,,,,,1.0,0.25,1.0,0.0,0.25,0.0,,,,,,,0.0,0.0,0.0,0.0,0.5,0.25,0.0,0.25,0.0,0.5,3.75,8.75,,,,,9.25,7.0,4.75,,,,,,,,,,,,,,,2.0,2.0,2.3333333,2.3333333,4.0,2.5,2.5,3.3333333,1.6666666,1.6666666,3.75,3.25,2.75,2.75,3.5,3.5,,,,,,,,,,,,,,,,,,
PAN_05052024_P1,Panama,PAN,2024.0,2024-05-05,Presidential,6.0,,2,2,2,4,35864.0,2,9,0,,66.60884,52.55102,69.38172,53.830643,68.42014,63.041664,68.416664,64.31713,77.90509,71.69175,65.46296,71.203705,65.833336,80.09259,8.0,,2.1666667,3.8333333,1.8333334,4.1666665,1.8333334,4.1666665,3.8333333,4.0,4.0,4.6666665,76.388885,76.388885,76.42857,77.38095,,4.0,4.1666665,4.1666665,4.5,80.208336,80.208336,80.208336,80.208336,,2.2,3.8,2.2,3.8,3.8333333,70.0,70.27778,70.0,70.27778,,2.1666667,3.8333333,1.8333334,4.1666665,2.0,4.0,2.0,4.0,76.666664,75.0,76.25,75.0,,2.0,4.0,3.5,3.1666667,3.0,3.0,2.1666667,3.8333333,3.0,2.0,4.0,62.5,62.5,62.5,62.5,,3.6,2.8,3.2,3.6,4.2,3.3333333,3.75,2.25,4.0,65.0,64.666664,63.095238,61.36905,,4.0,2.8,3.2,3.4,2.6,3.0,3.0,3.25,2.75,53.0,53.0,54.166664,51.458332,,2.2,3.8,2.5,3.5,4.0,3.8,3.4,3.8,3.8,2.4,3.6,3.6,2.4,3.6,63.541664,67.916664,53.75,57.75,,4.0,4.6,4.4,1.8,4.2,1.8,4.2,82.0,82.0,82.0,82.0,,3.2,2.8,1.8,4.2,1.2,4.8,4.2,3.6,75.0,75.0,73.0,73.0,,4.2,4.2,3.6,4.0,2.0,4.0,75.0,75.0,75.0,75.0,,9.4,1.0,,6.8,4.6,3.6,6.0,8.2,,0.0,0.0,0.0,1.0,1.0,1.0,1.0,1.0,,5.0,4.0,0.0,5.0,1.0,3.2,0.0,0.0,0.0,0.0,0.16666667,0.5,0.0,0.16666667,0.0,1.0,5.0,6.4,,4.6,6.6,4.8,,,,,,,,,,,,,,,,,,,,,,,,,,,,,,,,,,,,,,,,,,,,,,,,,,,
PNG_08072017_L1,Papua New Guinea,PNG,2017.0,2017-07-08,Legislative,12.0,,3,3,1,2,2760.826663,5,3,0,,30.017706,27.721088,,,35.372494,39.779984,18.689499,49.166668,33.853817,36.095196,37.552082,18.460648,51.5625,36.805557,2.9166667,,3.2222223,2.7777777,3.5454545,2.4545455,3.2727273,2.7272727,,,,,41.666664,41.329964,,,,1.1818181,2.0833333,1.9,1.7272727,18.125,18.077652,18.125,18.077652,,3.25,2.75,3.125,2.875,2.875,45.833332,45.833332,45.833332,45.833332,,4.8333335,1.1666666,4.6666665,1.3333334,4.7,1.3,,,5.0,6.6666665,,,,2.7,3.3,2.6666667,3.6,2.5,3.5,2.8,3.2,,,,62.857143,56.333332,,,,2.9,3.2,2.8,2.6666667,2.8181818,4.181818,,,,51.11111,51.833332,,,,1.7272727,1.8,1.5833334,4.5,1.5,4.7272725,1.2727273,4.6666665,1.3333334,11.5,14.416667,10.416667,13.402778,,4.818182,1.1818181,4.818182,1.1818181,2.3333333,3.0833333,1.875,2.3333333,1.3333334,,,,,,20.13889,24.952652,,,,2.0,1.7272727,2.2,3.0,3.0,3.1111112,2.8888888,33.88889,34.080807,33.88889,34.080807,,4.4545455,1.5454545,2.2,3.8,4.0,2.0,2.4,,35.625,35.909092,,,,2.5,3.1666667,2.9166667,2.3333333,,,43.229168,43.229168,,,,8.5,,,7.1666665,3.4166667,4.0,4.3333335,4.0,,,,,2.75,0.16666667,1.0,0.0,0.0,0.0,,,,,,,0.0,0.0,0.0,0.0,0.25,0.5,0.16666667,0.083333336,0.0,0.5,4.0833335,8.75,,,,,7.25,3.75,2.0,,,,,2.0,,,,,,26.416666,34.416668,11.166667,10.583333,18.25,18.25,,,,,,,,,,,,,,,,,,,,,,,,,,,,,,,,
PNG_22072022_L1,Papua New Guinea,PNG,2022.0,2022-07-22,Legislative,9.0,,4,3,1,2,4040.0394459311224,5,3,0,,43.986877,42.34694,,,47.62959,55.932537,20.012125,61.37153,53.20216,48.34587,56.42361,21.527779,62.5,52.9321,3.6666667,,2.25,3.75,3.0,3.0,1.6666666,4.3333335,,,,,68.75,67.361115,,,,2.1111112,3.0,2.5555556,2.4444444,38.194443,38.194443,38.194443,38.194443,,2.0,4.0,2.75,3.25,2.875,59.375,59.375,59.375,59.375,,4.7777777,1.2222222,4.6666665,1.3333334,4.25,1.75,,,9.375,10.879629,,,,1.5555556,4.4444447,2.8888888,4.142857,1.75,4.25,2.2222223,3.7777777,,,,75.0,72.519844,,,,3.1111112,2.625,3.375,3.1666667,3.1111112,3.875,,,,53.333332,58.194447,,,,2.3333333,2.2857144,1.8571428,3.75,2.25,4.285714,1.7142857,4.625,1.375,26.666666,27.202381,22.916666,24.231152,,4.5555553,1.4444444,4.5555553,1.4444444,3.2222223,3.6666667,2.142857,2.0,1.5,,,,,,30.357143,33.002644,,,,2.875,2.0,2.8888888,2.0,4.0,2.0,4.0,53.125,53.819443,53.125,53.819443,,4.0,2.0,2.5,3.5,3.8888888,2.1111112,3.125,,42.1875,42.100693,,,,3.1111112,3.6666667,3.4444444,2.5555556,,,54.86111,54.86111,,,,9.222222,,,7.111111,4.111111,3.7777777,5.4444447,5.111111,,1.4444444,,,1.1111112,0.33333334,1.0,0.22222222,0.33333334,0.0,,,,,,,0.0,0.0,0.0,0.22222222,0.0,0.5555556,0.22222222,0.22222222,0.0,0.33333334,4.3333335,7.888889,,,,,7.5555553,4.7777777,2.8888888,,,,,,,,,,,,,,,,,,,,,,,,,,,,,,,2.857143,3.142857,2.375,3.125,2.875,2.5,3.5,2.25,3.75,2.0,4.0,2.0,4.0,2.7777777,2.5,3.5,3.0,3.0
PRY_21042013_P1,Paraguay,PRY,2013.0,2013-04-21,Presidential,12.0,,3,3,1,2,8514.082,2,9,0,,59.402058,55.867348,,,58.012836,45.224747,57.1149,54.261364,75.45034,58.16551,43.88889,60.243057,53.645832,74.88426,6.75,,2.75,3.25,2.8333333,3.1666667,1.9166666,4.0833335,,,,,62.5,62.5,,,,3.5,4.0,3.6363637,4.0,69.318184,69.60227,69.318184,69.60227,,2.2,3.8,2.0,4.0,3.3333333,66.666664,67.77778,66.666664,67.77778,,3.6363637,2.3636363,3.0833333,2.9166667,3.1818182,2.8181818,,,40.909092,42.487373,,,,2.0833333,3.9166667,2.75,2.2,3.4166667,2.5833333,1.7272727,4.2727275,,,,55.555557,53.613636,,,,1.8333334,2.8181818,3.1818182,2.3333333,2.25,3.4,,,,39.0,39.992424,,,,2.909091,1.8,1.6363636,4.4166665,1.5833334,4.1666665,1.8333334,,,23.333334,23.810606,,,,2.090909,3.909091,3.3,2.7,4.0,3.8333333,2.25,3.6666667,1.875,,,,,,62.5,59.829544,,,,3.5,4.3333335,4.0,1.8,4.2,2.0,4.0,76.5,75.166664,76.5,75.166664,,2.2727273,3.7272727,1.8181819,4.181818,1.25,4.75,4.181818,,80.55556,80.255684,,,,2.75,3.9166667,3.4166667,3.0833333,,,57.291668,57.291668,,,,8.909091,,,2.7,4.3,2.6,4.8333335,5.3333335,,,,,2.75,0.25,0.6666667,0.25,0.16666667,0.25,,,,,,,0.0,0.0,0.0,0.16666667,0.33333334,0.33333334,0.083333336,0.083333336,0.083333336,0.5,4.0833335,8.916667,,3.9166667,6.6666665,7.8333335,,,,,,,,,,,,,,,,,,,,,,,,,,,,,,,,,,,,,,,,,,,,,,,,,,,
PRY_22042018_P1,Paraguay,PRY,2018.0,2018-04-22,Presidential,14.0,,3,3,1,3,8827.009765625,2,9,0,,42.940937,37.244896,,,49.514618,38.680176,53.929577,49.45055,55.99817,48.807045,37.738094,53.125,48.214287,56.150795,4.642857,,3.857143,2.142857,3.857143,2.142857,2.9285715,3.0714285,,,,,36.309525,36.309525,,,,2.7142856,3.7857144,2.2307692,2.7142856,44.71154,46.531593,44.71154,46.531593,,2.375,3.625,2.375,3.625,3.125,61.458332,61.458332,61.458332,61.458332,,3.0833333,2.9166667,3.0,3.0,3.2,2.8,,,50.833332,47.63889,,,,1.8571428,4.142857,1.9285715,2.4285715,3.5,2.5,2.2142856,3.7857144,,,,48.92857,48.92857,,,,2.4285715,3.2857144,2.7142856,2.2142856,2.6153846,3.6923077,,,,40.833332,43.324177,,,,2.6923077,1.8461539,1.5,4.642857,1.3571428,4.4615383,1.5384616,4.357143,1.6428572,16.363636,19.67033,15.151515,19.070513,,2.8181818,3.1818182,4.3076925,1.6923077,3.9285715,3.3846154,3.9230769,3.857143,1.1818181,,,,,,57.407406,58.19805,,,,2.7142856,3.2857144,2.142857,1.6428572,4.357143,2.2142856,3.7857144,56.42857,56.42857,56.42857,56.42857,,4.142857,1.8571428,4.076923,1.9230769,1.7857143,4.214286,3.2142856,,45.673077,45.054947,,,,1.8571428,3.357143,3.2307692,2.142857,,,41.826923,41.17445,,,,9.285714,,,3.2857144,4.285714,3.857143,4.5,4.285714,,,,,2.857143,0.14285715,0.9285714,0.2857143,0.14285715,0.0,,,,,,,0.0,0.0,0.071428575,0.14285715,0.5,0.35714287,0.0,0.0,0.0,0.71428573,4.142857,8.857142,,,,,8.285714,5.714286,2.5,,,,,,,,,,,,,,,2.7857144,2.7857144,2.2142856,2.2142856,2.5,3.5714285,3.5714285,2.7142856,2.4285715,2.4285715,3.5714285,2.4285715,3.5714285,3.5714285,3.4615386,3.4615386,,,,,,,,,,,,,,,,,,
PRY_30042023_P1,Paraguay,PRY,2023.0,2023-04-30,Presidential,7.0,,3,3,1,3,15198.0,2,9,0,,46.17347,36.22449,45.241936,34.677418,45.08358,41.70635,52.26885,37.996033,48.363094,45.66592,41.086308,50.65476,41.964287,48.958336,5.142857,,4.142857,1.8571428,4.428571,1.5714285,3.142857,2.857143,3.142857,2.4,3.6666667,3.0,27.380953,27.380953,44.285713,41.05442,,3.2857144,2.857143,3.0,3.2857144,52.67857,52.67857,52.67857,52.67857,,3.0,3.0,3.0,3.0,4.5,58.333332,62.5,58.333332,62.5,,4.0,2.0,3.0,3.0,2.6666667,3.3333333,4.0,2.0,44.444443,44.444443,39.583332,39.583332,,2.142857,3.857143,2.5714285,1.8571428,2.7142856,3.2857144,1.5,4.5,2.0,2.8333333,3.1666667,56.666668,55.357143,51.785713,50.85034,,1.8333334,4.0,2.0,1.6,1.8333334,3.8,4.6,1.4,2.3333333,32.5,30.333334,30.357143,27.857143,,2.2857144,1.5714285,2.2,4.285714,1.7142857,4.0,2.0,4.0,2.0,24.0,23.857143,22.5,24.047619,,2.4,3.6,2.6666667,3.3333333,2.6666667,3.3333333,3.6,3.6,1.4,3.3333333,2.6666667,2.5714285,3.1666667,2.8333333,57.5,58.88889,46.0,45.511906,,3.8333333,4.3333335,3.8333333,2.0,4.0,3.6666667,2.3333333,65.0,66.666664,65.0,66.666664,,4.0,2.0,3.4285715,2.5714285,3.7142856,2.2857144,2.5714285,2.3333333,33.92857,33.92857,35.0,33.809525,,3.1666667,3.8333333,3.6666667,3.0,3.3333333,2.6666667,60.416668,60.416668,56.666668,56.666668,,8.571428,,,3.142857,3.5714285,3.0,4.3333335,5.428571,,0.0,0.0,0.0,1.8571428,,1.0,1.0,1.0,,,,,,,,0.0,0.0,0.0,0.0,0.0,0.85714287,0.0,0.14285715,0.0,1.0,2.4285715,9.142858,,,,,6.0,6.0,1.8333334,,,,,,,,,,,,,,,,,,,,,,,,,,,,,,,,,,,,,,,,,,,,,,,,
PER_10042016_L1,Peru,PER,2016.0,2016-04-10,Legislative,11.0,,2,3,2,3,13022.018,2,9,0,,60.079018,57.52551,,,64.35755,53.480278,71.57618,69.545456,62.82828,64.41998,52.566288,72.15909,69.318184,63.636364,5.818182,,3.5454545,2.4545455,1.4545455,4.5454545,3.090909,2.909091,,,,,57.575756,57.575756,,,,2.5454545,3.7272727,2.090909,2.6,43.75,43.522728,43.75,43.522728,,2.4285715,3.5714285,2.0,4.0,4.142857,76.388885,72.61905,76.388885,72.61905,,2.3,3.7,2.2,3.8,2.0,4.0,,,70.833336,70.833336,,,,3.0,3.0,4.181818,3.8181818,3.090909,2.909091,2.2,3.8,,,,64.5,63.545456,,,,2.5454545,1.6,4.4,2.909091,2.5454545,2.857143,,,,47.142857,51.285713,,,,3.0,2.2222223,1.8181819,3.1818182,2.8181818,2.6666667,3.3333333,2.1,3.9,41.42857,40.959595,45.833332,46.21633,,1.5454545,4.4545455,1.8181819,4.181818,3.7272727,4.090909,2.7777777,3.909091,1.7142857,,,,,,70.37037,71.42256,,,,4.3,4.0,4.2727275,1.7272727,4.2727275,1.7272727,4.2727275,81.0,80.59091,81.0,80.59091,,2.0,4.0,2.5,3.5,1.7,4.3,3.8181818,,71.875,72.61364,,,,2.8181818,3.909091,3.8181818,2.3636363,,,55.68182,55.68182,,,,9.363636,,,2.909091,4.3636365,3.090909,4.3636365,4.3636365,,,,,3.0,0.09090909,1.0,0.09090909,0.0,0.0,,,,,,,0.0,0.0,0.0,0.0,0.6363636,0.0,0.0,0.0,0.0,0.72727275,4.0,8.636364,,5.0,7.4545455,7.909091,,,,,12.818182,2.0,2.0,4.4545455,3.8181818,3.6363637,3.6363637,4.0,4.0,,,,,,,,,,,,,,,,,,,,,,,,,,,,,,,,,,,,,,
PER_05062016_P2,Peru,PER,2016.0,2016-06-05,Presidential,13.0,,2,3,2,3,13022.018,2,9,0,,66.32653,66.32653,,,71.32914,54.600746,78.62714,75.43269,76.65598,70.67241,53.629807,78.73932,74.03846,76.28205,8.076923,,2.3333333,3.6666667,1.7272727,4.2727275,2.2307692,3.7692308,,,,,71.969696,72.57187,,,,2.8461537,3.6923077,2.9230769,3.5384614,56.25,56.25,56.25,56.25,,2.5,3.5,1.5,4.5,2.5,62.5,62.5,62.5,62.5,,1.9230769,4.076923,1.8461539,4.1538463,1.9166666,4.0833335,,,80.55556,77.61752,,,,3.8181818,2.1818182,3.5454545,3.0,3.0833333,2.9166667,2.3076923,3.6923077,,,,50.909092,51.681236,,,,3.0,1.7,4.3,3.6666667,2.9230769,2.125,,,,50.0,55.07372,,,,2.857143,2.3333333,1.8461539,2.8461537,3.1538463,1.7692307,4.230769,2.0769231,3.9230769,44.285713,47.106228,48.214287,51.434677,,1.5384616,4.4615383,1.5,4.5,4.3076925,4.3846154,3.1,4.230769,2.0,,,,,,80.55556,79.10256,,,,4.6923075,4.0,4.6153846,1.3076923,4.6923075,1.25,4.75,90.0,88.75,90.0,88.75,,2.2307692,3.7692308,2.3333333,3.6666667,1.3846154,4.6153846,4.1538463,,76.5625,76.28205,,,,3.4615386,4.3076925,4.076923,3.4615386,,,70.67308,70.67308,,,,9.272727,,,4.3846154,5.4615383,3.6923077,4.230769,6.3846154,,,,,2.7692308,0.15384616,1.0,0.15384616,0.0,0.07692308,,,,,,,0.0,0.0,0.0,0.0,0.53846157,0.0,0.0,0.0,0.0,0.6923077,3.8461537,8.538462,,5.6153846,7.8461537,7.5384617,,,,,3.9230769,1.4615384,1.4615384,4.0,3.6923077,3.5384614,3.5384614,3.7692308,3.7692308,,,,,,,,,,,,,,,,,,,,,,,,,,,,,,,,,,,,,,
PER_26012020_L1,Peru,PER,2020.0,2020-01-26,Legislative,5.0,,3,3,1,3,11908.060700164839,2,9,0,,73.93707,82.14286,,,77.5677,60.479168,81.52778,74.375,93.888885,77.114586,59.291668,81.52778,73.75,93.888885,9.4,,2.6,3.4,1.75,4.25,1.8,4.2,,,,,70.833336,73.75,,,,4.6,4.4,4.6,4.8,90.0,90.0,90.0,90.0,,1.6666666,4.3333335,1.3333334,4.6666665,4.6666665,88.888885,88.888885,88.888885,88.888885,,1.6,4.4,1.4,4.6,1.6,4.4,,,86.666664,86.666664,,,,1.2,4.8,3.6,2.4,3.6,2.4,1.6,4.4,,,,63.0,63.0,,,,2.2,1.5,4.5,2.8,2.4,2.0,,,,40.0,44.5,,,,3.4,2.2,1.6,2.4,3.6,1.8,4.2,1.4,4.6,50.0,50.0,56.666664,56.666664,,1.4,4.6,1.6,4.4,4.8,4.6,4.0,3.8,1.0,,,,,,84.166664,84.166664,,,,4.8,4.0,4.6,1.0,5.0,1.0,5.0,92.0,92.0,92.0,92.0,,2.4,3.6,3.0,3.0,1.4,4.6,4.6,,73.75,73.75,,,,4.5,4.6,4.6,4.6,,,87.5,89.375,,,,9.4,,,5.6,5.8,3.6,5.6,9.2,,,,,1.0,0.0,1.0,0.0,0.0,0.0,,,,,,,0.0,0.0,0.0,0.0,1.0,0.0,0.0,0.0,0.0,1.0,4.2,8.6,,,,,8.8,5.8,2.2,,,,,,,,,,,,,,,3.6,3.6,3.0,3.0,4.0,4.4,4.4,2.8,3.2,3.2,2.8,2.6,3.2,3.2,3.8,3.8,,,,,,,,,,,,,,,,,,
PER_11042021_P1,Peru,PER,2021.0,2021-04-11,Presidential,8.0,,2,3,2,3,13895.27581641367,2,9,0,,65.63411,65.81633,,,74.84598,62.590775,85.57788,70.3125,80.90278,73.74349,63.463543,85.763885,64.84375,80.90278,7.5,,1.375,4.625,1.0,5.0,1.125,4.875,,,,,95.833336,95.833336,,,,3.875,4.25,4.375,4.25,79.6875,79.6875,79.6875,79.6875,,1.6,4.4,1.5,4.5,3.6,75.0,79.166664,75.0,79.166664,,1.625,4.375,1.375,4.625,2.0,4.0,,,83.333336,83.333336,,,,1.25,4.75,4.125,3.625,3.4285715,2.5714285,2.375,3.625,,,,68.57143,68.48214,,,,1.5,1.5,4.5,2.625,2.0,2.4285715,,,,40.0,40.267857,,,,3.7142856,2.75,1.7142857,2.75,3.25,2.375,3.625,2.125,3.875,50.0,50.267857,53.57143,53.86905,,1.25,4.75,1.375,4.625,4.375,4.625,3.75,4.571429,1.1666666,,,,,,88.541664,86.235115,,,,4.571429,3.0,4.428571,1.125,4.875,1.125,4.875,85.0,83.75,85.0,83.75,,4.375,1.625,3.625,2.375,2.375,3.625,3.75,,46.09375,46.09375,,,,4.5,4.5,4.375,4.375,,,85.9375,85.9375,,,,9.625,,,5.75,5.75,4.125,5.75,8.375,,,,,1.0,0.125,1.0,0.0,0.0,0.0,,,,,,,0.0,0.0,0.0,0.0,0.625,0.375,0.0,0.0,0.0,0.875,3.875,8.625,,,,,9.5,6.25,2.875,,,,,,,,,,,,,,,,,,,,,,,,,,,,,,,,,,,,,,,,,,,,,,,,
PHL_13052013_L1,Philippines,PHL,2013.0,2013-05-13,Legislative,14.0,,3,3,1,2,6526.6504,3,3,0,,48.8994,50.0,,,49.407204,45.44372,45.833332,41.07143,65.28032,48.89819,45.17113,45.907738,40.625,63.88889,6.4444447,,2.7857144,3.2142856,2.642857,3.357143,2.2142856,3.7857144,,,,,61.309525,61.309525,,,,2.9285715,3.642857,3.357143,3.642857,59.82143,59.82143,59.82143,59.82143,,2.4545455,3.5454545,3.0,3.0,2.5454545,51.666668,50.757576,51.666668,50.757576,,4.25,1.75,3.6666667,2.3333333,4.0833335,1.9166666,,,25.0,25.0,,,,2.0714285,3.9285715,4.0,3.2857144,3.357143,2.642857,2.2857144,3.7142856,,,,62.857143,62.857143,,,,2.857143,3.0,3.0,2.5,2.857143,4.142857,,,,52.692307,51.785713,,,,2.142857,2.0714285,1.6428572,4.428571,1.5714285,4.285714,1.7142857,,,25.0,20.714285,,,,4.230769,1.7692307,4.230769,1.7692307,3.5,2.357143,2.4166667,4.230769,1.5714285,,,,,,42.045456,41.846,,,,3.142857,2.7142856,3.4285715,1.9166666,4.0833335,2.1538463,3.8461537,63.75,61.076008,63.75,61.076008,,4.071429,1.9285715,3.4166667,2.5833333,1.9230769,4.076923,3.5,,49.479168,50.555176,,,,3.0,3.857143,3.142857,2.857143,,,55.357143,55.357143,,,,9.846154,,,4.642857,5.357143,3.9230769,4.5,4.428571,,,,,2.9166667,0.2857143,0.85714287,0.42857143,0.071428575,0.071428575,,,,,,,0.0,0.071428575,0.071428575,0.2857143,0.5714286,0.35714287,0.071428575,0.0,0.071428575,0.71428573,4.214286,8.214286,,5.111111,7.5555553,8.777778,,,,,,,,,,,,,,,,,,,,,,,,,,,,,,,,,,,,,,,,,,,,,,,,,,,
PHL_09052016_P1,Philippines,PHL,2016.0,2016-05-09,Presidential,27.0,,3,3,1,2,7806.2114,3,3,0,,53.731995,57.65306,,,57.322514,46.560074,57.21513,53.167736,72.34711,56.813595,46.415894,57.48457,52.77778,70.57613,7.0384617,,3.3846154,2.6153846,3.0769231,2.9230769,2.2592592,3.7407408,,,,,53.666668,52.326687,,,,3.6296296,4.185185,3.3076923,3.7037036,67.54808,67.66382,67.54808,67.66382,,2.5333333,3.4666667,2.8125,3.1875,3.0588236,57.77778,55.941586,57.77778,55.941586,,4.1666665,1.8333334,2.84,3.16,3.2380953,2.7619047,,,38.75,39.626984,,,,2.148148,3.851852,4.148148,3.3703704,3.4583333,2.5416667,2.48,3.52,,,,63.04348,62.160187,,,,2.8846154,2.6,3.4,3.148148,3.1111112,3.9230769,,,,57.6,57.33476,,,,1.75,2.2307692,1.9230769,4.148148,1.8518518,4.185185,1.8148148,3.4615386,2.5384614,22.5,22.852564,26.136364,25.45406,,3.7916667,2.2083333,3.84,2.16,3.7777777,3.1111112,3.2608695,4.5555553,1.5,,,,,,56.666668,54.47353,,,,3.9166667,3.9230769,3.88,1.76,4.24,1.72,4.28,76.95652,76.198715,76.95652,76.198715,,4.0384617,1.9615384,3.84,2.16,1.8,4.2,3.8846154,,51.302082,51.28846,,,,3.3461537,3.9615386,3.76,3.6538463,,,67.0,67.00961,,,,9.038462,,,5.8461537,5.5384617,4.6,5.1538463,6.0384617,,,,,2.6153846,0.25925925,0.8888889,0.18518518,0.074074075,0.074074075,,,,,,,0.0,0.037037037,0.037037037,0.11111111,0.4074074,0.0,0.037037037,0.0,0.0,0.7407407,3.6923077,8.5,,5.8461537,8.653846,9.346154,,,,,3.3076923,10.961538,10.961538,3.6923077,7.3076925,7.8461537,7.8461537,8.0,8.0,,,,,,,,,,,,,,,,,,,,,,,,,,,,,,,,,,,,,,
PHL_13052019_P1,Philippines,PHL,2019.0,2019-05-13,Presidential,8.0,,3,4,1,2,9290.966061834513,3,3,0,,48.401707,54.591835,,,48.055557,35.699406,48.4499,50.78125,57.291668,48.09028,35.9375,48.350693,50.78125,57.291668,6.25,,3.75,2.25,3.5,2.5,2.125,3.875,,,,,46.875,46.875,,,,3.5,3.75,3.625,3.5,64.84375,64.84375,64.84375,64.84375,,3.6666667,2.3333333,3.8333333,2.1666667,2.5714285,34.72222,33.92857,34.72222,33.92857,,3.875,2.125,3.125,2.875,4.0,2.0,,,36.666668,33.333332,,,,3.125,2.875,3.375,3.125,3.75,2.25,3.625,2.375,,,,45.0,45.0,,,,2.75,2.625,3.375,3.125,3.5,3.875,,,,58.125,58.125,,,,2.142857,2.0,1.75,3.875,2.125,4.428571,1.5714285,4.0,2.0,25.0,22.946428,25.694445,23.28869,,4.375,1.625,3.7142856,2.2857144,3.625,3.0,2.75,4.0,2.0,,,,,,49.404762,47.02381,,,,4.0,3.0,3.75,2.25,3.75,2.375,3.625,65.625,65.625,65.625,65.625,,3.25,2.75,3.0,3.0,2.375,3.625,2.875,,51.5625,51.5625,,,,3.5,3.875,3.125,3.625,,,63.28125,63.28125,,,,8.625,,,4.5,4.0,3.625,4.375,5.75,,,,,1.25,0.25,0.875,0.125,0.125,0.0,,,,,,,0.0,0.0,0.0,0.375,0.5,0.375,0.0,0.125,0.0,0.625,4.125,7.375,,,,,7.25,5.625,3.5,,,,,,,,,,,,,,,3.5,3.5,4.125,4.125,3.125,3.0,3.0,4.125,2.5,2.5,3.4285715,2.75,3.5,3.5,4.125,4.125,,,,,,,,,,,,,,,,,,
PHL_09052022_P1,Philippines,PHL,2022.0,2022-05-09,Presidential,5.0,,3,4,1,2,8892.789345999761,3,3,0,,34.53798,32.65306,,,34.623264,26.513887,37.256947,28.75,45.97222,34.631943,26.583334,38.194447,28.75,45.0,4.0,,3.4,2.6,3.8,2.2,2.5,3.5,,,,,50.0,44.166668,,,,2.0,3.0,1.6,2.4,31.25,31.25,31.25,31.25,,3.3333333,2.6666667,4.0,2.0,2.6666667,36.11111,36.11111,36.11111,36.11111,,4.25,1.75,4.0,2.0,2.75,3.25,,,33.333332,33.333332,,,,2.8,3.2,2.8,2.8,4.2,1.8,3.8,2.2,,,,39.0,39.0,,,,2.0,3.0,3.0,2.0,3.0,3.0,,,,40.0,40.0,,,,1.6666666,2.0,1.25,5.0,1.0,4.8,1.2,5.0,1.0,10.0,10.583333,8.333333,8.819445,,4.5,1.5,4.5,1.5,2.2,1.8,2.6,4.0,1.5,,,,,,27.777777,31.666666,,,,3.0,4.0,2.5,2.75,3.25,2.5,3.5,55.0,56.25,55.0,56.25,,2.8,3.2,3.6,2.4,1.8,4.2,3.0,,51.5625,55.0,,,,2.0,3.0,2.6,1.8,,,33.75,33.75,,,,9.4,,,4.0,3.8,3.2,4.6,4.0,,1.0,,,1.0,0.2,0.8,0.2,0.2,0.0,,,,,,,0.0,0.0,0.2,0.2,0.6,0.2,0.0,0.0,0.0,1.0,4.8,9.4,,,,,7.6,5.2,2.8,,,,,,,,,,,,,,,,,,,,,,,,,,,,,,,3.2,2.8,3.2,2.4,3.6,3.0,3.0,4.0,2.0,2.0,4.0,2.4,3.6,2.25,2.2,3.8,2.0,4.0
POL_25102015_L1,Poland,POL,2015.0,2015-10-25,Legislative,15.0,,1,1,2,4,26855.775,4,5,1,,75.596436,67.09184,,,78.00495,70.696,85.166916,68.75,87.4069,77.832756,71.21528,85.208336,67.5,87.40741,8.933333,,2.1333334,3.8666666,2.2,3.8,1.2,4.8,,,,,78.888885,78.888885,,,,4.4,4.133333,4.6666665,4.733333,87.083336,87.083336,87.083336,87.083336,,1.7692307,4.230769,1.6153846,4.3846154,3.9230769,79.48718,79.487175,79.48718,79.487175,,2.0,4.0,1.6363636,4.3636365,1.5,4.5,,,85.18519,82.19697,,,,1.2666667,4.733333,4.133333,4.266667,3.5333333,2.4666667,1.8,4.2,,,,74.0,74.0,,,,2.9285715,3.0714285,2.9285715,3.6,2.8666666,3.2,,,,48.5,52.61905,,,,3.4666667,3.2727273,3.090909,1.4666667,4.5333333,2.8,3.2,,,60.0,62.818184,,,,1.4666667,4.5333333,1.6,4.4,4.133333,4.571429,4.230769,4.571429,1.25,,,,,,84.375,85.16789,,,,4.4666667,4.2,4.4,1.4615384,4.5384617,1.3076923,4.6923075,85.76923,86.48718,85.76923,86.48718,,1.8666667,4.133333,1.5,4.5,1.2142857,4.785714,4.25,,84.375,85.43155,,,,4.266667,4.4,4.285714,4.2,,,82.58929,82.20238,,,,9.266666,,,7.6,5.0,5.3333335,7.5333333,7.866667,,,,,3.0,0.06666667,0.93333334,0.0,0.0,0.0,,,,,,,0.0,0.0,0.0,0.0,0.8,0.0,0.0,0.0,0.0,0.8666667,5.733333,8.133333,,3.5333333,6.6666665,8.2,,,,,,,,,,,,,,,,,,,,,,,,,,,,,,,,,,,,,,,,,,,,,,,,,,,
POL_24052015_P2,Poland,POL,2015.0,2015-05-24,Presidential,16.0,,1,1,2,4,26855.775,4,5,1,,71.29119,,,,77.05042,73.897285,84.657104,67.559525,82.08778,77.330185,73.51346,85.138885,67.5,83.333336,8.4,,2.0,4.0,1.9285715,4.071429,1.4666667,4.5333333,,,,,80.769226,80.03968,,,,4.125,4.0625,4.4375,4.5625,82.421875,82.421875,82.421875,82.421875,,1.5,4.5,2.0,4.0,3.7777777,75.0,77.31481,75.0,77.31481,,2.1111112,3.8888888,1.9166666,4.0833335,1.625,4.375,,,81.25,77.89352,,,,1.4285715,4.571429,4.0666666,4.071429,2.6153846,3.3846154,1.6153846,4.3846154,,,,77.0,77.393776,,,,2.857143,2.7142856,3.2857144,3.8666666,3.0,3.3333333,,,,55.555557,56.714287,,,,3.1333334,3.5,3.5,1.7142857,4.285714,3.0,3.0,,,67.85714,62.095238,,,,1.3076923,4.6923075,1.7857143,4.214286,4.4666667,4.3333335,4.25,4.5333333,1.3333334,,,,,,84.84849,85.374695,,,,4.428571,4.133333,4.5333333,1.7,4.3,2.0,4.0,81.111115,81.97619,81.111115,81.97619,,2.0,4.0,2.1818182,3.8181818,1.2727273,4.7272725,4.111111,,79.6875,79.10353,,,,4.2,4.3333335,4.230769,4.133333,,,80.76923,80.60897,,,,9.4,,,7.133333,6.0666666,5.733333,7.5333333,7.5333333,,,,,3.0,0.0,0.9375,0.0,0.0,0.0,,,,,,,0.0,0.0,0.0,0.0,0.75,0.0,0.0,0.0,0.0,0.75,4.785714,8.4,,4.266667,6.8,7.6,,,,,,,,,,,,,,,,,,,,,,,,,,,,,,,,,,,,,,,,,,,,,,,,,,,
POL_13102019_L1,Poland,POL,2019.0,2019-10-13,Legislative,12.0,,2,2,2,4,33797.76736007471,4,5,1,,64.80709,60.459183,,,68.13793,63.576706,77.14105,59.232956,72.60101,68.38759,63.04687,78.97727,57.8125,74.30556,7.2727275,,2.5833333,3.4166667,3.0833333,2.9166667,2.0833333,3.9166667,,,,,60.416668,60.416668,,,,3.9166667,4.3333335,4.3333335,4.1666665,79.6875,79.6875,79.6875,79.6875,,2.0,4.0,1.875,4.125,3.4444444,71.875,71.41203,71.875,71.41203,,3.125,2.875,2.857143,3.142857,2.6666667,3.3333333,,,56.944443,52.926586,,,,1.7272727,4.2727275,3.909091,4.0,3.2727273,2.7272727,1.8333334,4.1666665,,,,68.888885,70.378784,,,,2.75,4.0,2.0,3.0833333,2.8333333,3.1666667,,,,44.166668,44.166668,,,,3.1,3.1,3.2727273,1.9090909,4.090909,4.3,1.7,2.2,3.8,52.5,51.31818,57.738094,54.431816,,1.4545455,4.5454545,1.75,4.25,4.2727275,4.3636365,4.125,4.4545455,1.5,,,,,,79.861115,83.380684,,,,4.181818,4.0,4.2727275,1.8181819,4.181818,1.7272727,4.2727275,79.545456,79.545456,79.545456,79.545456,,2.2,3.8,2.3636363,3.6363637,1.3636364,4.6363635,3.5454545,,71.25,72.61363,,,,3.909091,3.909091,3.5454545,3.909091,,,70.454544,70.454544,,,,9.272727,,,5.6363635,2.8181818,3.6363637,6.090909,6.909091,,,,,1.0,0.0,0.9166667,0.0,0.0,0.0,,,,,,,0.0,0.0,0.0,0.0,0.5833333,0.33333334,0.0,0.0,0.0,0.75,5.3333335,8.363636,,,,,9.545455,4.818182,1.3636364,,,,,,,,,,,,,,,3.1,3.1,3.8181818,3.8181818,3.1818182,2.7272727,2.7272727,4.090909,2.0,2.0,3.5454545,2.4545455,4.3636365,4.3636365,3.7272727,3.7272727,,,,,,,,,,,,,,,,,,
POL_12072020_P2,Poland,POL,2020.0,2020-07-12,Presidential,3.0,,2,2,2,4,34286.985084538355,4,5,1,,69.13265,,,,64.265045,62.15278,77.31481,50.0,67.59259,64.5978,63.020832,77.77778,50.0,67.59259,7.3333335,,2.0,4.0,2.3333333,3.6666667,1.6666666,4.3333335,,,,,75.0,75.0,,,,2.6666667,4.6666665,3.6666667,3.6666667,66.666664,66.666664,66.666664,66.666664,,2.0,4.0,2.5,3.5,3.5,66.666664,66.666664,66.666664,66.666664,,1.5,4.5,1.5,4.5,1.0,5.0,,,91.666664,91.666664,,,,2.0,4.0,4.3333335,4.3333335,3.3333333,2.6666667,2.0,4.0,,,,71.666664,71.666664,,,,2.0,4.6666665,1.3333334,3.3333333,2.6666667,3.0,,,,36.666668,36.666668,,,,2.6666667,2.6666667,2.5,1.6666666,4.3333335,5.0,1.0,3.3333333,2.6666667,30.0,40.833332,29.166668,40.97222,,1.3333334,4.6666665,2.5,3.5,4.3333335,4.3333335,4.0,4.3333335,1.5,,,,,,66.666664,79.861115,,,,5.0,4.6666665,4.3333335,1.6666666,4.3333335,1.6666666,4.3333335,92.5,88.333336,92.5,88.333336,,2.6666667,3.3333333,2.3333333,3.6666667,1.0,5.0,3.3333333,,70.833336,70.833336,,,,4.3333335,4.3333335,3.6666667,4.0,,,77.083336,77.083336,,,,8.0,,,6.0,3.6666667,4.3333335,4.3333335,7.3333335,,,,,1.0,0.0,1.0,0.0,0.0,0.0,,,,,,,0.0,0.0,0.0,0.0,0.6666667,0.33333334,0.0,0.0,0.0,1.0,5.3333335,8.0,,,,,9.333333,4.6666665,1.3333334,,,,,,,,,,,,,,,,,,,,,,,,,,,,,,,,,,,,,,,,,,,,,,,,
POL_15102023_L1,Poland,POL,2023.0,2023-10-15,Legislative,17.0,,2,2,2,4,43662.0,4,5,1,,62.371593,62.585033,63.692303,63.70968,59.11488,55.691525,66.295975,51.26634,63.205677,59.14573,56.08456,65.95589,50.571896,63.97059,7.2941175,,2.8823528,3.1176472,3.1176472,2.8823528,1.9411764,4.0588236,3.1764705,2.1875,3.1176472,4.1875,58.82353,58.82353,53.333332,56.17122,,3.4705882,4.1764708,3.9411764,4.0,72.42647,72.42647,72.42647,72.42647,,3.0666666,2.9333334,2.9333334,3.0666666,2.8666666,48.88889,48.88889,48.88889,48.88889,,2.0769231,3.9230769,2.0769231,3.9230769,1.7,4.3,2.1333334,3.8666666,79.166664,76.21795,80.0,75.08013,,1.5882353,4.4117646,4.529412,4.2941175,3.4705882,2.5294118,1.9411764,4.0588236,4.0588236,3.8823528,2.1176472,74.117645,74.117645,67.85714,67.85714,,2.0588236,3.8823528,2.1176472,2.5882354,2.6470587,2.857143,3.9411764,2.0588236,2.8235295,35.714287,36.34454,35.204082,36.2545,,3.0625,3.1333334,2.6923077,2.125,3.875,4.4666667,1.5333333,2.5333333,3.4666667,50.5,46.482372,52.314816,49.01309,,1.5625,4.4375,1.6,4.4,4.0,4.25,4.0,4.375,1.8333334,2.8125,3.1875,2.8823528,1.8461539,4.1538463,77.31481,81.09375,61.42857,64.2155,,4.352941,4.4117646,4.529412,2.2666667,3.7333333,2.125,3.875,80.0,79.51225,80.0,79.51225,,2.2941177,3.7058823,2.1875,3.8125,1.5,4.5,3.7692308,4.1764708,71.63461,73.672585,73.07692,74.82042,,3.6470587,3.8235295,3.8125,3.8235295,1.8125,4.1875,67.96875,69.41636,69.333336,71.47059,,9.058824,,,5.647059,4.0588236,5.470588,6.2941175,7.647059,,0.0,0.0,0.0,1.117647,1.0,1.0,1.0,,1.0,,,,,,,0.0,0.0,0.0,0.0,0.5882353,0.4117647,0.0,0.0,0.0,1.0,4.1875,8.058824,,,,,3.875,5.1875,2.8125,,,,,,,,,,,,,,,,,,,,,,,,,,,,,,,,,,,,,,,,,,,,,,,,
PRT_04102015_L1,Portugal,PRT,2015.0,2015-10-04,Legislative,19.0,,1,1,2,4,29687.791,4,6,1,,67.23611,67.34694,,,73.817604,66.48266,77.08347,72.0943,79.60999,74.44764,66.32127,77.41228,72.697365,81.35965,8.947369,,2.4736843,3.5263157,2.5789473,3.4210527,1.4736842,4.5263157,,,,,70.61404,70.61404,,,,4.2105265,4.2105265,4.5263157,4.5789475,84.539474,84.539474,84.539474,84.539474,,2.3,3.7,2.2,3.8,3.6,67.5,67.5,67.5,67.5,,2.5882354,3.4117646,3.631579,2.368421,3.1111112,2.8888888,,,50.520832,47.242287,,,,1.3888888,4.611111,4.1578946,3.6875,3.4736843,2.5263157,1.6315789,4.368421,,,,70.333336,71.75621,,,,3.2105262,2.8333333,3.1666667,3.8421052,3.368421,2.9166667,,,,46.81818,57.52193,,,,3.2631578,3.3333333,2.4736843,1.7894737,4.2105265,2.3529413,3.6470587,,,60.9375,59.6388,,,,1.1052631,4.894737,1.4444444,4.5555553,4.4210525,4.5789475,3.2666667,4.1578946,1.3333334,,,,,,80.65476,82.81189,,,,4.6666665,4.7894735,4.7894735,1.8461539,4.1538463,1.5882353,4.4117646,89.166664,89.05612,89.166664,89.05612,,1.5555556,4.4444447,1.8888888,4.111111,1.1052631,4.894737,3.7857144,,81.73077,82.725044,,,,4.3157897,4.2105265,4.0,4.263158,,,79.93421,79.93421,,,,9.578947,,,6.631579,6.2105265,6.8421054,7.4210525,8.526316,,,,,3.0,0.05263158,1.0,0.10526316,0.05263158,0.05263158,,,,,,,0.0,0.0,0.0,0.0,0.7368421,0.0,0.0,0.0,0.0,0.94736844,4.647059,9.473684,,4.7894735,8.105263,8.526316,,,,,,,,,,,,,,,,,,,,,,,,,,,,,,,,,,,,,,,,,,,,,,,,,,,
PRT_24012016_P1,Portugal,PRT,2016.0,2016-01-24,Presidential,20.0,,1,1,2,4,30624.174,4,6,1,,73.649284,82.14285,,,78.30868,75.43279,73.68452,79.270836,84.846565,79.49175,76.31771,73.90625,78.75,88.99306,8.95,,1.8947369,4.105263,1.7777778,4.2222223,1.35,4.65,,,,,83.333336,83.14571,,,,4.6,4.5,4.9444447,4.9,94.09722,93.40278,94.09722,93.40278,,2.0,4.0,2.3333333,3.6666667,3.5,68.05556,68.05556,68.05556,68.05556,,3.0625,2.9375,3.368421,2.631579,2.3888888,3.6111112,,,53.57143,51.501583,,,,1.3157895,4.6842103,4.4,4.117647,1.7058823,4.2941175,1.25,4.75,,,,88.21429,86.22987,,,,3.25,2.1666667,3.8333333,3.25,3.15,3.0,,,,56.5,57.416668,,,,3.35,3.25,3.0,1.65,4.35,1.8333334,4.1666665,1.1111112,4.888889,66.17647,65.583336,72.22222,70.85648,,1.2,4.8,1.35,4.65,4.6,4.8,2.9230769,3.7894738,1.1428572,,,,,,81.94444,81.51063,,,,4.7,4.9,4.85,1.2222222,4.7777777,1.2105263,4.7894735,95.55556,95.08626,95.55556,95.08626,,1.15,4.85,1.1666666,4.8333335,1.0,5.0,3.6363637,,86.875,89.49811,,,,4.8,4.55,4.368421,4.7,,,89.802635,90.115135,,,,9.4,,,6.85,6.75,6.95,7.65,8.4,,,,,3.0,0.05,1.0,0.05,0.05,0.0,,,,,,,0.0,0.0,0.05,0.0,0.6,0.0,0.0,0.0,0.0,0.85,4.25,8.95,,4.75,8.6,9.5,,,,,4.85,1.45,1.45,4.85,4.8,10.9,10.9,6.6,6.6,,,,,,,,,,,,,,,,,,,,,,,,,,,,,,,,,,,,,,
PRT_06102019_L1,Portugal,PRT,2019.0,2019-10-06,Legislative,8.0,,1,1,2,4,36172.0725393171,4,6,0,,71.97795,77.55102,,,82.05233,70.17113,84.68502,79.46429,93.888885,80.84201,67.552086,83.072914,79.46429,93.576385,9.0,,2.25,3.75,2.125,3.875,1.375,4.625,,,,,77.083336,77.083336,,,,4.625,4.5,4.875,4.857143,92.85714,92.85714,92.85714,92.85714,,1.25,4.75,2.0,4.0,4.4,87.5,84.583336,87.5,84.583336,,2.0,4.0,2.875,3.125,2.6666667,3.3333333,,,65.27778,62.15278,,,,1.1666666,4.8333335,4.142857,3.857143,3.2857144,2.7142856,1.2857143,4.714286,,,,79.166664,76.309525,,,,3.7142856,2.4285715,3.5714285,4.0,3.7142856,2.5,,,,71.25,62.5,,,,3.0,2.7142856,2.142857,1.7142857,4.285714,2.142857,3.857143,1.0,5.0,55.0,55.0,65.27778,62.5,,1.1428572,4.857143,1.0,5.0,4.857143,4.714286,3.7142856,4.285714,1.25,,,,,,95.0,89.28571,,,,5.0,5.0,5.0,1.0,5.0,1.0,5.0,100.0,100.0,100.0,100.0,,1.2857143,4.714286,1.5714285,4.428571,1.1428572,4.857143,4.6,,92.5,91.25,,,,4.857143,4.714286,4.428571,4.714286,,,91.96429,91.96429,,,,9.714286,,,7.142857,7.285714,8.142858,8.0,9.0,,,,,1.4285715,0.125,0.875,0.125,0.0,0.0,,,,,,,0.0,0.0,0.0,0.0,0.625,0.25,0.0,0.0,0.0,0.875,4.571429,9.857142,,,,,9.428572,4.857143,1.5714285,,,,,,,,,,,,,,,2.2857144,2.2857144,2.3333333,2.3333333,4.428571,1.7142857,1.7142857,3.5,1.3333334,1.3333334,4.428571,4.0,2.2857144,2.2857144,3.6666667,3.6666667,,,,,,,,,,,,,,,,,,
PRT_24012021_P1,Portugal,PRT,2021.0,2021-01-24,Presidential,6.0,,1,1,2,4,35888.16537809864,4,6,1,,74.438774,81.63265,,,83.04051,72.48611,84.81481,76.25,98.611115,83.50116,74.861115,83.91204,77.083336,98.14815,9.0,,3.0,3.0,2.0,4.0,2.0,4.0,,,,,65.0,66.666664,,,,4.3333335,4.6666665,5.0,5.0,93.75,93.75,93.75,93.75,,3.3333333,2.6666667,1.6666666,4.3333335,4.25,66.666664,68.75,66.666664,68.75,,1.8,4.2,3.1666667,2.8333333,2.8,3.2,,,61.666668,60.27778,,,,1.1666666,4.8333335,3.8333333,3.6666667,2.8,3.2,1.3333334,4.6666665,,,,76.0,76.0,,,,4.0,2.8,3.2,4.3333335,4.1666665,3.0,,,,75.0,68.5,,,,3.8333333,3.0,2.8,1.2,4.8,2.0,4.0,1.0,5.0,75.0,67.166664,79.166664,72.638885,,1.0,5.0,1.1666666,4.8333335,4.8333335,4.5,4.4,4.1666665,1.5,,,,,,91.666664,90.55556,,,,4.8333335,4.6666665,4.8333335,1.0,5.0,1.0,5.0,96.0,96.666664,96.0,96.666664,,1.0,5.0,1.6666666,4.3333335,1.0,5.0,5.0,,87.5,95.833336,,,,4.8333335,4.6666665,4.5,4.8333335,,,92.708336,92.708336,,,,9.5,,,7.1666665,7.0,8.0,7.1666665,9.166667,,,,,1.0,0.0,1.0,0.0,0.0,0.0,,,,,,,0.0,0.0,0.0,0.0,0.6666667,0.33333334,0.0,0.0,0.0,1.0,5.1666665,9.333333,,,,,9.166667,3.8333333,1.3333334,,,,,,,,,,,,,,,,,,,,,,,,,,,,,,,,,,,,,,,,,,,,,,,,
PRT_30012022_L1,Portugal,PRT,2022.0,2022-01-30,Legislative,8.0,,1,1,2,4,35798.75385047717,4,6,1,,62.7551,62.7551,,,77.35078,67.7381,80.96809,74.21875,86.47817,76.682945,66.36719,80.729164,74.21875,85.416664,8.75,,3.125,2.875,2.875,3.125,1.25,4.75,,,,,64.583336,64.583336,,,,4.375,4.375,4.75,4.75,89.0625,89.0625,89.0625,89.0625,,2.0,4.0,2.0,4.0,4.0,75.0,75.0,75.0,75.0,,1.8,4.2,3.1666667,2.8333333,2.8333333,3.1666667,,,60.0,60.0,,,,1.25,4.75,4.0,3.75,3.375,2.625,1.5714285,4.428571,,,,75.0,72.76786,,,,3.375,2.25,3.75,3.75,3.5,3.25,,,,62.5,63.125,,,,4.0,4.0,3.0,2.1666667,3.8333333,2.5,3.5,1.1666666,4.8333335,70.0,66.666664,75.0,71.52778,,1.0,5.0,1.4285715,4.571429,4.625,4.375,3.5,4.125,1.3333334,,,,,,84.52381,84.15179,,,,4.75,4.5,4.25,1.6,4.4,1.5,4.5,85.0,87.0,85.0,87.0,,2.25,3.75,2.1666667,3.8333333,1.0,5.0,4.285714,,80.0,80.43155,,,,4.625,4.125,4.125,3.75,,,78.90625,78.90625,,,,9.625,,,6.25,7.25,7.625,7.125,7.875,,1.0,,,1.0,0.0,1.0,0.0,0.0,0.125,,,,,,,0.0,0.0,0.0,0.0,0.875,0.125,0.0,0.0,0.0,1.0,4.875,9.375,,,,,9.25,5.25,1.625,,,,,,,,,,,,,,,,,,,,,,,,,,,,,,,2.625,3.375,4.125,2.125,3.875,3.875,2.125,2.75,3.25,1.6,4.4,2.5,3.5,4.125,2.3333333,3.6666667,2.2,3.8
PRT_10032024_L1,Portugal,PRT,2024.0,2024-03-10,Legislative,8.0,,1,1,2,4,41755.0,4,6,1,,77.482994,,82.05213,,79.78294,75.571266,80.18006,73.4375,89.942955,78.89214,73.62413,78.75,73.4375,89.75694,9.428572,,2.875,3.125,2.875,3.125,1.875,4.125,4.285714,4.0,4.125,4.5,61.458332,61.458332,75.89285,72.44898,,4.875,4.875,5.0,5.0,98.4375,98.4375,98.4375,98.4375,,1.5,4.5,2.0,4.0,4.5,83.33333,83.333336,83.33333,83.333336,,1.4,4.6,1.6,4.4,1.2,4.8,1.2,4.8,90.0,90.0,91.25,91.25,,1.0,5.0,4.125,4.0,2.75,3.25,1.25,4.75,4.25,2.2857144,3.7142856,80.71429,80.625,79.081635,78.890305,,3.625,2.5,3.5,3.75,3.75,3.0,3.0,3.0,3.6666667,66.25,63.125,69.04762,61.75595,,3.4285715,3.4,3.857143,1.1428572,4.857143,1.6666666,4.3333335,1.3333334,4.6666665,71.25,74.38095,75.0,77.2619,,1.125,4.875,1.2857143,4.714286,4.75,4.625,4.5,4.5,1.0,3.3333333,2.6666667,4.2,1.3333334,4.6666665,93.05556,91.51786,83.75,73.74405,,5.0,4.75,4.625,1.4,4.6,1.4285715,4.571429,100.0,92.73215,100.0,92.73215,,1.3333334,4.6666665,1.4,4.6,1.3333334,4.6666665,4.3333335,4.428571,85.416664,89.166664,85.0,88.47619,,4.857143,4.5,4.6666665,4.5,1.3333334,4.6666665,91.666664,90.77381,91.666664,90.95238,,9.571428,1.8333334,,8.142858,8.142858,8.857142,8.714286,9.428572,,0.0,0.0,0.0,1.8571428,1.0,1.0,1.0,,1.0,6.0,4.0,0.42857143,5.0,1.0,4.285714,0.0,0.0,0.0,0.0,0.75,0.125,0.0,0.0,0.0,1.0,4.5,9.0,,3.2857144,4.571429,1.2857143,,,,,,,,,,,,,,,,,,,,,,,,,,,,,,,,,,,,,,,,,,,,,,,,,,,
QAT_02102021_L1,Qatar,QAT,2021.0,2021-10-02,Legislative,4.0,,6,5,0,4,93521.44179796017,3,7,0,,,,,,57.300346,61.145832,38.88889,54.166664,75.0,63.823784,64.84375,54.6875,59.375,76.388885,6.75,,4.0,2.0,5.0,1.0,4.0,2.0,,,,,16.666666,16.666666,,,,4.25,4.0,4.25,4.5,81.25,81.25,81.25,81.25,,4.0,2.0,4.0,2.0,1.0,16.666666,16.666666,16.666666,16.666666,,5.0,1.0,5.0,1.0,3.0,3.0,,,16.666666,16.666666,,,,4.0,2.0,3.75,3.75,1.0,5.0,2.0,4.0,,,,,67.5,,,,4.6666665,4.0,2.0,4.6666665,4.0,3.6666667,,,,60.0,70.0,,,,4.0,,,2.75,3.25,1.5,4.5,3.25,2.75,,,,,,1.0,5.0,1.25,4.75,3.5,3.0,4.5,1.0,1.0,,,,,,70.833336,65.625,,,,5.0,4.75,4.6666665,3.0,3.0,2.0,4.0,,82.083336,,82.083336,,2.25,3.75,3.75,2.25,1.25,4.75,4.0,,67.1875,67.1875,,,,3.5,4.25,3.5,3.5,,,67.1875,67.1875,,,,9.0,,,5.0,6.5,5.0,5.0,6.25,,,,,1.0,0.0,1.0,0.0,0.0,0.0,,,,,,,0.0,0.0,0.0,0.25,0.0,0.75,0.0,0.0,0.0,0.0,5.5,9.25,,,,,10.0,5.0,2.0,,,,,,,,,,,,,,,,,,,,,,,,,,,,,,,,,,,,,,,,,,,,,,,,
ROU_09122012_L1,Romania,ROU,2012.0,2012-12-09,Legislative,13.0,,2,2,2,3,18983.33,4,5,0,,45.714176,55.442177,,,50.656055,42.707752,51.52972,41.666668,66.720085,50.343216,42.61218,50.48077,40.865383,67.41453,,,3.3846154,2.6153846,3.0,3.0,3.1538463,2.8461537,,,,,45.51282,45.51282,,,,3.3846154,3.2307692,3.1538463,3.6923077,59.134617,59.134617,59.134617,59.134617,,3.7272727,2.2727273,3.3,2.7,2.1,34.25926,33.939392,34.25926,33.939392,,4.0,2.0,4.0,2.0,3.7142856,2.2857144,,,28.571428,27.380953,,,,2.25,3.75,3.1538463,3.6923077,3.5384614,2.4615386,2.5384614,3.4615386,,,,57.5,57.596153,,,,1.5384616,3.3333333,2.6666667,2.2307692,1.6923077,3.2307692,,,,32.916668,31.794872,,,,2.75,2.6363637,1.9230769,4.0,2.0,3.7692308,2.2307692,,,34.090908,32.70105,,,,2.7272727,3.2727273,3.7692308,2.2307692,3.8461537,3.2307692,3.7272727,3.5384614,1.4545455,,,,,,62.5,57.692307,,,,3.4615386,3.7692308,3.4166667,2.0769231,3.9230769,2.1538463,3.8461537,67.5,67.083336,67.5,67.083336,,2.9230769,3.0769231,2.3846154,3.6153846,1.5384616,4.4615383,3.75,,67.708336,68.14904,,,,2.8461537,3.2307692,2.9230769,3.0769231,,,50.48077,50.48077,,,,9.0,,,4.6923075,3.9230769,4.769231,5.5833335,4.6153846,,,,,2.9166667,0.23076923,0.9230769,0.23076923,0.15384616,0.15384616,,,,,,,0.15384616,0.0,0.0,0.0,0.53846157,0.3846154,0.0,0.0,0.0,1.0,5.8461537,9.153846,,,,,,,,,,,,,,,,,,,,,,,,,,,,,,,,,,,,,,,,,,,,,,,,,,,,,,,
ROU_16112014_P2,Romania,ROU,2014.0,2014-11-16,Presidential,18.0,,2,2,2,3,20796.961,4,5,0,,50.591095,53.31633,,,53.84052,49.080067,44.09292,53.431374,68.75771,54.465664,50.694443,44.791668,53.47222,68.90432,7.0555553,,3.357143,2.642857,3.5333333,2.4666667,3.1111112,2.8888888,,,,,43.45238,41.65344,,,,2.3333333,3.5,3.3888888,3.4444444,54.166668,54.166668,54.166668,54.166668,,3.142857,2.857143,3.5,2.5,3.142857,46.42857,45.833332,46.42857,45.833332,,4.071429,1.9285715,4.1875,1.8125,3.6153846,2.3846154,,,28.472221,26.04739,,,,2.0555556,3.9444444,3.6470587,4.111111,3.1764705,2.8235295,2.5,3.5,,,,63.214287,65.13072,,,,1.882353,3.3333333,2.6666667,2.3888888,2.2777777,3.8235295,,,,40.0,40.19608,,,,3.1764705,3.3529413,2.0,3.0588236,2.9411764,3.764706,2.235294,,,43.57143,43.52941,,,,2.7058823,3.2941177,3.4117646,2.5882354,3.0,4.0,3.6,2.764706,1.3636364,,,,,,53.205128,55.19608,,,,4.0,4.3333335,4.4,1.625,4.375,2.0,4.0,81.78571,80.541664,81.78571,80.541664,,1.8333334,4.1666665,2.7058823,3.2941177,1.882353,4.117647,3.8666666,,70.0,71.53186,,,,3.4117646,3.5,3.4444444,2.5555556,,,55.14706,55.69853,,,,9.388889,,,6.5,4.388889,4.5,5.9411764,6.1666665,,,,,3.0,0.11111111,0.8888889,0.055555556,0.11111111,0.0,,,,,,,0.0,0.0,0.0,0.055555556,0.6666667,0.2777778,0.0,0.0,0.0,0.9444444,5.611111,9.0,,6.888889,7.7777777,8.333333,,,,,,,,,,,,,,,,,,,,,,,,,,,,,,,,,,,,,,,,,,,,,,,,,,,
ROU_11122016_L1,Romania,ROU,2016.0,2016-12-11,Legislative,17.0,,2,2,2,3,23626.373,4,5,0,,65.13443,70.918365,,,66.959045,57.718334,68.52007,59.03033,82.56745,66.34038,57.21201,68.40278,58.455883,81.29085,8.117647,,3.1176472,2.8823528,2.3529413,3.6470587,2.235294,3.764706,,,,,60.784313,60.784313,,,,4.0588236,3.764706,4.4117646,4.4117646,79.04412,79.04412,79.04412,79.04412,,2.8333333,3.1666667,2.4,3.6,3.1666667,60.0,57.77778,60.0,57.77778,,3.1764705,2.8235295,3.5882354,2.4117646,3.0,3.0,,,44.871796,43.627453,,,,1.8125,4.1875,2.6875,3.764706,3.875,2.125,2.0769231,3.9230769,,,,61.363636,58.438915,,,,2.4705882,2.4375,3.5625,3.3529413,2.4117646,3.1333334,,,,51.07143,49.655636,,,,3.8823528,3.3333333,2.8666666,2.625,3.375,3.0666666,2.9333334,2.75,3.25,56.25,56.95343,55.555553,56.836193,,1.8571428,4.142857,2.4285715,3.5714285,4.2941175,3.7058823,3.8,4.2352943,1.4444444,,,,,,75.64102,73.95658,,,,4.25,4.470588,4.1764708,1.5384616,4.4615383,1.7058823,4.2941175,87.5,83.26357,87.5,83.26357,,1.9411764,4.0588236,1.8125,4.1875,1.375,4.625,4.2,,81.69643,81.69577,,,,4.1764708,3.8823528,4.133333,4.2352943,,,79.583336,77.67157,,,,8.882353,,,6.882353,5.647059,4.882353,5.470588,7.529412,,,,,3.0,0.1764706,1.0,0.1764706,0.0,0.11764706,,,,,,,0.0,0.0,0.0,0.05882353,0.5882353,0.0,0.0,0.0,0.0,1.0,4.9411764,8.705882,,5.0,7.0,8.6470585,,,,,3.9411764,1.8235294,1.8235294,4.1764708,4.1764708,14.529411,14.529411,14.882353,14.882353,,,,,,,,,,,,,,,,,,,,,,,,,,,,,,,,,,,,,,
ROU_24112019_P2,Romania,ROU,2019.0,2019-11-24,Presidential,4.0,,2,2,2,3,31867.263187681063,4,5,0,,58.67347,58.67347,,,54.050926,41.319443,56.365738,47.916668,70.60185,54.926216,43.489586,57.8125,46.875,71.52778,7.75,,3.75,2.25,2.5,3.5,2.25,3.75,,,,,54.166668,54.166668,,,,3.5,3.6666667,3.3333333,4.0,66.666664,65.625,66.666664,65.625,,3.5,2.5,4.0,2.0,3.0,37.5,37.5,37.5,37.5,,4.0,2.0,2.6666667,3.3333333,2.6666667,3.3333333,,,47.22222,47.22222,,,,2.0,4.0,3.0,4.25,4.0,2.0,2.6666667,3.3333333,,,,60.0,57.916668,,,,2.0,3.3333333,2.6666667,2.6666667,2.0,2.6666667,,,,35.0,35.0,,,,2.6666667,2.0,1.3333334,3.6666667,2.3333333,4.3333335,1.6666666,3.3333333,2.6666667,25.0,25.0,27.777779,27.777779,,2.0,4.0,3.75,2.25,3.5,3.5,2.3333333,4.0,1.6666666,,,,,,58.333332,56.59722,,,,3.75,4.0,4.0,2.0,4.0,2.25,3.75,78.333336,72.5,78.333336,72.5,,2.0,4.0,2.5,3.5,2.0,4.0,3.6666667,,72.916664,69.791664,,,,3.3333333,3.6666667,3.6666667,3.6666667,,,64.583336,64.583336,,,,8.5,,,6.5,5.25,5.5,6.5,6.5,,,,,1.0,0.25,0.75,0.25,0.0,0.0,,,,,,,0.0,0.0,0.0,0.0,0.5,0.5,0.0,0.0,0.0,0.75,5.0,9.25,,,,,9.75,6.0,2.75,,,,,,,,,,,,,,,3.25,3.25,4.0,4.0,2.3333333,2.6666667,2.6666667,4.0,2.5,2.5,2.6666667,1.6666666,3.3333333,3.3333333,3.5,3.5,,,,,,,,,,,,,,,,,,
ROU_06122020_L1,Romania,ROU,2020.0,2020-12-06,Legislative,12.0,,2,2,2,3,32202.208655627277,4,5,0,,51.677296,48.104958,,,55.038483,49.078598,62.047558,43.75,65.27778,55.303818,49.6875,62.5,43.75,65.27778,7.5,,3.4166667,2.5833333,3.0833333,2.9166667,2.1666667,3.8333333,,,,,52.77778,52.77778,,,,3.5833333,3.8333333,3.3333333,3.6666667,65.104164,65.104164,65.104164,65.104164,,2.625,3.375,2.75,3.25,3.125,56.25,56.25,56.25,56.25,,2.9166667,3.0833333,3.25,2.75,2.9,3.1,,,53.333332,49.444443,,,,2.25,3.75,2.8333333,3.5833333,3.7272727,2.2727273,2.7,3.3,,,,52.0,53.696968,,,,2.0,3.5,2.5,2.4545455,1.9166666,3.1666667,,,,35.909092,35.189392,,,,3.4166667,3.3333333,2.4166667,2.75,3.25,4.0,2.0,3.3333333,2.6666667,46.363636,47.083332,45.075756,46.180553,,2.4545455,3.5454545,3.0,3.0,3.9166667,3.25,3.75,4.0,1.9090909,,,,,,64.166664,64.42551,,,,3.9,3.6666667,3.4545455,1.9166666,4.0833335,2.25,3.75,70.0,69.27273,70.0,69.27273,,2.9166667,3.0833333,2.25,3.75,1.5833334,4.4166665,3.6666667,,68.229164,68.229164,,,,3.0833333,3.5,2.6666667,3.3333333,,,53.645832,53.645832,,,,8.75,,,6.5,4.1666665,4.9166665,4.9166665,6.3333335,,,,,1.0,0.16666667,1.0,0.083333336,0.0,0.0,,,,,,,0.0,0.0,0.0,0.0,0.8333333,0.16666667,0.0,0.0,0.083333336,1.0,4.4166665,9.0,,,,,9.0,6.5,4.0,,,,,,,,,,,,,,,,,,,,,,,,,,,,,,,,,,,,,,,,,,,,,,,,
ROU_24112024_P1,Romania,ROU,2024.0,2024-11-24,Presidential,7.0,,2,2,2,4,45658.0,4,5,0,,55.62415,,57.01325,,52.4122,47.040676,65.35615,44.04762,53.204365,51.834076,47.752975,66.82539,44.04762,48.71032,4.142857,,2.6666667,3.3333333,2.857143,3.142857,2.0,4.0,2.4285715,1.4,3.3333333,3.6,61.11111,62.301586,30.952381,50.85034,,2.857143,4.0,3.4285715,3.1666667,60.416668,59.07738,60.416668,59.07738,,2.5,3.5,1.75,4.25,4.0,70.833336,72.916664,70.833336,72.916664,,2.3333333,3.6666667,1.75,4.25,2.25,3.75,1.5,4.5,72.22222,72.22222,75.0,76.041664,,4.3333335,1.6666666,4.1666665,4.3333335,3.4,2.6,2.6666667,3.3333333,3.142857,2.6666667,3.3333333,53.0,55.5,54.285713,55.629253,,2.0,3.4285715,2.5714285,2.5714285,2.2857144,2.7142856,5.0,1.0,2.142857,35.714287,35.714287,29.591837,29.591837,,2.3333333,3.0,2.2857144,4.2,1.8,3.8333333,2.1666667,2.4,3.6,23.0,32.92857,30.208332,38.273808,,2.0,4.0,2.4,3.6,4.714286,4.285714,4.0,4.714286,1.75,3.5,2.5,3.4285715,2.0,4.0,80.208336,80.47619,62.5,63.107143,,4.428571,3.5714285,4.1666665,1.0,5.0,1.6,4.4,86.25,82.833336,86.25,82.833336,,3.4285715,2.5714285,3.4285715,2.5714285,1.8333334,4.1666665,3.142857,3.1666667,54.166668,52.82738,53.0,53.095238,,2.7142856,3.857143,2.7142856,2.857143,2.8333333,3.1666667,50.892857,50.892857,55.833332,51.54762,,8.857142,1.4285715,,5.714286,5.571429,5.857143,5.571429,5.857143,,0.0,0.0,0.0,1.0,1.0,1.0,1.0,,,5.142857,2.7142856,0.71428573,5.0,1.0,4.571429,0.0,0.0,0.0,0.0,0.85714287,0.14285715,0.0,0.0,0.14285715,1.0,4.714286,8.142858,,3.0,6.428571,3.4285715,,,,,,,,,,,,,,,,,,,,,,,,,,,,,,,,,,,,,,,,,,,,,,,,,,,
RUS_18092016_L1,Russia,RUS,2016.0,2016-09-18,Legislative,13.0,,6,6,0,4,23162.633,4,5,0,,40.4757,46.428574,,,43.582775,33.286957,62.55411,36.53846,41.95157,44.364315,35.096153,63.942307,36.53846,41.88034,3.7692308,,3.6923077,2.3076923,4.076923,1.9230769,3.0769231,2.9230769,,,,,34.615383,34.615383,,,,3.0769231,3.0833333,1.8333334,2.7692308,40.909092,42.267628,40.909092,42.267628,,3.4444444,2.5555556,3.5,2.5,2.8888888,38.541668,41.203705,38.541668,41.203705,,3.0,3.0,3.0,3.0,3.7142856,2.2857144,,,56.25,44.04762,,,,4.3333335,1.6666666,3.6923077,3.75,3.5833333,2.4166667,4.5454545,1.4545455,,,,36.666668,39.900932,,,,1.9230769,4.076923,1.9230769,2.0,2.2307692,3.5,,,,29.583334,32.884617,,,,2.3333333,1.9166666,2.25,2.7692308,3.2307692,4.4545455,1.5454545,2.9166667,3.0833333,29.0,31.381119,31.018518,34.83149,,2.5833333,3.4166667,3.909091,2.090909,3.7692308,3.0,3.5714285,4.3076925,2.25,,,,,,58.333332,58.983032,,,,2.5384614,3.3846154,2.3846154,3.6666667,2.3333333,3.7692308,2.2307692,40.416668,39.358974,40.416668,39.358974,,2.9230769,3.0769231,2.25,3.75,1.5384616,4.4615383,2.9230769,,64.0625,63.822117,,,,2.0769231,3.25,2.4615386,2.6153846,,,40.625,40.02404,,,,7.9166665,,,3.0769231,3.6923077,2.9230769,3.8461537,3.3846154,,,,,2.7692308,0.0,1.0,0.07692308,0.0,0.07692308,,,,,,,0.0,0.07692308,0.0,0.15384616,0.6923077,0.0,0.0,0.0,0.0,0.84615386,5.25,8.692307,,3.1538463,6.230769,7.3076925,,,,,2.8461537,2.6153846,2.6153846,3.3846154,2.0769231,17.76923,17.76923,3.3846154,3.3846154,,,,,,,,,,,,,,,,,,,,,,,,,,,,,,,,,,,,,,
RUS_18032018_P1,Russia,RUS,2018.0,2018-03-18,Presidential,13.0,,7,6,0,3,24765.953125,4,5,0,,51.55598,66.32653,,,48.27073,41.148502,67.64197,36.13782,48.154625,47.451256,38.843483,68.00214,36.057693,46.90171,4.4615383,,3.6363637,2.3636363,4.0,2.0,3.2307692,2.7692308,,,,,34.848484,34.44056,,,,3.4615386,4.4545455,2.7692308,3.3333333,65.0,62.61655,65.0,62.61655,,3.1111112,2.8888888,3.4444444,2.5555556,2.5555556,41.666668,41.666668,41.666668,41.666668,,2.7777777,3.2222223,2.3,3.7,2.7,3.3,,,61.11111,60.185184,,,,3.7692308,2.2307692,3.7692308,3.7692308,3.1818182,2.8181818,3.6153846,2.3846154,,,,52.727272,49.860138,,,,2.1666667,4.076923,1.9230769,2.0769231,2.3846154,3.3636363,,,,31.5,34.574593,,,,2.3333333,2.4166667,2.5,2.5,3.5,3.9230769,2.0769231,2.9,3.1,37.5,39.134617,42.261906,41.36218,,2.2727273,3.7272727,3.5454545,2.4545455,4.230769,2.8461537,4.2727275,4.1666665,1.75,,,,,,68.98148,65.4089,,,,3.0833333,3.8333333,2.909091,3.3846154,2.6153846,3.2307692,2.7692308,47.272728,51.051865,47.272728,51.051865,,3.3333333,2.6666667,2.0833333,3.9166667,1.4166666,4.5833335,2.7272727,,64.375,61.83712,,,,2.0769231,3.6923077,2.7692308,2.6923077,,,45.192307,45.192307,,,,8.666667,,,3.75,4.25,3.5454545,5.0,4.6666665,,,,,2.8333333,0.0,0.9230769,0.0,0.0,0.07692308,,,,,,,0.0,0.0,0.0,0.0,0.3846154,0.53846157,0.0,0.07692308,0.0,0.6923077,5.2727275,8.25,,,,,8.333333,5.75,2.75,,,,,,,,,,,,,,,3.0769231,3.0769231,3.0769231,3.0769231,2.6923077,1.9230769,1.9230769,3.4166667,2.1,2.1,2.5833333,2.1538463,3.1538463,3.1538463,3.0,3.0,,,,,,,,,,,,,,,,,,
RUS_19092021_L1,Russia,RUS,2021.0,2021-09-19,Legislative,3.0,,7,6,0,3,32803.35546875,4,5,0,,22.959183,,,,30.52662,19.097221,52.77778,22.916666,27.314816,30.51794,17.67361,54.166668,22.916666,27.314816,2.0,,4.3333335,1.6666666,4.6666665,1.3333334,4.3333335,1.6666666,,,,,13.888888,13.888888,,,,1.6666666,3.3333333,1.0,1.6666666,22.916666,22.916666,22.916666,22.916666,,4.0,2.0,5.0,1.0,1.0,8.333333,8.333333,8.333333,8.333333,,4.0,2.0,4.0,2.0,4.0,2.0,,,25.0,25.0,,,,5.0,1.0,3.6666667,2.5,2.0,4.0,5.0,1.0,,,,35.0,35.833332,,,,3.3333333,5.0,1.0,1.0,1.6666666,4.3333335,,,,31.666666,31.666666,,,,1.6666666,1.6666666,1.0,4.0,2.0,4.6666665,1.3333334,4.0,2.0,5.0,13.333333,12.5,15.277778,,3.0,3.0,5.0,1.0,4.0,1.6666666,4.0,4.3333335,4.3333335,,,,,,50.0,50.0,,,,1.0,2.0,1.3333334,3.3333333,2.6666667,3.6666667,2.3333333,21.666666,21.666666,21.666666,21.666666,,4.0,2.0,3.3333333,2.6666667,2.0,4.0,2.5,,46.875,44.791668,,,,1.3333334,3.0,1.3333334,1.3333334,,,21.875,18.75,,,,8.333333,,,2.3333333,2.3333333,2.0,5.3333335,2.0,,,,,1.0,0.0,1.0,0.0,0.0,0.0,,,,,,,0.0,0.0,0.0,0.0,0.33333334,0.6666667,0.0,0.0,0.0,0.33333334,4.0,8.666667,,,,,10.0,6.0,1.6666666,,,,,,,,,,,,,,,,,,,,,,,,,,,,,,,,,,,,,,,,,,,,,,,,
RWA_16092013_L1,Rwanda,RWA,2013.0,2013-09-16,Legislative,7.0,,6,5,0,1,1592.8234,1,1,0,,59.676872,66.83673,,,66.309525,59.166668,80.218254,59.82143,66.031746,65.18477,58.854168,80.35715,59.82143,61.70635,6.714286,,3.0,3.0,2.7142856,3.2857144,1.8571428,4.142857,,,,,61.904762,61.904762,,,,3.857143,4.285714,3.4285715,3.7142856,70.53571,70.53571,70.53571,70.53571,,2.0,4.0,2.0,4.0,3.75,72.916664,72.916664,72.916664,72.916664,,2.3333333,3.6666667,1.5,4.5,1.6666666,4.3333335,,,79.166664,79.166664,,,,2.857143,3.142857,4.857143,3.857143,3.5,2.5,3.2857144,2.7142856,,,,63.333332,60.357143,,,,3.142857,2.7142856,3.2857144,3.142857,3.1666667,2.25,,,,52.5,49.940475,,,,3.5,3.0,3.0,1.8333334,4.1666665,2.0,4.0,,,55.0,63.333332,,,,2.0,4.0,2.2,3.8,4.571429,3.5714285,2.8333333,4.8333335,2.0,,,,,,74.166664,73.37302,,,,3.8333333,4.0,3.8333333,2.0,4.0,2.0,4.0,73.333336,73.333336,73.333336,73.333336,,2.0,4.0,1.5714285,4.428571,1.4285715,4.571429,3.4,,77.5,77.5,,,,3.0,4.285714,3.4285715,3.7142856,,,65.17857,65.17857,,,,7.714286,,,6.285714,6.428571,6.142857,6.6666665,6.285714,,,,,2.6,0.42857143,0.5714286,0.42857143,0.5714286,0.0,,,,,,,0.0,0.0,0.0,0.14285715,0.0,0.5714286,0.2857143,0.14285715,0.2857143,0.71428573,6.142857,8.714286,,5.142857,5.142857,5.0,,,,,,,,,,,,,,,,,,,,,,,,,,,,,,,,,,,,,,,,,,,,,,,,,,,
RWA_04082017_P1,Rwanda,RWA,2017.0,2017-08-04,Presidential,5.0,,6,6,0,1,1913.402063,1,1,0,,61.748867,,,,50.390625,42.5,68.64583,33.75,56.666668,44.967014,38.895832,63.333332,33.75,43.88889,4.4,,4.6,1.4,3.6,2.4,3.4,2.6,,,,,28.333332,28.333332,,,,3.6,4.5,2.6,3.5,70.3125,63.75,70.3125,63.75,,1.5,4.5,3.0,3.0,2.6666667,75.0,59.72222,75.0,59.72222,,1.75,4.25,1.75,4.25,1.25,4.75,,,85.416664,85.416664,,,,3.8,2.2,4.2,3.5,3.4,2.6,4.0,2.0,,,,51.25,47.5,,,,2.6,4.0,2.0,2.2,2.4,1.75,,,,17.5,29.75,,,,2.0,1.0,2.3333333,1.5,4.5,4.0,2.0,2.5,3.5,20.0,34.166668,29.166666,38.88889,,2.6,3.4,2.25,3.75,4.25,2.4,4.0,3.5,1.0,,,,,,64.58333,63.75,,,,3.2,5.0,3.75,3.2,2.8,3.2,2.8,70.0,62.75,70.0,62.75,,1.75,4.25,1.25,4.75,1.2,4.8,3.5,,62.5,83.125,,,,2.6,4.8,2.8,2.8,,,56.25,56.25,,,,9.6,,,5.0,4.6,4.4,5.2,4.8,,,,,3.0,0.2,0.6,0.0,0.2,0.0,,,,,,,0.0,0.0,0.0,0.0,0.4,0.6,0.0,0.0,0.0,0.4,3.6,8.6,,,,,9.2,5.6,4.2,,,,,3.0,,,,,,1.75,2.8,3.0,1.8,2.8,2.8,,,,,,,,,,,,,,,,,,,,,,,,,,,,,,,,
RWA_03092018_L1,Rwanda,RWA,2018.0,2018-09-03,Legislative,7.0,,6,6,0,1,1854.2108154296875,1,1,0,,55.1729,,,,58.871113,47.4752,75.56878,52.67857,59.761906,56.56374,48.377975,67.2619,52.67857,57.93651,5.571429,,3.1666667,2.8333333,3.857143,2.142857,2.857143,3.142857,,,,,40.27778,42.65873,,,,3.7142856,4.5,3.2857144,3.5714285,77.083336,69.19643,77.083336,69.19643,,2.75,3.25,4.0,2.0,2.6666667,38.88889,40.97222,38.88889,40.97222,,2.2,3.8,1.5,4.5,1.6666666,4.3333335,,,83.333336,80.27778,,,,3.2857144,2.7142856,4.0,2.4,3.142857,2.857143,3.0,3.0,,,,37.0,49.857143,,,,2.857143,3.0,3.0,3.0,3.0,3.3333333,,,,38.333332,50.95238,,,,3.0,2.25,2.8,2.5,3.5,2.8333333,3.1666667,1.8,4.2,43.333332,48.583332,66.66667,53.819443,,2.4285715,3.5714285,2.1666667,3.8333333,4.0,3.2857144,3.8333333,4.1666665,1.0,,,,,,80.0,69.543655,,,,4.0,4.428571,4.4,2.0,4.0,1.6,4.4,92.5,81.14286,92.5,81.14286,,3.0,3.0,1.8333334,4.1666665,1.1428572,4.857143,2.8,,67.1875,67.64881,,,,3.0,4.285714,3.0,3.857143,,,63.392857,63.392857,,,,9.142858,,,5.142857,6.142857,5.428571,6.285714,5.857143,,,,,3.0,0.42857143,1.0,0.0,0.0,0.14285715,,,,,,,0.0,0.14285715,0.0,0.0,0.42857143,0.42857143,0.14285715,0.0,0.0,0.5714286,4.3333335,9.142858,,,,,8.428572,5.142857,3.7142856,,,,,,,,,,,,,,,2.8,2.8,1.8571428,1.8571428,3.3333333,3.6,3.6,3.2,2.3333333,2.3333333,3.142857,2.857143,3.2857144,3.2857144,2.6,2.6,,,,,,,,,,,,,,,,,,
RWA_15072024_P1,Rwanda,RWA,2024.0,2024-07-15,Presidential,3.0,,6,6,0,1,3060.0,1,1,0,,,,,,20.526619,12.847222,56.180553,3.7037036,9.375,16.620369,12.847222,41.59722,3.7037036,8.333333,1.0,,4.6666665,1.3333334,4.6666665,1.3333334,5.0,1.0,4.0,2.0,1.0,3.0,5.5555553,5.5555553,32.142857,23.809525,,3.6666667,3.3333333,1.0,1.5,50.0,34.375,50.0,34.375,,,,,,,,,,,,1.5,4.5,1.5,4.5,1.5,4.5,1.5,4.5,87.5,87.5,87.5,87.5,,5.0,1.0,3.6666667,1.6666666,4.6666665,1.3333334,5.0,1.0,1.0,4.3333335,1.6666666,18.333334,18.333334,15.476191,15.476191,,1.0,5.0,1.0,1.0,1.0,1.5,3.6666667,2.3333333,1.0,2.5,2.5,8.928572,6.547619,,1.0,1.0,1.0,3.0,3.0,5.0,1.0,2.0,4.0,10.0,10.0,25.0,20.833334,,4.0,2.0,3.0,3.0,4.0,1.0,4.0,2.3333333,1.0,1.5,4.5,5.0,1.5,4.5,47.916664,43.055553,53.75,50.833332,,2.3333333,3.0,2.0,5.0,1.0,5.0,1.0,55.0,21.666666,55.0,21.666666,,2.6666667,3.3333333,1.0,5.0,1.0,5.0,1.0,1.0,75.0,64.583336,60.0,51.666668,,1.0,2.0,1.0,1.5,1.5,4.5,12.5,9.375,35.0,25.0,,9.0,1.0,,1.6666666,2.3333333,1.3333334,2.3333333,1.3333334,,,,,2.0,,1.0,1.0,,1.0,6.0,5.0,0.0,5.0,,1.3333334,0.0,0.0,0.0,0.0,0.0,1.0,0.0,0.0,0.0,,2.3333333,9.0,,6.3333335,3.6666667,1.6666666,,,,,,,,,,,,,,,,,,,,,,,,,,,,,,,,,,,,,,,,,,,,,,,,,,,
WSM_04032016_L1,Samoa,WSM,2016.0,2016-03-04,Legislative,6.0,,2,2,2,2,6345.2642,5,3,0,,55.1233,53.061226,,,55.130787,44.805557,43.40278,63.333332,68.98148,55.653934,45.9375,46.180553,64.583336,68.05556,8.0,,3.6666667,2.3333333,3.8333333,2.1666667,3.5,2.5,,,,,33.333332,33.333332,,,,3.3333333,4.2,4.2,3.5,73.75,70.208336,73.75,70.208336,,2.6,3.4,2.6,3.4,3.6,61.666668,61.666668,61.666668,61.666668,,3.25,2.75,3.75,2.25,3.5,2.5,,,37.5,37.5,,,,3.5,2.5,3.1666667,3.8,2.6,3.4,2.5,3.5,,,,58.75,56.833332,,,,3.8,3.0,3.0,2.8,3.8,3.4,,,,61.25,59.0,,,,2.5,2.6666667,2.0,3.6666667,2.3333333,4.4,1.6,4.2,1.8,25.0,30.5,23.61111,28.75,,1.8,4.2,2.75,3.25,4.0,3.6666667,3.5,2.0,1.5,,,,,,63.88889,60.90278,,,,4.0,3.75,4.0,1.75,4.25,2.25,3.75,73.75,73.75,73.75,73.75,,4.0,2.0,2.4,3.6,1.8,4.2,4.0,,63.75,61.25,,,,3.8,3.8,3.3333333,3.8,,,67.5,67.083336,,,,7.4,,,9.0,6.2,5.8,5.6666665,8.0,,,,,3.0,0.0,0.5,0.0,0.0,0.16666667,,,,,,,0.0,0.0,0.0,0.0,0.16666667,0.0,0.0,0.16666667,0.16666667,0.5,5.2,8.6,,5.8,6.6,7.6,,,,,2.8,3.2,3.2,4.2,4.0,4.4,4.4,4.6,4.6,,,,,,,,,,,,,,,,,,,,,,,,,,,,,,,,,,,,,,
WSM_09042021_L1,Samoa,WSM,2021.0,2021-04-09,Legislative,4.0,,2,2,2,2,6420.354456538803,5,3,0,,48.55442,38.77551,,,49.04803,45.208332,47.858795,46.875,56.25,50.407986,45.208332,48.4375,46.875,61.111115,6.0,,3.0,3.0,4.0,2.0,4.0,2.0,,,,,33.333332,33.333332,,,,2.75,4.25,2.75,3.0,54.6875,54.6875,54.6875,54.6875,,3.0,3.0,3.5,2.5,3.5,50.0,50.0,50.0,50.0,,3.5,2.5,2.5,3.5,2.0,4.0,,,58.333332,58.333332,,,,3.75,2.25,2.25,2.75,2.5,3.5,2.0,4.0,,,,48.75,48.75,,,,3.0,4.5,1.5,2.5,3.5,3.75,,,,46.25,46.25,,,,2.5,3.0,2.5,3.0,3.0,3.75,2.25,3.75,2.25,41.25,41.25,39.583332,39.583332,,2.5,3.5,3.3333333,2.6666667,4.25,3.5,4.5,2.25,2.25,,,,,,54.166668,61.111115,,,,3.75,3.75,3.75,3.5,2.5,4.0,2.0,50.0,53.75,50.0,53.75,,4.5,1.5,4.5,1.5,2.0,4.0,4.0,,43.75,43.75,,,,2.75,4.0,3.75,3.25,,,60.9375,60.9375,,,,8.75,,,7.75,6.25,7.0,4.0,5.25,,,,,1.0,0.25,0.75,0.0,0.5,0.25,,,,,,,0.0,0.0,0.0,0.0,0.25,0.75,0.0,0.0,0.0,0.5,4.75,6.75,,,,,9.0,4.75,2.0,,,,,,,,,,,,,,,,,,,,,,,,,,,,,,,,,,,,,,,,,,,,,,,,
STP_12102014_L1,Sao Tome and Principe,STP,2014.0,2014-10-12,Legislative,5.0,,2,2,2,2,3047.8635,1,2,0,,57.96485,,,,59.645832,53.305553,45.416668,58.75,81.111115,60.555557,53.125,48.125,58.75,82.22222,7.8,,2.4,3.6,2.2,3.8,1.6,4.4,,,,,73.333336,73.333336,,,,4.6,3.8,4.0,4.4,80.0,80.0,80.0,80.0,,2.5,3.5,2.5,3.5,3.6666667,72.22222,63.88889,72.22222,63.88889,,3.6,2.4,2.4,3.6,3.25,2.75,,,45.833332,47.916664,,,,1.4,4.6,3.8,3.2,3.2,2.8,1.8,4.2,,,,68.0,68.0,,,,2.6,3.6,2.4,2.8,2.8,2.6666667,,,,45.0,41.333332,,,,3.0,2.6666667,1.4,3.8,2.2,3.8,2.2,,,33.333332,32.333332,,,,2.4,3.6,3.0,3.0,3.4,4.2,2.2,2.25,1.25,,,,,,53.125,52.708332,,,,4.0,3.4,4.0,1.8,4.2,2.2,3.8,72.0,72.0,72.0,72.0,,2.6,3.4,2.6,3.4,1.25,4.75,4.3333335,,75.0,74.270836,,,,3.6,4.0,4.0,3.75,,,68.75,70.9375,,,,8.6,,,5.0,5.6,5.2,4.5,6.8,,,,,2.6,0.0,1.0,0.2,0.0,0.0,,,,,,,0.0,0.0,0.0,0.2,0.0,0.8,0.0,0.0,0.0,0.2,4.6,9.0,,3.4,7.0,7.8,,,,,,,,,,,,,,,,,,,,,,,,,,,,,,,,,,,,,,,,,,,,,,,,,,,
STP_07082016_P2,Sao Tome and Principe,STP,2016.0,2016-08-07,Presidential,7.0,,2,2,2,2,3229.0581,1,2,0,,41.12925,39.795918,,,50.37715,39.72619,52.070107,47.767857,61.944447,50.92882,39.627975,51.289684,50.892857,61.904762,5.285714,,2.8333333,3.1666667,3.4285715,2.5714285,2.142857,3.857143,,,,,55.555557,54.960316,,,,3.4285715,3.4285715,3.2857144,4.0,63.392857,63.392857,63.392857,63.392857,,3.25,2.75,3.25,2.75,3.0,45.833336,45.833332,45.833336,45.833332,,3.5,2.5,3.5,2.5,3.1666667,2.8333333,,,40.27778,40.27778,,,,2.857143,3.142857,2.7142856,3.0,3.5714285,2.4285715,2.6666667,3.3333333,,,,45.833332,48.095238,,,,2.3333333,3.8333333,2.1666667,2.5,2.4285715,3.142857,,,,37.5,37.857143,,,,2.2,2.4,1.8571428,4.0,2.0,4.142857,1.8571428,3.4285715,2.5714285,29.0,26.571428,31.666666,28.690477,,2.8333333,3.1666667,3.2857144,2.7142856,3.857143,3.5714285,2.2,3.6666667,1.75,,,,,,58.333336,54.900795,,,,3.142857,3.142857,3.0,2.6,3.4,2.6,3.4,56.25,55.42857,56.25,55.42857,,3.142857,2.857143,3.8333333,2.1666667,2.5,3.5,3.1666667,,48.4375,48.065475,,,,2.857143,3.6666667,3.0,2.857143,,,55.208332,52.38095,,,,6.285714,,,6.285714,4.428571,6.142857,5.142857,4.571429,,,,,2.3333333,0.14285715,0.42857143,0.0,0.2857143,0.14285715,,,,,,,0.0,0.0,0.0,0.0,0.14285715,0.0,0.0,0.14285715,0.0,0.14285715,3.857143,9.142858,,6.142857,7.285714,8.571428,,,,,3.0,16.857143,16.857143,17.0,2.857143,3.857143,3.857143,4.0,4.0,,,,,,,,,,,,,,,,,,,,,,,,,,,,,,,,,,,,,,
STP_07102018_L1,Sao Tome and Principe,STP,2018.0,2018-10-07,Legislative,2.0,,2,2,2,2,3052.713623046875,1,2,0,,,,,,50.659718,45.0,43.40278,53.125,61.111107,51.34115,48.59375,42.53472,53.125,61.111107,6.5,,2.5,3.5,2.5,3.5,1.5,4.5,,,,,70.833336,70.833336,,,,3.0,4.0,3.0,4.0,62.5,62.5,62.5,62.5,,4.0,2.0,4.0,2.0,2.0,25.0,25.0,25.0,25.0,,2.5,3.5,2.0,4.0,2.5,3.5,,,66.666664,66.666664,,,,1.5,4.5,4.0,4.5,2.5,3.5,3.0,3.0,,,,72.5,72.5,,,,3.0,3.5,2.5,1.5,2.0,2.5,,,,32.5,32.5,,,,,1.5,1.0,3.0,3.0,4.0,2.0,3.0,3.0,,,,,,2.5,3.5,2.5,3.5,3.0,3.5,5.0,1.0,1.0,,,,,,83.333336,56.25,,,,5.0,3.0,3.0,2.5,3.5,2.5,3.5,95.0,65.0,95.0,65.0,,4.0,2.0,3.0,3.0,1.5,4.5,3.0,,53.125,53.125,,,,3.0,3.5,3.0,3.0,,,53.125,53.125,,,,9.0,,,4.0,5.5,6.5,5.0,6.5,,,,,3.0,0.0,0.5,0.0,0.0,0.5,,,,,,,0.0,0.0,0.0,0.0,0.5,0.5,0.0,0.0,0.0,0.5,5.0,10.0,,,,,7.0,4.0,1.0,,,,,,,,,,,,,,,3.0,3.0,3.0,3.0,3.0,2.0,2.0,2.0,1.0,1.0,5.0,2.5,4.0,4.0,3.0,3.0,,,,,,,,,,,,,,,,,,
STP_18072021_P1,Sao Tome and Principe,STP,2021.0,2021-07-18,Presidential,2.0,,2,2,2,2,4445.929559873498,1,2,0,,,,,,68.83681,50.0,62.5,78.125,84.72223,67.24826,50.9375,64.583336,68.75,84.72223,7.5,,2.5,3.5,2.0,4.0,1.0,5.0,,,,,79.16667,79.16667,,,,4.0,2.5,3.5,4.5,65.625,65.625,65.625,65.625,,3.0,3.0,3.0,3.0,4.0,58.333332,58.333332,58.333332,58.333332,,3.5,2.5,3.0,3.0,2.5,3.5,,,50.0,50.0,,,,2.0,4.0,4.5,3.5,4.0,2.0,2.0,4.0,,,,65.0,65.0,,,,5.0,3.5,2.5,4.0,4.0,4.0,,,,75.0,72.5,,,,,2.5,1.0,4.0,2.0,4.0,2.0,4.0,2.0,,,,,,1.5,4.5,3.5,2.5,4.5,4.5,2.0,4.5,1.0,,,,,,70.833336,68.75,,,,4.5,2.5,3.5,2.0,4.0,2.0,4.0,67.5,67.5,67.5,67.5,,4.5,1.5,4.5,1.5,2.0,4.0,5.0,,50.0,50.0,,,,3.5,3.0,3.0,3.0,,,53.125,53.125,,,,8.0,,,5.0,6.5,7.5,8.5,6.0,,,,,3.0,0.0,0.5,0.5,0.0,0.0,,,,,,,0.0,0.0,0.0,0.0,0.5,0.5,0.0,0.0,0.0,0.5,4.5,8.5,,,,,7.5,6.5,3.5,,,,,,,,,,,,,,,,,,,,,,,,,,,,,,,,,,,,,,,,,,,,,,,,
SEN_30072017_L1,Senegal,SEN,2017.0,2017-07-30,Legislative,3.0,,2,2,2,1,2567.80042,1,2,0,,,,,,41.38455,33.59375,47.22222,33.333332,51.38889,40.69734,30.381945,48.61111,37.5,46.296295,5.0,,3.6666667,2.3333333,4.3333335,1.6666666,3.0,3.0,,,,,33.333332,33.333332,,,,2.3333333,3.3333333,3.3333333,2.6666667,47.916668,47.916668,47.916668,47.916668,,,,,,5.0,,,,,,4.6666665,1.3333334,4.6666665,1.3333334,,,,,,,,,,2.5,3.5,3.5,3.0,4.0,2.0,3.5,2.5,,,,,47.5,,,,1.0,4.3333335,1.6666666,2.0,3.5,4.0,,,,30.0,35.833332,,,,1.6666666,1.6666666,1.3333334,3.5,2.5,4.3333335,1.6666666,3.5,2.5,15.0,19.166666,18.75,22.222221,,3.0,3.0,3.0,3.0,2.3333333,3.3333333,1.0,4.3333335,1.5,,,,,,37.5,45.833332,,,,4.0,3.5,4.0,1.5,4.5,2.3333333,3.6666667,77.5,73.333336,77.5,73.333336,,3.3333333,2.6666667,3.0,3.0,1.5,4.5,3.0,,62.5,57.291668,,,,2.6666667,3.0,2.3333333,4.0,,,50.0,50.0,,,,6.6666665,,,5.3333335,4.6666665,4.6666665,7.3333335,5.6666665,,,,,3.0,0.0,1.0,0.0,0.0,0.0,,,,,,,0.0,0.0,0.0,0.0,0.0,1.0,0.0,0.0,0.0,0.33333334,4.3333335,8.666667,,,,,9.0,5.3333335,1.3333334,,,,,4.0,,,,,,66.333336,66.0,3.0,35.0,34.333332,34.333332,,,,,,,,,,,,,,,,,,,,,,,,,,,,,,,,
SEN_31072022_L1,Senegal,SEN,2022.0,2022-07-31,Legislative,3.0,,3,3,1,2,3840.0329593599886,1,2,0,,58.758503,61.734695,,,64.49653,51.38889,68.634254,66.666664,71.296295,64.93056,51.38889,70.37037,66.666664,71.296295,7.0,,3.3333333,2.6666667,3.6666667,2.3333333,2.3333333,3.6666667,,,,,47.22222,47.22222,,,,4.0,4.0,3.0,4.0,68.75,68.75,68.75,68.75,,2.0,4.0,2.3333333,3.6666667,2.6666667,61.11111,61.11111,61.11111,61.11111,,4.0,2.0,2.5,3.5,1.0,5.0,,,62.5,62.5,,,,4.0,2.0,4.0,4.0,4.3333335,1.6666666,2.0,4.0,,,,53.333332,53.333332,,,,3.0,3.0,3.0,3.6666667,3.0,3.0,,,,50.0,53.333332,,,,3.3333333,3.0,2.0,2.0,4.0,3.6666667,2.3333333,2.6666667,3.3333333,47.5,48.333332,50.0,50.0,,2.0,4.0,3.0,3.0,4.3333335,4.3333335,4.0,4.3333335,1.6666666,,,,,,75.0,75.0,,,,4.0,3.6666667,4.0,2.0,4.0,2.0,4.0,73.333336,73.333336,73.333336,73.333336,,2.6666667,3.3333333,2.0,4.0,2.0,4.0,3.6666667,,68.75,68.75,,,,2.3333333,3.6666667,3.6666667,3.3333333,,,56.25,56.25,,,,9.0,,,5.6666665,4.6666665,4.6666665,9.0,5.6666665,,1.3333334,,,1.0,0.0,0.33333334,0.6666667,0.0,0.0,,,,,,,0.0,0.0,0.0,0.6666667,0.0,0.33333334,0.6666667,0.0,0.0,0.6666667,4.6666665,8.0,,,,,8.0,6.0,4.6666665,,,,,,,,,,,,,,,,,,,,,,,,,,,,,,,3.0,3.0,4.0,2.0,4.0,2.0,4.0,2.5,3.5,2.0,4.0,2.0,4.0,3.5,2.0,4.0,2.0,4.0
SEN_24032024_P1,Senegal,SEN,2024.0,2024-03-24,Presidential,2.0,,3,3,1,2,4317.0,1,2,0,,55.867348,58.67347,54.23387,58.064518,53.671875,42.847225,55.0,65.27778,51.5625,54.02778,43.020836,56.25,65.27778,51.5625,7.0,,3.0,3.0,1.5,4.5,2.0,4.0,3.0,2.0,4.0,3.0,70.83333,70.83333,58.92857,58.92857,,4.0,3.5,3.0,2.5,56.25,56.25,56.25,56.25,,2.0,4.0,2.5,3.5,3.5,66.666664,66.666664,66.666664,66.666664,,4.5,1.5,3.0,3.0,3.0,3.0,3.0,3.0,37.5,37.5,40.625,40.625,,4.5,1.5,3.0,4.0,4.0,2.0,3.0,3.0,2.5,4.0,2.0,42.5,42.5,39.285713,39.285713,,2.0,2.5,3.5,3.0,3.5,3.0,4.5,1.5,4.0,50.0,50.0,48.214287,48.214287,,3.0,2.0,2.0,3.0,3.0,4.5,1.5,3.0,3.0,35.0,32.5,41.666668,35.416668,,2.0,4.0,3.0,3.0,4.0,4.5,4.0,4.0,2.0,4.0,2.0,2.5,4.0,2.0,72.91667,72.91667,50.0,50.0,,4.5,3.5,4.0,2.0,4.0,2.0,4.0,75.0,75.0,75.0,75.0,,1.5,4.5,4.0,2.0,2.0,4.0,4.5,3.0,68.75,68.75,65.0,65.0,,3.0,4.0,4.0,4.0,3.5,2.5,68.75,68.75,62.5,62.5,,9.0,1.0,,7.0,3.5,3.0,8.5,6.0,,0.0,0.0,0.0,1.5,,,1.0,,,4.0,4.5,0.0,5.0,1.0,5.0,0.0,0.0,0.0,0.5,1.0,0.0,0.5,0.5,0.0,1.0,5.0,8.0,,6.5,7.0,7.0,,,,,,,,,,,,,,,,,,,,,,,,,,,,,,,,,,,,,,,,,,,,,,,,,,,
SRB_16032014_L1,Serbia,SRB,2014.0,2014-03-16,Legislative,13.0,,2,2,2,3,13806.013,4,5,0,,53.16815,44.642857,,,57.862137,46.375412,61.433533,48.076923,75.56268,58.31063,46.810898,61.858974,48.076923,76.49573,6.923077,,2.9166667,3.0833333,3.1538463,2.8461537,2.3333333,3.6666667,,,,,55.555557,54.96795,,,,3.8461537,3.9166667,3.9166667,4.1538463,73.958336,73.958336,73.958336,73.958336,,2.875,3.125,3.0,3.0,3.2222223,51.041668,52.89352,51.041668,52.89352,,3.6363637,2.3636363,3.5454545,2.4545455,3.6666667,2.3333333,,,33.333332,34.59596,,,,2.0,4.0,3.6153846,3.1538463,3.7272727,2.2727273,2.6363637,3.3636363,,,,58.0,57.027973,,,,2.0769231,3.9230769,2.0769231,2.4615386,2.25,3.2222223,,,,33.88889,35.438034,,,,2.9166667,2.2727273,1.8181819,3.0833333,2.9166667,4.2727275,1.7272727,,,31.25,33.257576,,,,2.4166667,3.5833333,2.909091,3.090909,4.0833335,3.7692308,2.5714285,4.1666665,1.4444444,,,,,,63.194443,63.603756,,,,4.0,4.0,4.230769,1.6923077,4.3076925,1.6666666,4.3333335,80.5,79.35897,80.5,79.35897,,1.9230769,4.076923,1.8461539,4.1538463,1.3846154,4.6153846,3.9,,81.25,79.66346,,,,3.9,3.75,3.4,3.9166667,,,68.75,68.541664,,,,8.923077,,,3.6153846,3.8333333,3.8461537,4.1666665,5.4615383,,,,,3.0,0.0,0.84615386,0.07692308,0.15384616,0.0,,,,,,,0.07692308,0.0,0.0,0.0,0.23076923,0.6923077,0.0,0.0,0.0,0.46153846,4.0,8.333333,,4.1538463,6.769231,8.0,,,,,,,,,,,,,,,,,,,,,,,,,,,,,,,,,,,,,,,,,,,,,,,,,,,
SRB_24042016_L1,Serbia,SRB,2016.0,2016-04-24,Legislative,9.0,,2,2,2,3,14511.791,4,5,0,,44.088314,38.265305,,,49.769897,43.93353,54.46401,48.00347,52.678574,49.945988,44.074074,53.858025,47.22222,54.62963,5.7777777,,3.2222223,2.7777777,4.0,2.0,2.7777777,3.2222223,,,,,41.666668,41.666668,,,,2.625,3.375,3.0,3.125,50.78125,50.78125,50.78125,50.78125,,3.0,3.0,3.0,3.0,3.0,50.0,50.0,50.0,50.0,,4.4,1.6,3.857143,2.142857,3.8333333,2.1666667,,,16.666668,24.246033,,,,2.125,3.875,3.1111112,3.5555556,4.25,1.75,2.7142856,3.2857144,,,,53.333332,52.886906,,,,2.5,4.375,1.625,2.5,2.125,3.857143,,,,39.166668,38.035713,,,,3.0,2.5,1.75,2.6666667,3.3333333,4.428571,1.5714285,2.857143,3.142857,32.5,35.77381,37.5,38.740078,,2.7777777,3.2222223,4.0,2.0,3.875,3.7777777,2.8,4.142857,1.2857143,,,,,,55.0,57.574406,,,,3.0,2.375,2.6666667,2.125,3.875,2.4285715,3.5714285,49.166668,52.440475,49.166668,52.440475,,4.7777777,1.2222222,3.5555556,2.4444444,1.5555556,4.4444447,3.0,,42.96875,44.444443,,,,3.0,2.625,2.142857,2.5,,,36.607143,39.174107,,,,8.666667,,,4.25,4.5,4.875,5.375,5.125,,,,,2.7777777,0.11111111,0.8888889,0.0,0.0,0.0,,,,,,,0.0,0.0,0.0,0.0,0.44444445,0.0,0.0,0.0,0.0,0.5555556,2.8888888,8.444445,,3.6666667,7.0,7.888889,,,,,2.7777777,34.22222,34.22222,13.666667,3.0,45.666668,45.666668,14.666667,14.666667,,,,,,,,,,,,,,,,,,,,,,,,,,,,,,,,,,,,,,
SRB_02042017_P1,Serbia,SRB,2017.0,2017-04-02,Presidential,9.0,,3,2,2,3,14511.791,4,5,0,,44.41964,54.591835,,,43.729744,39.246033,56.15906,31.25,48.26389,43.993057,37.546295,60.108025,31.25,47.0679,4.4444447,,3.142857,2.857143,3.5714285,2.4285715,3.0,3.0,,,,,44.04762,44.04762,,,,2.875,3.25,2.625,3.375,50.78125,50.78125,50.78125,50.78125,,2.0,4.0,2.5,3.5,4.0,70.833336,70.833336,70.833336,70.833336,,4.0,2.0,4.142857,1.8571428,4.5,1.5,,,18.333334,19.642857,,,,2.125,3.875,3.6666667,3.1111112,4.3333335,1.6666666,3.5,2.5,,,,48.125,49.09722,,,,1.1111112,5.0,1.0,1.3333334,1.3333334,3.5555556,,,,16.666666,16.666666,,,,2.0,2.0,1.875,3.3333333,2.6666667,4.0,2.0,3.0,3.0,25.833334,27.708334,25.0,31.42361,,2.0,4.0,3.5714285,2.4285715,4.2222223,3.4444444,2.75,3.8888888,1.0,,,,,,60.416668,61.392197,,,,3.3333333,3.5555556,2.7777777,2.6666667,3.3333333,3.0,3.0,58.333332,55.0,58.333332,55.0,,3.7777777,2.2222223,4.5555553,1.4444444,1.7777778,4.2222223,2.5555556,,40.27778,40.27778,,,,2.5555556,2.875,2.25,2.5555556,,,38.28125,38.975693,,,,8.666667,,,4.5555553,3.1111112,4.0,4.7777777,4.7777777,,,,,2.4444444,0.11111111,1.0,0.0,0.0,0.11111111,,,,,,,0.0,0.0,0.0,0.0,0.33333334,0.6666667,0.0,0.0,0.0,0.5555556,4.2222223,8.555555,,,,,8.0,4.888889,2.3333333,,,,,3.0,,,,,,13.333333,34.333332,1.8888888,1.5555556,3.5555556,3.5555556,,,,,,,,,,,,,,,,,,,,,,,,,,,,,,,,
SRB_21062020_L1,Serbia,SRB,2020.0,2020-06-21,Legislative,4.0,,4,3,1,3,19093.95530651531,4,5,0,,37.2449,,,,31.261574,33.958336,45.13889,21.875,24.074074,29.594185,31.223957,42.36111,21.875,22.916666,2.75,,2.75,3.25,3.75,2.25,2.0,4.0,,,,,54.166664,54.166664,,,,2.0,2.75,1.5,2.25,28.125,28.125,28.125,28.125,,2.0,4.0,2.0,4.0,4.5,75.0,79.166664,75.0,79.166664,,4.25,1.75,4.5,1.5,4.0,2.0,,,18.75,18.75,,,,3.25,2.75,3.75,3.75,4.25,1.75,4.0,2.0,,,,45.0,45.0,,,,1.25,4.75,1.25,1.0,1.25,3.75,,,,17.5,17.5,,,,1.25,1.5,1.5,3.25,2.75,4.75,1.25,4.5,1.5,16.25,16.25,15.625,15.625,,4.0,2.0,4.5,1.5,3.75,2.5,2.6666667,4.3333335,1.0,,,,,,41.666664,44.791664,,,,2.25,3.25,2.25,3.3333333,2.6666667,4.25,1.75,40.0,35.833332,40.0,35.833332,,4.0,2.0,3.25,2.75,2.0,4.0,1.75,,39.583332,40.625,,,,1.25,1.5,1.25,1.25,,,7.8125,7.8125,,,,9.25,,,3.0,1.5,1.0,4.25,1.75,,,,,1.0,0.0,1.0,0.0,0.0,0.0,,,,,,,0.0,0.0,0.0,0.0,0.25,0.75,0.0,0.0,0.0,1.0,3.0,8.75,,,,,9.75,5.0,1.0,,,,,,,,,,,,,,,,,,,,,,,,,,,,,,,,,,,,,,,,,,,,,,,,
SRB_03042022_P1,Serbia,SRB,2022.0,2022-04-03,Presidential,5.0,,4,3,1,3,21503.358090585476,4,5,0,,50.0,,,,39.71354,41.249996,41.90972,36.25,39.444443,39.609375,40.937496,41.805553,36.25,39.444443,4.6,,3.2,2.8,3.6,2.4,2.4,3.6,,,,,48.333332,48.333332,,,,1.4,2.2,1.6,2.2,21.25,21.25,21.25,21.25,,2.0,4.0,4.0,2.0,2.0,41.666668,41.666668,41.666668,41.666668,,3.25,2.75,4.6,1.4,4.4,1.6,,,25.0,22.916666,,,,2.2,3.8,4.0,4.2,4.2,1.8,3.0,3.0,,,,59.0,59.0,,,,1.4,4.8,1.2,1.6,1.4,4.0,,,,23.0,23.0,,,,2.0,2.6,1.8,3.2,2.8,4.6,1.4,4.4,1.6,28.0,28.0,25.833332,25.833332,,3.4,2.6,4.0,2.0,2.8,3.6,2.5,3.6,1.4,,,,,,43.75,46.25,,,,2.5,1.4,2.6,2.6,3.4,3.0,3.0,36.25,39.5,36.25,39.5,,4.0,2.0,3.0,3.0,1.2,4.8,2.6,,52.5,52.5,,,,1.6,3.0,2.4,2.0,,,31.25,31.25,,,,9.4,,,4.0,2.2,2.6,4.6,3.4,,1.5,,,1.0,0.0,1.0,0.2,0.0,0.0,,,,,,,0.0,0.0,0.0,0.2,0.6,0.4,0.0,0.0,0.0,0.8,3.2,9.6,,,,,9.4,5.8,3.0,,,,,,,,,,,,,,,,,,,,,,,,,,,,,,,2.25,3.75,2.25,2.25,3.75,2.0,4.0,4.0,2.0,3.0,3.0,2.5,3.5,2.75,3.25,2.75,3.0,3.0
SRB_17122023_L1,Serbia,SRB,2023.0,2023-12-17,Legislative,8.0,,4,3,1,2,23741.0,4,5,0,,21.683674,,29.713902,,28.213356,27.695932,37.544643,26.38889,21.223959,28.534073,28.658854,37.864582,26.38889,21.223959,2.125,,3.125,2.875,3.75,2.25,2.875,3.125,2.75,1.75,2.5,2.75,43.75,43.75,39.285713,39.285713,,1.75,3.0,1.875,1.625,26.5625,26.5625,26.5625,26.5625,,4.0,2.0,4.0,2.0,2.0,25.0,25.0,25.0,25.0,,4.428571,1.5714285,4.375,1.625,4.5,1.5,3.875,2.125,5.9523807,14.136905,8.928572,17.633928,,3.125,2.875,3.5,3.5,4.5,1.5,3.857143,2.142857,2.375,4.75,1.25,42.142857,42.589287,34.69388,36.22449,,1.0,5.0,1.0,1.375,2.0,4.25,4.125,1.875,1.5,23.125,23.125,21.428572,21.428572,,1.75,1.4285715,1.4,3.4,2.6,4.375,1.625,4.875,1.125,17.5,19.017857,14.583333,16.369047,,3.6666667,2.3333333,4.375,1.625,3.625,3.375,2.8333333,4.25,1.0,3.5,2.5,1.5714285,2.857143,3.142857,54.166664,50.17361,36.666668,38.13988,,2.6666667,2.75,2.25,2.875,3.125,3.25,2.75,42.5,42.708332,42.5,42.708332,,4.875,1.125,4.75,1.25,3.75,2.25,1.375,1.75,12.5,12.5,13.75,13.75,,1.75,2.25,1.5,1.625,3.125,2.875,19.53125,19.53125,25.0,25.0,,9.25,,,3.0,1.5,2.125,3.125,2.625,,0.0,0.0,0.0,1.0,,1.0,1.0,,,,,,,,,0.0,0.0,0.0,0.125,0.875,0.125,0.0,0.0,0.0,1.0,3.25,9.0,,,,,2.5,4.875,2.0,,,,,,,,,,,,,,,,,,,,,,,,,,,,,,,,,,,,,,,,,,,,,,,,
SLE_17112012_P1,Sierra Leone,SLE,2012.0,2012-11-17,Presidential,2.0,,2,3,2,1,1428.5355,1,2,0,,,,,,60.894096,51.5625,67.708336,43.75,80.55556,62.352432,53.229168,71.875,43.75,80.55556,,,2.5,3.5,3.0,3.0,1.5,4.5,,,,,66.66667,66.66667,,,,4.5,3.5,4.0,4.5,75.0,78.125,75.0,78.125,,,,,,,,,,,,2.0,4.0,2.0,4.0,,,,,,,,,,2.0,4.0,2.5,4.0,2.0,4.0,3.0,3.0,,,,70.0,62.5,,,,1.5,4.5,1.5,2.5,2.0,3.0,,,,30.0,27.5,,,,2.0,2.0,1.0,2.0,4.0,4.0,2.0,,,30.0,30.0,,,,1.5,4.5,2.0,4.0,4.5,4.0,1.0,3.5,1.0,,,,,,66.666664,64.58333,,,,4.0,1.5,3.5,1.5,4.5,1.5,4.5,70.0,65.0,70.0,65.0,,4.0,2.0,2.0,4.0,2.0,4.0,4.0,,62.5,62.5,,,,3.5,4.0,3.5,4.5,,,71.875,71.875,,,,6.5,,,5.5,3.5,3.5,5.0,7.0,,,,,3.0,0.0,0.5,0.5,0.5,0.0,,,,,,,0.0,0.0,0.0,0.0,0.0,0.5,0.5,0.0,0.0,0.0,5.0,8.5,,,,,,,,,,,,,,,,,,,,,,,,,,,,,,,,,,,,,,,,,,,,,,,,,,,,,,,
SLE_31032018_P2,Sierra Leone,SLE,2018.0,2018-03-31,Presidential,3.0,,3,3,1,1,1390.30029296875,1,2,0,,55.10204,,,,50.72338,51.041664,33.680557,46.875,71.296295,50.005787,45.277775,43.86574,46.875,65.740746,6.6666665,,2.0,4.0,2.0,4.0,2.0,4.0,,,,,75.0,75.0,,,,3.6666667,3.6666667,3.6666667,3.6666667,66.666664,66.666664,66.666664,66.666664,,2.5,3.5,3.0,3.0,3.0,54.166664,54.166668,54.166664,54.166668,,3.3333333,2.6666667,3.0,3.0,2.6666667,3.3333333,,,50.0,50.0,,,,2.3333333,3.6666667,1.6666666,2.6666667,3.6666667,2.3333333,2.6666667,3.3333333,,,,43.333332,43.333332,,,,3.0,3.5,2.5,3.5,2.5,2.5,,,,45.0,45.0,,,,3.0,3.0,2.0,2.5,3.5,4.0,2.0,3.5,2.5,35.0,42.5,37.5,41.666668,,3.0,3.0,4.0,2.0,4.5,3.0,4.0,1.0,1.0,,,,,,50.0,47.916668,,,,4.0,3.0,4.0,1.0,5.0,1.0,5.0,85.0,80.0,85.0,80.0,,4.5,1.5,3.0,3.0,3.3333333,2.6666667,3.3333333,,43.75,40.625,,,,3.6666667,3.6666667,3.6666667,3.6666667,,,66.666664,66.666664,,,,7.5,,,5.0,3.0,3.3333333,3.3333333,5.3333335,,,,,2.3333333,0.0,0.6666667,0.6666667,0.0,0.0,,,,,,,0.0,0.0,0.0,0.0,0.0,1.0,0.0,0.0,0.0,0.0,3.3333333,9.0,,,,,5.6666665,5.3333335,4.3333335,,,,,,,,,,,,,,,3.0,3.0,2.0,2.0,2.5,2.5,2.5,3.5,1.5,1.5,2.5,2.5,4.0,4.0,3.5,3.5,,,,,,,,,,,,,,,,,,
SLE_24062023_P1,Sierra Leone,SLE,2023.0,2023-06-24,Presidential,5.0,,3,3,1,1,1644.0,1,2,0,,47.448982,58.67347,35.78629,61.69355,36.094906,34.61111,40.416668,48.51852,20.833332,35.635414,33.40278,40.25,48.055557,20.833332,3.2,,3.4,2.6,3.6,2.4,2.2,3.8,2.2,1.6,2.8,3.2,48.333332,48.333332,41.428574,41.428574,,1.6,2.6,1.8,2.0,25.0,25.0,25.0,25.0,,2.6666667,3.3333333,2.6666667,3.3333333,3.0,55.555553,55.555553,55.555553,55.555553,,3.8,2.2,3.8,2.2,3.0,3.0,3.4,2.6,36.666664,36.666664,37.5,37.5,,3.2,2.8,3.0,3.2,3.75,2.25,3.8,2.2,2.8,4.2,1.8,40.0,42.25,37.5,39.464287,,2.4,3.3333333,2.6666667,1.6666666,3.0,4.4,4.4,1.6,2.8,43.333332,45.666668,39.285713,41.190475,,1.75,2.75,1.6,3.4,2.6,4.6,1.4,4.0,2.0,26.25,25.5,33.333332,25.416666,,3.6,2.4,3.8,2.2,2.8,3.8,2.0,1.5,1.5,2.4,3.6,2.8,3.4,2.6,45.833332,36.25,42.5,34.25,,2.2,3.4,1.8,3.6,2.4,3.8,2.2,35.0,35.0,35.0,35.0,,4.8,1.2,3.8,2.2,2.8,3.2,1.4,1.8,25.0,25.0,24.0,24.0,,1.4,2.8,1.8,1.8,3.5,2.5,23.75,23.75,30.0,26.5,,9.8,,,2.8,3.0,3.2,4.8,3.8,,0.0,0.0,0.0,1.0,1.0,1.0,1.0,1.0,,,,,,,,0.0,0.0,0.0,0.0,0.2,0.6,0.2,0.0,0.0,1.0,3.6,8.8,,,,,3.6,5.4,1.8,,,,,,,,,,,,,,,,,,,,,,,,,,,,,,,,,,,,,,,,,,,,,,,,
SGP_11092015_L1,Singapore,SGP,2015.0,2015-09-11,Legislative,14.0,,4,4,1,4,86128.172,3,3,0,,50.173023,57.823128,,,52.273327,35.76389,72.34445,39.938187,61.046776,52.84598,35.193455,71.72619,39.285713,65.17857,5.785714,,4.357143,1.6428572,4.428571,1.5714285,3.0,3.0,,,,,26.785713,26.785713,,,,4.142857,4.142857,3.6153846,4.285714,75.48077,76.16758,75.48077,76.16758,,4.5384617,1.4615384,4.571429,1.4285715,1.6923077,12.820513,13.186813,12.820513,13.186813,,2.3,3.7,1.75,4.25,1.3333334,4.6666665,,,83.333336,80.138885,,,,3.0769231,2.9230769,3.357143,3.0,4.1538463,1.8461539,3.0,3.0,,,,44.583332,45.631866,,,,2.2857144,4.357143,1.6428572,2.357143,2.357143,2.8181818,,,,30.90909,32.305195,,,,1.6666666,2.0714285,2.7142856,2.75,3.25,3.7857144,2.2142856,,,33.636364,34.583332,,,,1.6923077,4.3076925,1.7692307,4.230769,4.142857,3.2307692,3.5555556,3.5,1.7142857,,,,,,72.916664,70.69852,,,,3.9285715,4.357143,4.1538463,3.2727273,2.7272727,3.090909,2.909091,62.0,65.37962,62.0,65.37962,,2.0769231,3.9230769,1.9090909,4.090909,1.5384616,4.4615383,3.3,,73.611115,73.59703,,,,3.3076923,3.857143,2.5833333,3.2857144,,,53.409092,56.46177,,,,9.142858,,,5.214286,5.428571,5.214286,6.0,5.0,,,,,2.7692308,0.21428572,0.9285714,0.14285715,0.0,0.14285715,,,,,,,0.0,0.0,0.0,0.14285715,0.35714287,0.0,0.0,0.0,0.0,0.5,4.3076925,9.071428,,5.214286,7.142857,8.285714,,,,,,,,,,,,,,,,,,,,,,,,,,,,,,,,,,,,,,,,,,,,,,,,,,,
SGP_10072020_L1,Singapore,SGP,2020.0,2020-07-10,Legislative,8.0,,4,4,1,4,99681.2941505156,3,3,0,,59.557823,,,,59.78224,51.35119,82.06597,38.28125,67.43056,59.37717,50.18229,82.46528,38.28125,66.579865,6.25,,3.5714285,2.4285715,4.125,1.875,3.0,3.0,,,,,39.285713,35.863094,,,,4.25,4.625,3.5714285,4.125,77.67857,78.57143,77.67857,78.57143,,4.25,1.75,4.25,1.75,1.625,17.708334,17.708334,17.708334,17.708334,,1.6666666,4.3333335,1.3333334,4.6666665,1.1666666,4.8333335,,,90.27778,90.27778,,,,2.2857144,3.7142856,3.75,3.875,4.285714,1.7142857,2.5,3.5,,,,59.0,57.767857,,,,2.125,4.25,1.75,3.125,2.5,3.0,,,,31.0,37.5,,,,2.8,2.857143,3.625,1.5714285,4.428571,3.5,2.5,1.5,4.5,58.333332,56.05357,62.5,61.294643,,1.25,4.75,1.25,4.75,4.125,3.125,3.6,4.0,1.3333334,,,,,,75.0,76.458336,,,,4.625,4.75,4.625,4.0,2.0,2.6,3.4,65.0,72.0,65.0,72.0,,1.7142857,4.285714,1.4,4.6,1.0,5.0,4.25,,83.333336,88.34821,,,,3.125,4.25,2.75,3.625,,,60.9375,60.9375,,,,9.0,,,5.0,4.875,5.5,6.0,4.875,,,,,1.25,0.0,1.0,0.125,0.0,0.0,,,,,,,0.0,0.0,0.0,0.0,0.25,0.75,0.0,0.0,0.0,0.375,3.0,7.25,,,,,9.5,4.75,1.375,,,,,,,,,,,,,,,,,,,,,,,,,,,,,,,,,,,,,,,,,,,,,,,,
SGP_01092023_P1,Singapore,SGP,2023.0,2023-09-01,Presidential,9.0,,4,4,1,4,129083.0,3,3,0,,54.46125,,66.230316,,63.12062,55.437443,80.625,51.940033,64.479996,64.65181,59.17824,81.296295,53.3179,64.81481,6.5555553,,4.6,1.4,4.3333335,1.6666666,2.5714285,3.4285715,3.8888888,2.25,4.4444447,4.7777777,25.0,29.126984,47.321426,53.05839,,4.5555553,4.4444447,4.5555553,4.7777777,89.583336,89.583336,89.583336,89.583336,,4.25,1.75,4.0,2.0,2.0,22.916666,22.916666,22.916666,22.916666,,3.2222223,2.7777777,2.2222223,3.7777777,1.3333334,4.6666665,1.7777778,4.2222223,68.51852,68.51852,71.52778,71.52778,,3.4444444,2.5555556,3.4444444,3.8888888,2.0,4.0,2.5714285,3.4285715,1.8888888,1.5555556,4.4444447,55.0,61.587303,52.67857,59.46712,,2.4444444,4.285714,1.7142857,3.1111112,2.4444444,2.3333333,2.7777777,3.2222223,3.75,25.0,35.238094,34.285713,42.928005,,2.5,3.25,3.857143,1.875,4.125,1.8888888,4.111111,1.5555556,4.4444447,35.0,64.21627,38.88889,67.86541,,1.2222222,4.7777777,1.3333334,4.6666665,4.5555553,3.1111112,4.3333335,4.5,1.5,2.0,4.0,3.75,2.0,4.0,82.8125,83.10185,67.083336,69.236115,,4.7777777,4.6666665,4.6666665,3.0,3.0,2.2857144,3.7142856,66.666664,79.12698,66.666664,79.12698,,1.6666666,4.3333335,1.5555556,4.4444447,1.1111112,4.888889,3.75,3.75,75.0,83.854164,75.0,80.833336,,3.4444444,4.3333335,3.2222223,4.3333335,1.1111112,4.888889,70.833336,70.833336,76.111115,76.111115,,9.25,,,7.375,7.25,6.5,7.0,6.875,,0.0,0.0,0.0,1.0,,1.0,1.0,,,,,,,,,0.0,0.0,0.0,0.0,0.44444445,0.44444445,0.0,0.0,0.0,1.0,4.0,7.75,,,,,6.75,6.5,3.75,,,,,,,,,,,,,,,,,,,,,,,,,,,,,,,,,,,,,,,,,,,,,,,,
SVK_29032014_P2,Slovakia,SVK,2014.0,2014-03-29,Presidential,12.0,,1,1,2,4,29020.072,4,5,1,,72.29607,,,,75.106155,76.07675,64.85164,78.125,81.371254,75.7147,75.052086,66.23264,78.125,83.44907,8.916667,,2.1111112,3.8888888,2.1,3.9,1.7272727,4.2727275,,,,,75.92593,75.513466,,,,4.0833335,4.5833335,4.1666665,4.5,83.333336,83.333336,83.333336,83.333336,,1.0,5.0,1.0,5.0,2.75,77.77778,81.25,77.77778,81.25,,1.6666666,4.3333335,1.9166666,4.0833335,1.875,4.125,,,84.375,79.513885,,,,1.25,4.75,4.0833335,4.5,1.6363636,4.3636365,1.25,4.75,,,,87.27273,87.23485,,,,3.5,2.5,3.5,4.090909,3.5833333,2.6666667,,,,57.77778,61.704544,,,,3.142857,3.7272727,2.4166667,2.3333333,3.6666667,3.25,2.75,,,47.857143,53.517315,,,,1.4166666,4.5833335,1.7272727,4.2727275,4.6666665,4.75,4.3333335,2.0,1.4545455,,,,,,77.5,77.52525,,,,4.75,4.75,4.6666665,1.4444444,4.5555553,1.5,4.5,88.75,91.111115,88.75,91.111115,,1.8181819,4.181818,1.2727273,4.7272725,1.3,4.7,3.857143,,79.46429,84.163956,,,,4.0,4.5454545,4.1666665,4.5,,,82.38636,82.57576,,,,9.583333,,,3.8333333,5.0,5.0,7.1666665,7.8333335,,,,,2.9166667,0.0,0.9166667,0.16666667,0.0,0.0,,,,,,,0.0,0.0,0.0,0.0,0.8333333,0.16666667,0.0,0.0,0.083333336,0.9166667,4.909091,8.818182,,4.0833335,6.5833335,7.0833335,,,,,,,,,,,,,,,,,,,,,,,,,,,,,,,,,,,,,,,,,,,,,,,,,,,
SVK_05032016_L1,Slovakia,SVK,2016.0,2016-03-05,Legislative,13.0,,1,1,2,4,30631.953,4,5,1,,72.83355,76.40306,,,78.61105,67.45216,87.204094,75.96154,83.8264,78.69391,67.5,86.91239,75.96154,84.40171,8.230769,,2.4615386,3.5384614,2.1538463,3.8461537,2.0,4.0,,,,,69.871796,69.871796,,,,4.076923,4.6153846,4.3846154,4.5384617,85.09615,85.09615,85.09615,85.09615,,2.3333333,3.6666667,1.75,4.25,3.1111112,70.833336,66.89815,70.833336,66.89815,,1.7777778,4.2222223,1.4,4.6,1.375,4.625,,,87.5,87.06019,,,,1.5384616,4.4615383,4.230769,4.230769,3.5,2.5,1.6923077,4.3076925,,,,72.5,73.65385,,,,3.7692308,2.3846154,3.6153846,4.230769,3.6923077,3.2222223,,,,63.88889,67.649574,,,,3.8333333,3.5454545,3.0769231,2.8461537,3.1538463,3.2727273,2.7272727,1.6923077,4.3076925,56.11111,56.68415,60.648148,61.018845,,1.2307693,4.769231,1.8333334,4.1666665,4.4615383,4.3846154,4.4545455,4.6153846,1.5454545,,,,,,89.393936,86.883255,,,,4.3846154,3.6923077,4.3846154,1.4545455,4.5454545,1.6666666,4.3333335,82.27273,81.70163,82.27273,81.70163,,1.5384616,4.4615383,1.8333334,4.1666665,1.3846154,4.6153846,4.2,,83.75,84.02244,,,,3.8461537,4.4615383,4.0833335,4.076923,,,77.083336,77.92468,,,,9.153846,,,5.3846154,5.6153846,5.4615383,7.1538463,7.923077,,,,,2.9230769,0.0,0.9230769,0.07692308,0.0,0.0,,,,,,,0.0,0.0,0.0,0.0,0.3846154,0.0,0.0,0.0,0.0,0.84615386,5.230769,9.076923,,2.8461537,4.769231,5.769231,,,,,4.4615383,1.3076923,1.3076923,4.6923075,4.6923075,38.923077,38.923077,24.615385,24.615385,,,,,,,,,,,,,,,,,,,,,,,,,,,,,,,,,,,,,,
SVK_30032019_P2,Slovakia,SVK,2019.0,2019-03-30,Presidential,6.0,,1,2,2,4,31966.554843408387,4,5,1,,76.53062,72.44898,,,77.93403,76.59723,69.44444,81.25,84.44444,78.44907,76.18056,69.791664,81.25,86.57407,8.833333,,2.0,4.0,1.8333334,4.1666665,1.6666666,4.3333335,,,,,79.16667,79.16667,,,,5.0,4.8333335,4.6666665,4.8333335,95.833336,95.833336,95.833336,95.833336,,1.5,4.5,1.5,4.5,3.2,72.916664,76.666664,72.916664,76.666664,,1.8,4.2,1.4,4.6,1.4,4.6,,,86.666664,86.666664,,,,1.3333334,4.6666665,4.6666665,4.6666665,2.5,3.5,1.1666666,4.8333335,,,,86.666664,86.666664,,,,3.5,2.1666667,3.8333333,3.8333333,3.6,2.2,,,,61.25,59.833332,,,,3.8333333,3.5,3.5,2.6666667,3.3333333,2.1666667,3.8333333,1.8333334,4.1666665,65.0,65.0,67.36111,67.36111,,1.3333334,4.6666665,1.3333334,4.6666665,4.6666665,4.8333335,3.2,2.6666667,1.1666666,,,,,,78.333336,77.91667,,,,4.6666665,4.6666665,4.6666665,1.6,4.4,1.4,4.6,89.0,90.0,89.0,90.0,,3.1666667,2.8333333,1.3333334,4.6666665,1.8333334,4.1666665,3.8,,67.5,71.666664,,,,4.6666665,4.6666665,4.5,4.6666665,,,90.625,90.625,,,,9.166667,,,5.3333335,4.8333335,4.6666665,6.5,8.333333,,,,,1.0,0.0,1.0,0.0,0.0,0.0,,,,,,,0.0,0.0,0.0,0.0,0.8333333,0.16666667,0.0,0.0,0.0,0.8333333,4.3333335,8.833333,,,,,9.333333,4.5,1.3333334,,,,,,,,,,,,,,,2.6,2.6,3.6666667,3.6666667,3.8333333,2.1666667,2.1666667,4.2,1.6666666,1.6666666,4.0,3.1666667,3.0,3.0,3.3333333,3.3333333,,,,,,,,,,,,,,,,,,
SVK_29022020_L1,Slovakia,SVK,2020.0,2020-02-29,Legislative,4.0,,1,1,2,4,31356.45828242504,4,5,1,,78.061226,78.061226,,,77.424774,66.875,85.06944,71.875,85.87963,78.65018,68.59375,85.24306,71.875,88.88889,8.25,,1.5,4.5,2.25,3.75,1.75,4.25,,,,,79.16667,79.16667,,,,4.75,4.75,4.75,4.75,93.75,93.75,93.75,93.75,,2.0,4.0,4.0,2.0,4.0,58.333332,58.333332,58.333332,58.333332,,1.75,4.25,1.25,4.75,1.5,4.5,,,87.5,87.5,,,,1.25,4.75,4.25,4.5,3.25,2.75,1.75,4.25,,,,77.5,77.5,,,,3.25,2.75,3.25,3.75,3.75,2.6666667,,,,53.333332,58.333336,,,,3.5,3.5,3.0,2.5,3.5,3.25,2.75,2.25,3.75,56.25,56.25,58.333336,58.333336,,1.5,4.5,1.75,4.25,4.5,4.5,4.6666665,4.5,1.0,,,,,,87.5,87.15278,,,,4.75,4.75,4.75,1.3333334,4.6666665,1.6666666,4.3333335,90.0,91.25,90.0,91.25,,1.75,4.25,1.25,4.75,1.25,4.75,4.0,,83.333336,85.9375,,,,4.75,4.75,4.6666665,4.75,,,91.666664,93.229164,,,,9.75,,,6.5,5.0,5.5,7.25,8.75,,,,,1.0,0.25,1.0,0.0,0.0,0.0,,,,,,,0.0,0.0,0.0,0.0,0.75,0.25,0.0,0.0,0.0,0.75,5.0,9.0,,,,,10.0,4.5,1.5,,,,,,,,,,,,,,,,,,,,,,,,,,,,,,,,,,,,,,,,,,,,,,,,
SVK_30092023_L1,Slovakia,SVK,2023.0,2023-09-30,Legislative,6.0,,1,1,2,4,38566.0,4,5,1,,69.83418,,71.14247,,67.667244,62.488426,67.97222,62.03704,78.171295,67.738716,60.92014,69.40972,62.03704,78.58797,8.833333,,3.3333333,2.6666667,2.1666667,3.8333333,1.8333334,4.1666665,4.0,3.25,4.5,4.0,63.88889,63.88889,72.32143,69.34524,,4.5,4.3333335,4.6666665,4.6666665,88.541664,88.541664,88.541664,88.541664,,2.5,3.5,1.0,5.0,3.0,91.666664,70.833336,91.666664,70.833336,,1.8,4.2,2.0,4.0,2.0,4.0,2.3333333,3.6666667,76.666664,76.666664,72.5,74.166664,,1.3333334,4.6666665,3.6666667,3.8333333,3.8333333,2.1666667,1.5,4.5,3.5,3.3333333,2.6666667,69.166664,69.166664,64.28571,64.28571,,3.5,2.3333333,3.6666667,3.6666667,3.5,3.0,4.8333335,1.1666666,3.1666667,60.0,61.666668,50.714287,52.38095,,4.0,3.8333333,2.6,3.0,3.0,2.25,3.75,3.0,3.0,57.5,60.916668,56.25,59.09722,,1.8333334,4.1666665,1.8,4.2,4.5,4.5,4.0,4.2,1.25,3.8,2.2,2.4,1.6,4.4,83.333336,81.52778,63.75,61.416668,,4.6666665,4.0,4.6666665,1.8333334,4.1666665,1.5,4.5,85.0,85.0,85.0,85.0,,1.6666666,4.3333335,2.0,4.0,1.2,4.8,3.8333333,4.5,80.0,81.041664,81.0,82.333336,,4.5,4.1666665,3.8,4.3333335,1.2,4.8,77.5,80.0,80.0,83.0,,9.333333,,,6.6666665,5.0,4.5,7.6666665,8.833333,,0.0,0.0,0.0,1.0,,1.0,,,,,,,,,,0.0,0.0,0.0,0.16666667,0.6666667,0.33333334,0.0,0.0,0.0,1.0,4.3333335,9.166667,,,,,5.0,4.8333335,2.5,,,,,,,,,,,,,,,,,,,,,,,,,,,,,,,,,,,,,,,,,,,,,,,,
SVK_06042024_P2,Slovakia,SVK,2024.0,2024-04-06,Presidential,4.0,,1,1,2,4,39290.0,4,5,1,,,,,,67.98177,62.93403,70.625,70.138885,68.229164,68.07726,63.31597,70.625,70.138885,68.229164,8.75,,2.25,3.75,2.25,3.75,2.0,4.0,4.75,3.5,4.75,4.75,70.833336,70.833336,79.46429,79.46429,,4.5,5.0,4.5,4.5,90.625,90.625,90.625,90.625,,,,,,,,,,,,1.5,4.5,1.5,4.5,1.5,4.5,1.5,4.5,87.5,87.5,87.5,87.5,,2.5,3.5,3.5,4.0,2.75,3.25,1.6666666,4.3333335,4.0,2.5,3.5,70.0,67.916664,70.2381,68.15476,,3.0,2.5,3.5,3.25,3.25,3.0,3.75,2.25,3.5,56.666668,55.0,54.761906,52.67857,,3.3333333,3.5,2.75,2.5,3.5,2.3333333,3.6666667,1.75,4.25,45.0,58.75,50.0,62.5,,1.25,4.75,1.5,4.5,4.75,5.0,4.5,2.25,1.0,3.25,2.75,2.25,2.5,3.5,82.29167,82.29167,60.625,60.625,,4.5,4.75,4.5,2.0,4.0,2.0,4.0,86.666664,83.75,86.666664,83.75,,2.0,4.0,2.5,3.5,1.5,4.5,2.75,3.25,67.1875,67.1875,65.0,65.0,,4.25,4.25,3.75,4.25,1.5,4.5,78.125,78.125,80.0,80.0,,9.0,2.3333333,,6.75,5.5,5.5,5.75,7.5,,0.0,0.0,0.0,1.5,1.0,1.0,,,,6.0,3.25,0.25,5.0,1.0,4.75,0.0,0.0,0.0,0.0,0.75,0.25,0.0,0.0,0.0,1.0,3.5,8.25,,3.0,5.75,1.0,,,,,,,,,,,,,,,,,,,,,,,,,,,,,,,,,,,,,,,,,,,,,,,,,,,
SVN_02122012_P2,Slovenia,SVN,2012.0,2012-12-02,Presidential,11.0,,1,1,2,4,28841.924,4,5,1,,69.80412,,,,75.582855,65.48358,90.30303,71.02273,75.52209,75.88779,60.369316,88.068184,71.02273,84.09091,,,2.6666667,3.3333333,2.5555556,3.4444444,1.6,4.4,,,,,67.59259,68.14815,,,,4.4545455,4.5454545,4.4545455,4.5454545,87.5,87.5,87.5,87.5,,2.25,3.75,2.5,3.5,2.75,58.333332,58.333332,58.333332,58.333332,,1.5454545,4.4545455,1.2,4.8,1.4,4.6,,,92.5,90.454544,,,,1.375,4.625,3.4545455,3.6363637,2.8888888,3.1111112,1.4444444,4.5555553,,,,78.125,71.91288,,,,2.909091,2.2727273,3.7272727,3.090909,2.8181818,2.3333333,,,,44.444443,49.39394,,,,3.4545455,2.8,3.0,1.9,4.1,2.8,3.2,,,57.77778,57.772728,,,,1.2,4.8,1.3,4.7,4.7272725,4.3636365,4.5454545,4.4545455,1.3636364,,,,,,91.666664,89.96212,,,,4.7272725,4.5454545,4.7272725,1.0,5.0,1.1428572,4.857143,100.0,94.28571,100.0,94.28571,,1.7,4.3,2.0,4.0,1.5,4.5,2.75,,56.25,72.1875,,,,4.2,4.6363635,4.4444447,4.5454545,,,86.111115,86.41414,,,,9.0,,,4.7272725,3.6363637,3.8181818,5.7272725,8.090909,,,,,3.0,0.09090909,0.90909094,0.09090909,0.0,0.09090909,,,,,,,0.0,0.0,0.0,0.0,1.0,0.0,0.0,0.0,0.0,1.0,3.6,8.545455,,,,,,,,,,,,,,,,,,,,,,,,,,,,,,,,,,,,,,,,,,,,,,,,,,,,,,,
SVN_13072014_L1,Slovenia,SVN,2014.0,2014-07-13,Legislative,7.0,,1,1,2,4,30994.752,4,5,1,,75.765305,82.14286,,,83.7996,75.27778,89.88095,83.333336,86.706345,83.50942,74.315475,89.88095,82.14286,87.69841,8.142858,,2.0,4.0,1.3333334,4.6666665,2.0,4.0,,,,,83.333336,80.55556,,,,4.0,4.0,4.0,4.428571,77.67857,77.67857,77.67857,77.67857,,1.5,4.5,1.5,4.5,3.0,75.0,75.0,75.0,75.0,,1.2857143,4.714286,1.2857143,4.714286,1.2857143,4.714286,,,92.85714,92.85714,,,,1.5714285,4.428571,4.142857,4.285714,2.6666667,3.3333333,1.8571428,4.142857,,,,74.166664,76.666664,,,,3.857143,1.8571428,4.142857,3.7142856,4.142857,2.6666667,,,,60.0,67.61905,,,,3.7142856,3.142857,3.142857,1.4285715,4.571429,1.6666666,4.3333335,,,71.666664,69.52381,,,,1.1428572,4.857143,1.4285715,4.571429,4.714286,4.6666665,4.428571,4.428571,1.4285715,,,,,,89.583336,90.27778,,,,4.857143,4.571429,4.857143,1.2857143,4.714286,1.2857143,4.714286,93.57143,93.57143,93.57143,93.57143,,3.4,2.6,1.8571428,4.142857,1.4285715,4.571429,4.3333335,,72.5,72.79762,,,,4.0,4.857143,4.5,4.428571,,,83.75,86.16071,,,,9.166667,,,7.142857,5.285714,5.285714,6.714286,8.428572,,,,,2.7142856,0.14285715,0.85714287,0.0,0.0,0.0,,,,,,,0.0,0.0,0.0,0.0,0.71428573,0.2857143,0.0,0.0,0.0,1.0,4.3333335,7.714286,,4.857143,7.428571,8.0,,,,,,,,,,,,,,,,,,,,,,,,,,,,,,,,,,,,,,,,,,,,,,,,,,,
SVN_12112017_P2,Slovenia,SVN,2017.0,2017-11-12,Presidential,15.0,,1,1,2,4,32884.53889,4,5,1,,80.67324,65.81633,,,82.47424,80.03306,92.752594,71.82692,85.284386,84.02547,80.083336,92.17593,72.083336,91.75926,9.133333,,1.5833334,4.4166665,1.6363636,4.3636365,1.2307693,4.769231,,,,,86.666664,87.91278,,,,4.6666665,4.6666665,4.785714,4.866667,93.30357,93.66071,93.30357,93.66071,,1.1666666,4.8333335,1.7142857,4.285714,4.25,86.111115,86.40873,86.111115,86.40873,,1.5,4.5,1.4615384,4.5384617,1.2,4.8,,,91.666664,90.32051,,,,1.1333333,4.866667,4.866667,4.2,2.2,3.8,1.4,4.6,,,,86.666664,86.666664,,,,3.2666667,2.3076923,3.6923077,3.8666666,3.3333333,2.7142856,,,,51.666668,59.3663,,,,4.0,3.7272727,3.3846154,1.7857143,4.214286,2.3333333,3.6666667,1.2666667,4.733333,69.0,69.9642,72.5,73.85906,,1.1333333,4.866667,1.3571428,4.642857,4.6,4.266667,4.6923075,4.8,1.1666666,,,,,,91.31944,91.118744,,,,4.785714,4.6,4.8,1.2142857,4.785714,1.3333334,4.6666665,93.21429,93.190475,93.21429,93.190475,,1.2666667,4.733333,1.4,4.6,1.4,4.6,3.8,,83.75,85.833336,,,,4.4666667,4.642857,4.25,4.5333333,,,84.09091,86.83036,,,,9.4,,,6.5333333,5.4,5.6,7.2,9.133333,,,,,2.8666666,0.13333334,0.8666667,0.13333334,0.06666667,0.0,,,,,,,0.0,0.0,0.0,0.0,0.6,0.4,0.0,0.0,0.0,1.0,4.142857,8.8,,,,,9.666667,5.733333,2.8666666,,,,,4.733333,,,,,,29.714285,10.733334,3.8,3.5333333,1.6666666,1.6666666,,,,,,,,,,,,,,,,,,,,,,,,,,,,,,,,
SVN_03072018_L1,Slovenia,SVN,2018.0,2018-07-03,Legislative,13.0,,1,1,2,4,31400.83984375,4,5,1,,75.911446,67.85715,,,78.12271,66.52473,90.416504,66.34615,89.20347,78.25454,65.84936,90.3312,66.34615,90.491455,8.076923,,2.3846154,3.6153846,2.5384614,3.4615386,1.6153846,4.3846154,,,,,70.51282,70.51282,,,,4.3846154,4.3846154,4.5,4.769231,87.5,87.74039,87.5,87.74039,,2.142857,3.857143,1.7142857,4.285714,3.857143,75.0,75.0,75.0,75.0,,1.2727273,4.7272725,1.4166666,4.5833335,1.2727273,4.7272725,,,92.5,91.98232,,,,2.3846154,3.6153846,4.4615383,4.3076925,2.9230769,3.0769231,1.3076923,4.6923075,,,,75.76923,75.76923,,,,2.9230769,2.9230769,3.0769231,3.0,2.6923077,2.5,,,,40.625,45.96154,,,,3.7,3.3,3.0769231,2.2307692,3.7692308,2.8461537,3.1538463,1.4166666,4.5833335,58.88889,60.0,64.35185,64.93056,,1.1538461,4.8461537,1.3,4.7,4.5384617,4.3076925,4.25,4.6153846,1.0909091,,,,,,90.27778,88.573715,,,,4.5833335,4.6923075,4.6153846,1.4166666,4.5833335,1.5,4.5,90.0,89.871796,90.0,89.871796,,2.2307692,3.7692308,1.6923077,4.3076925,1.0,5.0,4.5,,81.25,84.85577,,,,3.9230769,4.5833335,4.2222223,4.3333335,,,84.02778,81.63729,,,,9.230769,,,6.3076925,5.3076925,5.5384617,6.769231,8.538462,,,,,2.7692308,0.0,0.9230769,0.07692308,0.0,0.0,,,,,,,0.0,0.0,0.0,0.0,0.7692308,0.23076923,0.0,0.0,0.0,1.0,4.3846154,9.0,,,,,9.461538,5.3076925,1.8461539,,,,,,,,,,,,,,,2.75,2.75,3.3846154,3.3846154,3.3333333,3.0769231,3.0769231,3.5555556,1.4,1.4,3.2307692,2.9230769,3.3076923,3.3076923,3.5,3.5,,,,,,,,,,,,,,,,,,
SVN_13112022_P2,Slovenia,SVN,2022.0,2022-11-13,Presidential,5.0,,1,2,2,4,43602.48920303667,4,5,1,,,,,,76.761284,71.59375,84.270836,65.625,85.55556,77.15105,72.770836,83.75,68.75,83.333336,8.8,,2.0,4.0,1.75,4.25,1.2,4.8,,,,,83.333336,83.75,,,,3.8,3.6,3.8,4.2,71.25,71.25,71.25,71.25,,,,,,,,,,,,1.5,4.5,1.25,4.75,1.3333334,4.6666665,,,91.666664,90.97222,,,,1.4,4.6,4.4,4.25,2.5,3.5,1.4,4.6,,,,80.0,81.75,,,,2.8,3.5,2.5,3.2,3.4,2.25,,,,30.0,45.75,,,,3.25,3.4,3.0,2.2,3.8,2.6,3.4,1.4,4.6,52.5,59.25,58.333336,64.375,,1.4,4.6,1.4,4.6,4.6,4.6,3.4,4.2,1.2,,,,,,83.333336,83.333336,,,,4.4,4.6,4.6,1.4,4.6,1.4,4.6,89.0,89.0,89.0,89.0,,1.4,4.6,1.4,4.6,1.2,4.8,4.75,,93.75,92.1875,,,,4.0,4.2,3.75,4.2,,,71.875,75.9375,,,,9.6,,,7.4,5.6,5.8,6.8,7.8,,1.0,,,1.0,0.2,0.8,0.0,0.0,0.0,,,,,,,0.0,0.0,0.0,0.0,0.8,0.2,0.0,0.0,0.0,1.0,4.2,8.8,,,,,9.6,3.6,1.2,,,,,,,,,,,,,,,,,,,,,,,,,,,,,,,1.8,4.2,4.2,2.2,3.8,2.2,3.8,2.5,3.5,3.0,3.0,1.6,4.4,4.25,1.6,4.4,1.6,4.4
SVN_24042022_L1,Slovenia,SVN,2022.0,2022-04-24,Legislative,5.0,,1,2,2,4,43602.48920303667,4,5,1,,67.251274,58.928574,,,72.97743,66.25,79.548615,67.5,78.611115,72.59202,64.8125,78.888885,67.5,79.166664,8.2,,2.0,4.0,1.6,4.4,2.0,4.0,,,,,78.333336,78.333336,,,,3.0,4.0,4.0,4.2,70.0,70.0,70.0,70.0,,1.5,4.5,2.5,3.5,4.25,77.083336,77.083336,77.083336,77.083336,,2.0,4.0,1.5,4.5,1.75,4.25,,,81.25,81.25,,,,2.0,4.0,3.4,3.6,3.0,3.0,1.6,4.4,,,,67.0,67.0,,,,2.8,2.4,3.6,2.6,2.6,3.0,,,,48.75,48.0,,,,4.5,4.25,3.25,2.5,3.5,2.6,3.4,1.25,4.75,71.25,69.5,75.0,73.541664,,1.0,5.0,1.25,4.75,4.6,4.2,3.75,3.5,1.0,,,,,,83.333336,82.5,,,,4.6,3.8,4.8,1.25,4.75,1.5,4.5,86.25,87.25,86.25,87.25,,1.4,4.6,1.4,4.6,1.2,4.8,3.75,,84.375,85.9375,,,,3.6,4.4,4.2,3.4,,,72.5,72.5,,,,9.8,,,6.4,5.6,6.0,8.2,7.8,,1.0,,,1.0,0.2,0.8,0.0,0.2,0.0,,,,,,,0.0,0.0,0.0,0.0,0.8,0.2,0.0,0.0,0.0,1.0,4.2,9.2,,,,,9.4,6.2,2.8,,,,,,,,,,,,,,,,,,,,,,,,,,,,,,,1.25,4.75,4.5,1.25,4.75,1.25,4.75,1.0,5.0,1.0,5.0,1.0,5.0,3.8,1.0,5.0,1.0,5.0
SLB_19112014_L1,Solomon Islands,SLB,2014.0,2014-11-19,Legislative,8.0,,4,3,1,2,2128.6125,5,3,0,,56.132572,53.061226,,,56.124134,52.385914,36.54514,63.839287,71.72619,58.21506,52.304688,44.270832,64.0625,72.22222,6.625,,2.0,4.0,1.8571428,4.142857,2.0,4.0,,,,,76.190475,76.190475,,,,3.625,3.2857144,3.7142856,4.0,66.07143,66.40625,66.07143,66.40625,,2.0,4.0,2.2857144,3.7142856,4.142857,72.22222,73.809525,72.22222,73.809525,,3.5,2.5,2.6666667,3.3333333,3.8333333,2.1666667,,,38.333332,41.666668,,,,1.8571428,4.142857,2.125,3.375,2.375,3.625,2.375,3.625,,,,59.285713,59.464287,,,,3.5,2.2857144,3.7142856,2.5714285,3.5,4.1666665,,,,58.0,62.261906,,,,1.8333334,1.8333334,1.7142857,3.375,2.625,3.75,2.25,,,22.0,26.279762,,,,2.75,3.25,4.0,2.0,3.875,3.5,2.0,1.8333334,1.5,,,,,,45.833336,43.57639,,,,3.5714285,3.75,3.875,1.875,4.125,1.875,4.125,72.14286,72.23214,72.14286,72.23214,,3.0,3.0,2.625,3.375,1.75,4.25,3.5714285,,62.5,63.727676,,,,3.75,3.75,3.857143,3.7142856,,,69.64286,69.19643,,,,7.875,,,7.25,3.75,4.625,5.75,6.75,,,,,2.75,0.25,0.75,0.125,0.125,0.0,,,,,,,0.0,0.0,0.0,0.125,0.0,0.625,0.25,0.25,0.25,0.125,3.0,8.0,,4.5,7.875,7.25,,,,,,,,,,,,,,,,,,,,,,,,,,,,,,,,,,,,,,,,,,,,,,,,,,,
SLB_03042019_L1,Solomon Islands,SLB,2019.0,2019-04-03,Legislative,3.0,,2,2,2,2,2772.8008329064965,5,3,1,,64.28571,70.408165,,,68.72685,59.166664,58.564816,81.25,75.92593,68.94965,58.4375,59.72222,81.25,76.388885,7.3333335,,2.0,4.0,1.3333334,4.6666665,1.3333334,4.6666665,,,,,86.11111,86.11111,,,,4.0,3.6666667,4.0,4.0,72.916664,72.916664,72.916664,72.916664,,1.5,4.5,1.5,4.5,4.0,83.33333,83.333336,83.33333,83.333336,,3.0,3.0,2.0,4.0,3.0,3.0,,,58.333336,58.333332,,,,1.6666666,4.3333335,3.0,2.6666667,1.6666666,4.3333335,2.3333333,3.6666667,,,,65.0,65.0,,,,3.6666667,2.0,4.0,3.3333333,3.6666667,3.5,,,,65.0,65.833336,,,,3.0,2.0,2.0,4.0,2.0,4.0,2.0,3.3333333,2.6666667,30.0,30.0,31.944445,31.944445,,2.3333333,3.6666667,2.5,3.5,4.0,4.6666665,4.0,3.0,2.0,,,,,,83.333336,70.13889,,,,4.0,4.3333335,4.3333335,1.6666666,4.3333335,2.0,4.0,75.0,80.0,75.0,80.0,,3.6666667,2.3333333,2.0,4.0,3.3333333,2.6666667,4.0,,56.25,56.25,,,,4.3333335,4.0,4.0,4.3333335,,,79.166664,79.166664,,,,10.0,,,7.3333335,5.3333335,5.6666665,5.5,7.3333335,,,,,1.6666666,0.33333334,1.0,0.0,0.0,0.0,,,,,,,0.0,0.0,0.0,0.0,0.0,0.6666667,0.0,0.33333334,0.0,0.33333334,4.3333335,7.6666665,,,,,8.666667,5.0,2.3333333,,,,,,,,,,,,,,,2.0,2.0,2.6666667,2.6666667,3.6666667,2.3333333,2.3333333,3.5,2.0,2.0,3.6666667,3.5,2.3333333,2.3333333,2.0,2.0,,,,,,,,,,,,,,,,,,
SLB_17042024_L1,Solomon Islands,SLB,2024.0,2024-04-17,Legislative,2.0,,3,2,2,2,2534.0,5,3,0,,,,,,58.333332,54.375,55.0,54.166664,69.791664,51.40625,52.5,50.0,41.666664,61.458332,8.0,,1.5,4.5,2.5,3.5,3.0,3.0,3.5,2.5,3.0,4.0,66.666664,66.666664,60.714287,60.714287,,4.0,4.5,4.0,4.0,78.125,78.125,78.125,78.125,,3.0,3.0,3.0,3.0,3.0,50.0,50.0,50.0,50.0,,4.0,2.0,3.0,3.0,4.0,2.0,2.0,4.0,25.0,33.333336,37.5,43.75,,1.5,4.5,2.0,4.0,1.0,5.0,1.0,5.0,2.0,3.0,3.0,75.0,77.5,60.714287,66.07143,,3.0,,,,3.0,2.0,4.0,2.0,2.0,,,,,,2.0,1.5,1.0,4.5,1.5,,,4.5,1.5,,,,,,1.0,5.0,,,4.0,5.0,,1.0,1.0,2.0,4.0,,,,,,,,,4.0,5.0,5.0,1.0,5.0,1.0,5.0,95.0,95.0,95.0,95.0,,5.0,1.0,1.0,5.0,1.0,5.0,4.0,,68.75,68.75,,,,5.0,5.0,4.0,5.0,1.0,5.0,93.75,93.75,95.0,95.0,,9.0,3.0,,7.0,3.0,3.0,,7.0,,,,,1.0,,1.0,,,,6.0,3.0,0.0,5.0,,2.0,0.0,0.0,0.0,0.0,0.0,0.5,0.0,0.0,0.0,,3.0,10.0,,1.0,5.0,1.0,,,,,,,,,,,,,,,,,,,,,,,,,,,,,,,,,,,,,,,,,,,,,,,,,,,
ZAF_07052014_L1,South Africa,ZAF,2014.0,2014-05-07,Legislative,16.0,,2,2,2,3,13127.447,1,1,0,,62.740505,67.21939,,,66.42953,53.64033,63.311947,69.635414,79.13042,65.50998,52.252605,62.82552,70.3125,76.64931,7.5,,2.1333334,3.8666666,2.4,3.6,1.5333333,4.4666667,,,,,74.44444,74.44444,,,,4.0,4.0625,4.1875,4.25,78.125,78.125,78.125,78.125,,2.1666667,3.8333333,2.090909,3.909091,4.0,73.333336,72.85354,73.333336,72.85354,,3.7692308,2.2307692,2.7142856,3.2857144,2.090909,3.909091,,,58.333332,53.546455,,,,1.5714285,4.428571,4.0,3.8666666,3.2,2.8,3.6666667,2.3333333,,,,65.76923,62.142857,,,,4.0,3.7333333,2.2666667,2.75,3.8125,3.375,,,,55.0,56.020832,,,,2.857143,1.9285715,1.9333333,2.5,3.5,4.266667,1.7333333,,,33.846153,34.761906,,,,2.9230769,3.0769231,2.8181818,3.1818182,4.125,4.4375,4.230769,4.0,1.5555556,,,,,,73.14815,71.05004,,,,3.7333333,4.125,4.142857,1.9285715,4.071429,1.7142857,4.285714,77.69231,76.791664,77.69231,76.791664,,2.4285715,3.5714285,2.3076923,3.6923077,1.8571428,4.142857,4.230769,,73.958336,72.73351,,,,3.875,3.8125,3.6875,3.9375,,,70.703125,70.703125,,,,8.266666,,,7.25,4.875,4.5625,4.9375,7.0,,,,,3.0,0.0625,1.0,0.0625,0.0,0.0625,,,,,,,0.0,0.0,0.0,0.125,0.4375,0.5625,0.125,0.0,0.1875,0.5625,4.125,8.0,,4.6875,7.0,7.375,,,,,,,,,,,,,,,,,,,,,,,,,,,,,,,,,,,,,,,,,,,,,,,,,,,
ZAF_08052019_L1,South Africa,ZAF,2019.0,2019-05-08,Legislative,11.0,,2,2,2,3,14288.589885661004,1,1,0,,64.807686,57.142857,,,68.98162,58.593346,65.658066,68.6048,83.07028,71.12847,63.049244,67.638885,69.318184,82.70202,7.6,,1.9,4.1,2.8,3.2,1.6363636,4.3636365,,,,,71.666664,72.19697,,,,4.090909,4.181818,4.4545455,4.4545455,82.38636,82.38636,82.38636,82.38636,,2.0,4.0,2.0,4.0,3.4444444,69.791664,70.37037,69.791664,70.37037,,4.1666665,1.8333334,2.5,3.5,3.0,3.0,,,40.0,44.444447,,,,1.9090909,4.090909,3.7,4.1,2.8,3.2,2.1,3.9,,,,68.888885,69.954544,,,,3.4545455,2.7,3.3,3.3333333,3.909091,3.0,,,,57.857143,59.984848,,,,3.2857144,2.2857144,1.7142857,3.0,3.0,3.625,2.375,2.5,3.5,28.0,38.303574,34.72222,42.33631,,2.875,3.125,2.75,3.25,4.111111,4.111111,4.3333335,4.142857,1.3333334,,,,,,68.05556,71.13922,,,,4.375,4.2222223,4.3333335,1.6666666,4.3333335,1.6666666,4.3333335,83.75,82.986115,83.75,82.986115,,2.8,3.2,2.142857,3.857143,1.5555556,4.4444447,4.25,,74.10714,73.44742,,,,4.2,4.111111,4.125,3.9,,,76.78571,77.10069,,,,8.3,,,8.0,5.5,5.5,5.7,7.8,,,,,1.6,0.09090909,0.8181818,0.18181819,0.0,0.09090909,,,,,,,0.0,0.0,0.0,0.0,0.18181819,0.72727275,0.0,0.0,0.0,0.27272728,4.1,8.6,,,,,9.6,4.6,1.6,,,,,,,,,,,,,,,2.1,2.1,3.5555556,3.5555556,3.8888888,1.8888888,1.8888888,4.2,1.5714285,1.5714285,3.8,3.5555556,2.7777777,2.7777777,3.2857144,3.2857144,,,,,,,,,,,,,,,,,,
ZAF_29052024_L1,South Africa,ZAF,2024.0,2024-05-29,Legislative,16.0,,2,2,2,3,13690.0,1,1,0,,66.99306,64.28571,67.36617,65.72581,67.90004,63.65195,65.4168,67.40741,75.12401,67.67632,62.62153,66.04818,67.361115,74.67448,7.75,,2.0,4.0,2.375,3.625,1.5,4.5,3.25,2.75,3.9375,4.3125,76.041664,76.041664,69.19643,69.19643,,3.6875,3.625,4.266667,4.4375,74.583336,75.104164,74.583336,75.104164,,1.4444444,4.5555553,1.6,4.4,4.111111,84.25926,83.888885,84.25926,83.888885,,3.1538463,2.8461537,2.375,3.625,1.8181819,4.181818,3.1333334,2.8666666,63.333332,63.774765,60.0,59.49774,,2.5,3.5,3.75,4.0666666,2.8,3.2,1.8,4.2,3.875,2.6666667,3.3333333,70.0,68.583336,68.36735,67.58929,,3.8666666,2.6,3.4,3.625,3.8666666,2.8181818,4.0,2.0,3.625,61.81818,62.882576,57.857143,57.862553,,3.4285715,2.6666667,2.5625,2.6875,3.3125,3.5714285,2.4285715,2.0714285,3.9285715,50.416668,46.99405,54.924244,51.364086,,2.6153846,3.3846154,2.090909,3.909091,3.625,4.375,4.1538463,4.125,1.2142857,3.6,2.4,3.2,3.0833333,2.9166667,70.833336,73.21897,53.055557,55.22305,,4.3333335,4.3125,4.4666667,1.3571428,4.642857,1.3333334,4.6666665,87.14286,87.11012,87.14286,87.11012,,4.25,1.75,2.3125,3.6875,1.8125,4.1875,4.125,4.5,60.9375,60.9375,66.25,66.25,,4.5625,4.125,4.25,3.9375,3.0,3.0,80.46875,80.46875,74.583336,74.375,,8.75,2.0,,8.3125,5.125,5.5625,5.6875,8.0,,0.0,0.0,0.0,1.5,1.0,1.0,1.0,1.0,1.0,5.75,4.5625,0.1875,5.0,1.0,3.625,0.0,0.0,0.0,0.125,0.375,0.4375,0.1875,0.0625,0.0,1.0,3.4,8.9375,,4.125,5.3125,2.6875,,,,,,,,,,,,,,,,,,,,,,,,,,,,,,,,,,,,,,,,,,,,,,,,,,,
ESP_20122015_L1,Spain,ESP,2015.0,2015-12-20,Legislative,25.0,,1,1,2,4,34696.336,4,6,1,,68.21904,70.66327,,,69.01953,57.04631,62.805805,68.597824,87.62819,68.97604,57.2375,63.916664,68.25,86.5,8.24,,4.304348,1.6956521,4.0833335,1.9166666,2.36,3.64,,,,,34.420288,35.43599,,,,4.24,4.04,4.4583335,4.6,83.854164,83.364586,83.854164,83.364586,,3.142857,2.857143,3.2307692,2.7692308,2.9285715,46.153847,46.29121,46.153847,46.29121,,2.5789473,3.4210527,1.7727273,4.2272725,1.5263158,4.4736843,,,75.0,76.01675,,,,1.2083334,4.7916665,3.72,3.72,3.16,2.84,1.5,4.5,,,,74.347824,72.85833,,,,2.84,3.3043478,2.6956522,3.04,3.12,2.3333333,,,,41.81818,45.144928,,,,3.08,2.6818182,2.0833333,1.7916666,4.2083335,2.7142856,3.2857144,,,51.666668,51.695995,,,,1.16,4.84,1.5,4.5,4.12,4.72,3.5384614,2.04,1.3157895,,,,,,74.67949,73.99359,,,,4.6,4.76,4.64,1.1764706,4.8235292,1.4583334,4.5416665,93.52941,91.82598,93.52941,91.82598,,1.28,4.72,1.12,4.88,1.12,4.88,4.4444447,,92.361115,93.27778,,,,4.48,4.142857,4.047619,4.4166665,,,83.22369,81.79464,,,,9.36,,,5.64,4.52,5.6,5.72,7.8,,,,,3.0,0.16,0.96,0.0,0.04,0.04,,,,,,,0.0,0.0,0.0,0.0,0.8,0.0,0.0,0.0,0.0,0.92,3.4,8.16,,4.24,9.0,9.32,,,,,,,,,,,,,,,,,,,,,,,,,,,,,,,,,,,,,,,,,,,,,,,,,,,
ESP_26062016_L1,Spain,ESP,2016.0,2016-06-26,Legislative,16.0,,1,1,2,4,36309.844,4,6,1,,67.56406,69.72789,,,67.3294,59.683895,63.29193,63.28125,83.06052,67.65517,59.20573,64.53993,63.28125,83.59375,8.4375,,4.1875,1.8125,3.9333334,2.0666666,1.9375,4.0625,,,,,40.555557,41.180557,,,,4.125,4.25,4.5333333,4.625,86.666664,84.583336,86.666664,84.583336,,2.8,3.2,3.0,3.0,3.9,59.166668,59.166668,59.166668,59.166668,,2.3076923,3.6923077,2.1333334,3.8666666,1.6666666,4.3333335,,,77.083336,74.10256,,,,1.375,4.625,4.0625,4.1875,3.25,2.75,1.625,4.375,,,,75.0,75.0,,,,3.0,3.0,3.0,3.4,3.0625,2.909091,,,,47.5,51.857956,,,,3.8,2.8,2.3333333,2.0,4.0,2.9230769,3.0769231,1.375,4.625,56.666668,55.05128,62.84722,60.980236,,1.25,4.75,1.8,4.2,4.125,4.0625,2.8461537,2.4375,1.5384616,,,,,,67.708336,68.42147,,,,4.625,4.8125,4.8125,1.7857143,4.214286,1.375,4.625,89.64286,90.44643,89.64286,90.44643,,1.3125,4.6875,1.0666667,4.9333334,1.125,4.875,4.0,,91.96429,90.59896,,,,4.375,4.0625,4.1875,4.3125,,,80.859375,80.859375,,,,9.0625,,,6.8,4.9333334,6.266667,6.8,7.4666667,,,,,3.0,0.25,0.875,0.0,0.0625,0.0625,,,,,,,0.0,0.0,0.0,0.0625,0.75,0.0,0.0,0.0,0.0625,0.8125,3.6666667,8.666667,,4.8125,7.9375,8.6875,,,,,4.375,1.625,1.625,4.5625,4.25,19.875,19.875,20.3125,20.3125,,,,,,,,,,,,,,,,,,,,,,,,,,,,,,,,,,,,,,
ESP_28042019_L1,Spain,ESP,2019.0,2019-04-28,Legislative,5.0,,1,1,2,4,41695.14694763268,4,6,1,,76.938774,76.658165,,,78.49653,66.625,70.833336,83.75,92.77778,78.52778,66.75,70.833336,83.75,92.77778,9.2,,2.2,3.8,2.2,3.8,1.4,4.6,,,,,76.666664,76.666664,,,,4.6,4.8,4.8,4.8,93.75,93.75,93.75,93.75,,2.4,3.6,2.0,4.0,4.0,71.666664,71.666664,71.666664,71.666664,,1.4,4.6,1.2,4.8,1.2,4.8,,,93.333336,93.333336,,,,1.6,4.4,3.4,2.6,3.6,2.4,1.8,4.2,,,,60.0,60.0,,,,3.8,2.0,4.0,4.2,3.6,2.25,,,,62.5,64.25,,,,4.4,3.75,2.8,2.0,4.0,2.0,4.0,1.2,4.8,68.75,69.75,72.916664,73.95833,,1.2,4.8,1.2,4.8,4.8,4.8,3.8,2.2,1.0,,,,,,80.0,80.0,,,,5.0,5.0,5.0,1.2,4.8,1.2,4.8,98.0,98.0,98.0,98.0,,1.2,4.8,1.2,4.8,1.2,4.8,4.6,,93.75,93.75,,,,4.4,4.8,4.6,4.4,,,88.75,88.75,,,,9.6,,,5.6,6.8,7.4,7.2,8.2,,,,,1.6,0.2,0.8,0.0,0.0,0.0,,,,,,,0.0,0.0,0.0,0.0,1.0,0.0,0.0,0.0,0.0,1.0,4.0,9.4,,,,,9.6,7.4,4.4,,,,,,,,,,,,,,,2.0,2.0,2.8,2.8,4.8,4.8,4.8,3.8,3.8,3.8,2.6,3.8,3.6,3.6,3.25,3.25,,,,,,,,,,,,,,,,,,
ESP_10112019_L1,Spain,ESP,2019.0,2019-11-10,Legislative,11.0,,1,1,2,4,41695.14694763268,4,6,1,,72.25397,64.54082,,,73.6069,62.95665,73.35227,74.431816,83.68687,72.95849,62.414772,72.285355,74.431816,82.70202,8.545455,,2.909091,3.090909,2.8181818,3.1818182,2.1818182,3.8181818,,,,,59.090908,59.090908,,,,4.181818,4.2727275,4.0,4.2727275,79.545456,79.545456,79.545456,79.545456,,2.8333333,3.1666667,2.3333333,3.6666667,3.6,63.333332,61.944447,63.333332,61.944447,,1.6666666,4.3333335,1.3,4.7,1.3,4.7,,,88.888885,89.44444,,,,1.6363636,4.3636365,4.0,4.0,3.1818182,2.8181818,2.1818182,3.8181818,,,,70.0,70.0,,,,3.1818182,2.1818182,3.8181818,3.5454545,3.8,2.6666667,,,,53.333332,60.060608,,,,4.111111,2.7777777,2.909091,2.1818182,3.8181818,2.8181818,3.1818182,1.4545455,4.5454545,61.11111,58.9899,66.203705,63.930977,,1.4545455,4.5454545,1.2,4.8,4.4545455,4.4545455,4.0,2.8,1.1111112,,,,,,81.25,79.393936,,,,4.5454545,4.4545455,4.6363635,2.0,4.0,1.6,4.4,86.875,85.181816,86.875,85.181816,,1.3636364,4.6363635,1.2727273,4.7272725,1.3636364,4.6363635,4.5454545,,90.90909,90.90909,,,,4.090909,4.090909,4.2727275,4.2727275,,,79.545456,79.545456,,,,9.0,,,6.818182,6.909091,7.181818,6.6363635,7.5454545,,,,,1.0,0.09090909,0.90909094,0.0,0.0,0.0,,,,,,,0.0,0.0,0.0,0.0,0.90909094,0.09090909,0.0,0.0,0.0,0.90909094,3.8181818,8.4,,,,,8.818182,6.0,3.6363637,,,,,,,,,,,,,,,2.4,2.4,3.6666667,3.6666667,4.3636365,4.090909,4.090909,4.111111,3.6666667,3.6666667,2.8,3.5454545,3.3636363,3.3636363,3.5555556,3.5555556,,,,,,,,,,,,,,,,,,
ESP_23072023_L1,Spain,ESP,2023.0,2023-07-23,Legislative,16.0,,1,1,2,4,45788.0,4,6,1,,73.97487,77.04082,76.00257,80.04032,72.52732,67.193,66.47611,66.617065,89.823105,73.00673,68.107635,66.69271,67.27431,89.952255,8.9375,,3.1875,2.8125,2.4375,3.5625,1.75,4.25,4.625,3.7777777,2.6875,4.375,63.541668,63.541668,67.06349,68.179565,,4.625,4.5625,4.6875,4.75,91.40625,91.40625,91.40625,91.40625,,3.1,2.9,2.6,3.4,3.8,59.166668,59.166668,59.166668,59.166668,,1.3846154,4.6153846,1.2,4.8,1.2307693,4.769231,1.5,4.5,94.44444,93.20513,92.708336,91.77885,,1.3125,4.6875,4.0,4.1875,3.25,2.75,1.3125,4.6875,3.6875,2.375,3.625,76.5625,76.5625,73.66071,73.66071,,3.4375,2.4375,3.5625,3.8125,3.3125,2.75,3.642857,2.357143,3.25,57.5,59.375,53.571426,55.293365,,3.875,3.2727273,2.7692308,1.6,4.4,2.6,3.4,1.5,4.5,62.77778,63.58479,66.203705,67.570656,,1.25,4.75,1.4666667,4.5333333,4.5,4.625,4.375,4.375,1.3571428,3.4285715,2.5714285,2.875,2.3,3.7,85.9375,88.15972,63.75,65.7619,,4.5625,4.625,4.875,1.2727273,4.7272725,1.2,4.8,91.818184,92.94886,91.818184,92.94886,,2.3125,3.6875,1.9375,4.0625,1.5,4.5,4.6,4.6666665,79.166664,80.3125,81.666664,82.583336,,4.6875,4.5,4.733333,4.6875,1.3571428,4.642857,91.666664,91.302086,91.92308,91.25595,,8.625,,,6.5625,6.5625,7.25,6.5,8.75,,0.0,0.0,0.0,1.4375,1.0,1.0,,,,,,,,,,0.0,0.0,0.0,0.0,0.75,0.25,0.0,0.0,0.0625,1.0,3.875,8.5625,,,,,5.8125,6.25,4.1875,,,,,,,,,,,,,,,,,,,,,,,,,,,,,,,,,,,,,,,,,,,,,,,,
LKA_17082015_L1,Sri Lanka,LKA,2015.0,2015-08-17,Legislative,6.0,,5,5,1,2,11777.872,3,4,0,,52.07653,50.0,,,51.972225,40.180553,39.02778,53.125,75.55556,51.3614,38.31597,38.541668,53.125,75.46297,8.0,,2.8333333,3.1666667,2.5,3.5,2.4,3.6,,,,,66.666664,60.555557,,,,3.8333333,3.5,3.8333333,4.5,72.916664,72.916664,72.916664,72.916664,,3.6,2.4,2.6,3.4,2.6,43.75,45.0,43.75,45.0,,4.0,2.0,3.1666667,2.8333333,2.2,3.8,,,45.0,46.944443,,,,1.5,4.5,2.5,3.6666667,4.3333335,1.6666666,2.8,3.2,,,,51.25,52.666668,,,,2.3333333,3.5,2.5,2.1666667,2.1666667,4.0,,,,40.833332,40.833332,,,,2.0,1.8333334,1.1666666,4.0,2.0,3.6666667,2.3333333,,,21.666666,21.666666,,,,2.6666667,3.3333333,2.25,3.75,3.3333333,3.8333333,3.6,1.2,1.25,,,,,,62.5,54.375,,,,4.0,3.0,4.1666665,1.6,4.4,1.6,4.4,76.0,74.833336,76.0,74.833336,,3.2,2.8,2.6,3.4,2.6666667,3.3333333,3.5,,64.0625,56.458332,,,,3.8333333,3.3333333,3.4,4.3333335,,,67.5,68.125,,,,9.166667,,,6.6666665,5.0,4.5,5.1666665,7.1666665,,,,,3.0,0.0,0.8333333,0.16666667,0.16666667,0.16666667,,,,,,,0.0,0.0,0.0,0.16666667,0.5,0.0,0.0,0.0,0.0,0.8333333,5.2,8.666667,,5.5,8.333333,7.6666665,,,,,,,,,,,,,,,,,,,,,,,,,,,,,,,,,,,,,,,,,,,,,,,,,,,
LKA_08012015_P1,Sri Lanka,LKA,2015.0,2015-01-08,Presidential,9.0,,5,5,1,2,11777.872,3,4,0,,51.439507,59.013607,,,45.50678,38.669807,34.871033,46.26736,62.218914,45.91821,38.37963,34.72222,49.305557,61.26543,7.111111,,3.0,3.0,2.7777777,3.2222223,2.5555556,3.4444444,,,,,55.555557,55.555557,,,,3.875,4.125,3.875,3.625,71.875,71.875,71.875,71.875,,2.875,3.125,2.4285715,3.5714285,2.625,57.142857,52.67857,57.142857,52.67857,,3.3333333,2.6666667,2.5555556,3.4444444,3.0,3.0,,,57.142857,50.925926,,,,2.75,3.25,3.5555556,3.3333333,3.857143,2.142857,3.875,2.125,,,,48.57143,47.03373,,,,2.0,4.375,1.625,2.0,2.4444444,3.75,,,,34.375,34.09722,,,,2.4444444,2.5555556,1.75,3.8888888,2.1111112,4.4444447,1.5555556,,,27.5,27.083334,,,,3.75,2.25,3.5,2.5,3.5555556,3.8888888,3.2857144,1.5714285,1.6666666,,,,,,52.5,46.04828,,,,3.75,3.75,4.0,2.5,3.5,2.5,3.5,67.85714,67.5,67.85714,67.5,,2.4444444,3.5555556,2.6666667,3.3333333,2.3333333,3.6666667,3.2857144,,58.035713,61.507935,,,,3.4444444,3.875,3.6666667,4.2222223,,,71.09375,70.052086,,,,8.888889,,,5.6666665,5.111111,5.0,5.5555553,7.111111,,,,,2.8888888,0.0,0.8888889,0.0,0.0,0.0,,,,,,,0.0,0.0,0.0,0.0,0.44444445,0.0,0.0,0.0,0.0,0.6666667,5.25,8.444445,,6.888889,7.6666665,8.111111,,,,,,,,,,,,,,,,,,,,,,,,,,,,,,,,,,,,,,,,,,,,,,,,,,,
LKA_16112019_P1,Sri Lanka,LKA,2019.0,2019-11-16,Presidential,10.0,,4,4,1,2,13631.555196127081,3,4,0,,51.93486,44.89796,,,51.67091,45.935184,44.830246,52.5,63.418213,53.337673,47.03125,46.319443,52.5,67.5,6.4,,2.4444444,3.5555556,2.5,3.5,2.1,3.9,,,,,67.59259,66.296295,,,,4.1,4.1,4.1,4.3,78.75,78.75,78.75,78.75,,2.3333333,3.6666667,2.8333333,3.1666667,3.0,56.944443,56.944447,56.944443,56.944447,,3.1111112,2.8888888,2.5555556,3.4444444,2.4285715,3.5714285,,,54.761906,57.539684,,,,2.375,3.625,2.2,2.7,3.1,2.9,2.6666667,3.3333333,,,,47.5,48.791668,,,,2.1,3.5,2.5,2.7,2.2,3.6,,,,40.5,40.5,,,,2.5,1.875,2.0,3.7777777,2.2222223,3.7777777,2.2222223,3.1111112,2.8888888,25.0,29.097221,25.595238,32.118057,,3.0,3.0,2.6666667,3.3333333,3.8888888,3.9,3.0,2.0,1.4444444,,,,,,52.97619,54.675926,,,,3.9,3.7,3.8,1.75,4.25,1.625,4.375,72.5,75.125,72.5,75.125,,2.0,4.0,2.6666667,3.3333333,2.0,4.0,2.25,,58.59375,59.895832,,,,3.3333333,4.111111,3.5555556,3.8888888,,,68.05556,68.05556,,,,8.5,,,4.125,3.375,3.25,3.375,5.375,,,,,1.0,0.0,0.8,0.0,0.0,0.0,,,,,,,0.0,0.0,0.0,0.0,0.7,0.1,0.0,0.0,0.0,0.8,6.0,7.25,,,,,6.5,5.9,4.6,,,,,,,,,,,,,,,3.7777777,3.7777777,3.9,3.9,3.8888888,3.8888888,3.8888888,3.7,2.4285715,2.4285715,2.7777777,1.8888888,3.8888888,3.8888888,3.7777777,3.7777777,,,,,,,,,,,,,,,,,,
LKA_05082020_L1,Sri Lanka,LKA,2020.0,2020-08-05,Legislative,5.0,,4,4,1,2,13226.7300579257,3,4,0,,44.132652,44.132652,,,52.79687,41.708332,37.8125,65.0,66.666664,54.069443,43.916668,40.694443,65.0,66.666664,5.6,,1.4,4.6,2.6,3.4,2.0,4.0,,,,,75.0,75.0,,,,4.0,4.4,4.2,3.8,77.5,77.5,77.5,77.5,,3.5,2.5,4.0,2.0,4.5,50.0,50.0,50.0,50.0,,3.25,2.75,2.6,3.4,2.6,3.4,,,56.25,54.583332,,,,2.0,4.0,2.4,3.6,3.6,2.4,3.2,2.8,,,,51.0,51.0,,,,2.6,3.0,3.0,2.2,2.4,3.6,,,,44.0,44.0,,,,2.4,2.5,1.4,3.6,2.4,4.2,1.8,4.0,2.0,23.75,27.5,22.916666,27.083332,,3.8,2.2,3.6,2.4,4.2,4.4,3.0,2.0,2.0,,,,,,48.958332,50.833332,,,,3.8,3.8,4.2,2.0,4.0,2.2,3.8,73.0,73.0,73.0,73.0,,2.6,3.4,3.0,3.0,2.8,3.2,3.4,,56.25,56.25,,,,4.0,4.4,3.6,4.2,,,76.25,76.25,,,,9.2,,,6.0,3.2,3.2,5.0,6.8,,,,,1.0,0.0,1.0,0.0,0.0,0.0,,,,,,,0.0,0.0,0.0,0.2,0.8,0.0,0.0,0.0,0.0,1.0,5.2,9.0,,,,,8.0,5.4,3.2,,,,,,,,,,,,,,,,,,,,,,,,,,,,,,,,,,,,,,,,,,,,,,,,
LKA_21092024_P1,Sri Lanka,LKA,2024.0,2024-09-21,Presidential,7.0,,4,4,1,2,13030.0,3,4,0,,57.69898,50.510204,57.917625,51.612904,54.624256,47.89186,50.2381,52.38095,67.986115,55.729168,48.392857,53.095238,52.38095,69.04762,8.0,,2.5,3.5,3.142857,2.857143,2.3333333,3.6666667,4.0,3.142857,3.857143,3.5714285,61.11111,58.531746,64.28571,62.840137,,4.285714,3.857143,4.285714,4.714286,82.14286,82.14286,82.14286,82.14286,,3.25,2.75,2.5,3.5,3.4,54.166664,55.416668,54.166664,55.416668,,3.0,3.0,2.5714285,3.4285715,2.4,3.6,2.857143,3.142857,60.0,58.57143,57.5,57.32143,,2.142857,3.857143,3.2857144,3.142857,3.3333333,2.6666667,2.4285715,3.5714285,3.142857,3.5714285,2.4285715,55.833332,57.61905,52.38095,53.911564,,2.4285715,3.4285715,2.5714285,2.4285715,2.857143,4.0,4.142857,1.8571428,3.2857144,38.0,46.42857,37.142857,44.387753,,2.7142856,3.142857,2.2857144,3.4285715,2.5714285,4.5,1.5,4.4,1.6,34.166668,36.07143,28.333332,32.559525,,2.857143,3.142857,2.857143,3.142857,3.7142856,3.7142856,3.142857,2.1666667,1.2,3.4285715,2.5714285,2.5,3.2,2.8,52.083332,54.265873,34.5,42.238094,,4.142857,4.0,4.285714,2.2857144,3.7142856,2.2857144,3.7142856,74.28571,74.28571,74.28571,74.28571,,1.8571428,4.142857,2.3333333,3.6666667,1.3333334,4.6666665,3.6666667,3.2,72.916664,75.89285,68.333336,71.71429,,4.0,3.857143,3.3333333,4.285714,1.8333334,4.1666665,68.75,71.72619,70.0,73.21429,,8.428572,1.8333334,,7.0,5.142857,4.857143,5.142857,7.571429,,0.0,0.0,0.0,1.2857143,1.0,1.0,,,,6.0,3.142857,0.2857143,5.0,1.0,4.142857,0.0,0.0,0.0,0.0,0.5714286,0.42857143,0.0,0.0,0.0,1.0,5.142857,7.428571,,5.714286,7.0,5.142857,,,,,,,,,,,,,,,,,,,,,,,,,,,,,,,,,,,,,,,,,,,,,,,,,,,
SDN_13042015_P1,Sudan,SDN,2015.0,2015-04-13,Presidential,9.0,,7,7,0,2,4568.0859,1,1,0,,40.666504,34.438774,,,43.36468,35.10995,47.569447,35.069443,55.709877,43.76929,35.300926,48.03241,35.416668,56.32716,3.6666667,,4.0,2.0,4.4444447,1.5555556,3.5555556,2.4444444,,,,,25.0,25.0,,,,2.6666667,3.0,2.8888888,3.0,47.22222,47.22222,47.22222,47.22222,,3.375,2.625,3.25,2.75,2.2222223,36.458332,38.310184,36.458332,38.310184,,3.7777777,2.2222223,3.3333333,2.6666667,3.5714285,2.4285715,,,35.714287,35.978836,,,,2.75,3.25,3.8888888,3.0,4.0,2.0,3.6666667,2.3333333,,,,49.375,47.36111,,,,2.4444444,4.3333335,1.6666666,2.0,2.2222223,3.875,,,,32.857143,36.041668,,,,1.625,2.2222223,1.75,3.0,3.0,4.4444447,1.5555556,,,25.0,25.76389,,,,3.25,2.75,3.5,2.5,3.2222223,2.75,2.8888888,3.3333333,2.2222223,,,,,,46.875,47.685184,,,,2.625,3.6666667,3.0,2.4444444,3.5555556,2.875,3.125,58.57143,54.86111,58.57143,54.86111,,3.4444444,2.5555556,2.4444444,3.5555556,2.125,3.875,3.5,,56.25,59.288193,,,,2.25,3.0,2.875,2.375,,,34.375,40.625,,,,9.333333,,,4.0,3.3333333,3.0,4.111111,4.7777777,,,,,2.875,0.44444445,1.0,0.22222222,0.22222222,0.0,,,,,,,0.0,0.0,0.0,0.0,0.22222222,0.0,0.0,0.0,0.0,0.6666667,4.111111,8.777778,,4.0,8.333333,6.111111,,,,,,,,,,,,,,,,,,,,,,,,,,,,,,,,,,,,,,,,,,,,,,,,,,,
SUR_25052015_L1,Suriname,SUR,2015.0,2015-05-25,Legislative,11.0,,2,2,2,3,15722.647,2,9,0,,46.96951,,,,49.346222,43.523148,36.85065,52.272728,64.73836,51.24921,45.464016,45.265152,52.272728,61.99495,6.3636365,,3.1818182,2.8181818,3.090909,2.909091,2.5,3.5,,,,,51.666668,51.89394,,,,3.4545455,3.909091,3.4545455,3.5454545,64.77273,64.77273,64.77273,64.77273,,3.2,2.8,3.4,2.6,2.6,41.666668,41.666664,41.666668,41.666664,,3.0,3.0,3.5,2.5,2.8,3.2,,,60.416668,47.5,,,,2.0,4.0,3.5454545,3.8181818,3.6666667,2.3333333,2.3,3.7,,,,62.22222,61.984848,,,,2.6363637,4.2727275,1.7272727,2.4545455,2.7272727,2.7142856,,,,32.142857,36.298702,,,,1.75,2.7777777,1.7777778,4.111111,1.8888888,4.5,1.5,,,24.375,23.472221,,,,2.142857,3.857143,3.2857144,2.7142856,3.5454545,4.0,2.8333333,1.1666666,1.25,,,,,,37.5,50.487015,,,,3.0,2.2727273,3.6,2.5555556,3.4444444,2.375,3.625,63.333332,54.710857,63.333332,54.710857,,3.5454545,2.4545455,2.7272727,3.2727273,1.4,4.6,4.0,,65.97222,64.545456,,,,3.1818182,3.3,2.6,3.0,,,49.305557,50.511364,,,,8.090909,,,5.7272725,3.7272727,4.090909,4.818182,5.909091,,,,,3.0,0.18181819,0.90909094,0.18181819,0.0,0.0,,,,,,,0.0,0.0,0.0,0.09090909,0.36363637,0.0,0.0,0.0,0.0,0.45454547,3.5454545,8.363636,,4.4545455,7.5454545,8.454545,,,,,,,,,,,,,,,,,,,,,,,,,,,,,,,,,,,,,,,,,,,,,,,,,,,
SUR_25052020_L1,Suriname,SUR,2020.0,2020-05-25,Legislative,5.0,,2,2,2,3,16733.38267831711,2,9,0,,59.65136,,,,58.998844,53.333332,50.023148,72.5,60.13889,60.48611,51.875,56.59722,71.25,62.22222,6.2,,3.4,2.6,2.8,3.2,1.8,4.2,,,,,58.333332,58.333332,,,,2.4,4.2,3.4,3.6,60.0,60.0,60.0,60.0,,2.6666667,3.3333333,2.0,4.0,2.6666667,58.333332,58.333332,58.333332,58.333332,,3.3333333,2.6666667,3.5,2.5,3.0,3.0,,,37.5,43.055557,,,,1.75,4.25,3.8,3.8,3.6,2.4,2.6,3.4,,,,66.25,63.25,,,,3.6,3.0,3.0,3.75,4.0,4.0,,,,71.25,66.75,,,,4.0,2.0,1.3333334,2.6666667,3.3333333,4.5,1.5,3.0,3.0,,35.833332,,38.194443,,2.4,3.6,2.6666667,3.3333333,3.6,4.5,3.3333333,2.6666667,1.3333334,,,,,,,62.63889,,,,3.6,1.8,3.6,2.75,3.25,2.4,3.6,51.25,54.25,51.25,54.25,,3.6,2.4,2.8,3.2,1.8,4.2,3.0,,51.5625,55.0,,,,3.0,4.0,4.0,3.0,,,62.5,62.5,,,,8.0,,,8.0,5.8,6.2,6.6,6.8,,,,,1.4,0.4,0.8,0.4,0.0,0.2,,,,,,,0.0,0.0,0.0,0.0,0.2,0.8,0.0,0.0,0.0,0.4,4.0,7.8,,,,,9.0,4.6,2.0,,,,,,,,,,,,,,,,,,,,,,,,,,,,,,,,,,,,,,,,,,,,,,,,
SWE_14092014_L1,Sweden,SWE,2014.0,2014-09-14,Legislative,21.0,,1,1,2,4,46404.742,4,6,1,,79.04763,81.63265,,,84.4853,72.894005,91.91784,80.059525,93.06983,84.04638,73.18948,90.87302,80.059525,92.06349,9.380953,,2.1904762,3.8095238,1.8571428,4.142857,1.4285715,4.571429,,,,,79.36508,79.36508,,,,4.6190476,4.6190476,4.55,4.6666665,90.0,90.34226,90.0,90.34226,,1.5384616,4.4615383,1.5384616,4.4615383,4.3076925,85.25641,85.25641,85.25641,85.25641,,1.3125,4.6875,1.2777778,4.7222223,1.2941177,4.7058825,,,96.111115,92.630035,,,,1.3809524,4.6190476,4.3333335,3.9047618,2.0,4.0,1.9,4.1,,,,80.0,79.78571,,,,3.6190476,2.047619,3.952381,3.4285715,3.4761906,2.2,,,,60.5,58.38095,,,,4.15,3.0588236,2.1111112,1.5238096,4.4761906,1.6111112,4.388889,,,68.63636,65.92507,,,,1.3333334,4.6666665,1.3125,4.6875,4.428571,4.6190476,4.5263157,4.7619047,1.0555556,,,,,,94.270836,90.37502,,,,4.8,4.8095236,4.7894735,1.2727273,4.7272725,1.2666667,4.733333,96.666664,94.29801,96.666664,94.29801,,1.2,4.8,2.1176472,3.8823528,1.2105263,4.7894735,4.769231,,87.5,89.00661,,,,4.857143,4.75,4.736842,4.6190476,,,92.708336,93.51895,,,,9.047619,,,8.619047,7.95,8.190476,7.3809524,9.190476,,,,,2.9473684,0.0952381,1.0,0.0,0.0,0.04761905,,,,,,,0.0,0.0,0.0,0.0,0.7619048,0.23809524,0.0,0.0,0.0,0.7619048,4.368421,8.0,,4.714286,7.857143,8.285714,,,,,,,,,,,,,,,,,,,,,,,,,,,,,,,,,,,,,,,,,,,,,,,,,,,
SWE_09092018_L1,Sweden,SWE,2018.0,2018-09-09,Legislative,23.0,,1,1,2,4,46949.28125,4,6,1,,82.12197,82.65306,,,88.96414,81.505745,93.087105,88.58696,92.676765,89.4052,81.71497,93.35749,88.58696,93.96135,9.434783,,1.8695652,4.130435,1.4347826,4.5652175,1.2608696,4.7391305,,,,,86.95652,86.95652,,,,4.521739,4.7391305,4.7826085,4.8636365,93.75,93.169464,93.75,93.169464,,1.5454545,4.4545455,1.4545455,4.5454545,4.0,83.333336,83.333336,83.333336,83.333336,,1.35,4.65,1.2857143,4.714286,1.4210526,4.5789475,,,92.98245,91.19361,,,,1.1304348,4.869565,4.6363635,4.2727275,1.9,4.1,1.5238096,4.4761906,,,,87.36842,86.77423,,,,4.0869565,1.7391304,4.2608695,4.3636365,4.2173915,3.0,,,,76.07143,74.64427,,,,4.304348,3.0526316,2.909091,1.3636364,4.6363635,1.5217391,4.478261,1.173913,4.826087,71.111115,71.90347,75.0,75.86159,,1.1818181,4.818182,1.5,4.5,4.7826085,4.9130435,4.5454545,4.7826085,1.3,,,,,,94.51755,93.09124,,,,4.7826085,4.7826085,4.826087,1.2,4.8,1.2,4.8,94.44444,94.95652,94.44444,94.95652,,1.2272727,4.7727275,1.3,4.7,1.0909091,4.909091,4.4666667,,91.25,92.80303,,,,4.869565,4.7391305,4.7727275,4.6086955,,,94.03409,93.68824,,,,9.304348,,,9.130435,8.26087,8.217391,8.318182,9.434783,,,,,2.9130435,0.04347826,1.0,0.0,0.0,0.0,,,,,,,0.0,0.0,0.0,0.0,0.6086956,0.39130434,0.0,0.0,0.0,0.73913044,4.2608695,8.565217,,,,,9.73913,5.2608695,2.4347825,,,,,,,,,,,,,,,1.826087,1.826087,2.2727273,2.2727273,4.318182,2.0,2.0,3.75,1.4375,1.4375,4.130435,4.181818,2.0,2.0,3.4,3.4,,,,,,,,,,,,,,,,,,
SWE_11092022_L1,Sweden,SWE,2022.0,2022-09-11,Legislative,10.0,,1,1,2,4,59323.9646115324,4,6,1,,82.08263,85.37415,,,88.3225,81.24306,95.90278,86.25,89.89418,88.605034,82.19792,95.55556,86.25,90.416664,9.2,,1.6,4.4,1.2,4.8,1.2,4.8,,,,,91.666664,91.666664,,,,4.0,4.5,4.7777777,4.7777777,90.27778,87.84722,90.27778,87.84722,,1.1666666,4.8333335,1.1666666,4.8333335,3.5,84.72222,84.72222,84.72222,84.72222,,1.1111112,4.888889,1.2,4.8,1.2,4.8,,,95.37037,95.74074,,,,1.0,5.0,4.4444447,4.3333335,2.2222223,3.7777777,1.2,4.8,,,,86.666664,86.77778,,,,3.3,1.5,4.5,4.2,4.0,1.6666666,,,,63.88889,63.333332,,,,4.3,2.625,2.5555556,1.5,4.5,1.4,4.6,1.0,5.0,67.5,67.90278,72.916664,73.25231,,1.0,5.0,1.1,4.9,3.7,5.0,4.7777777,5.0,1.125,,,,,,93.51852,93.24074,,,,4.9,4.8,4.9,1.2,4.8,1.1,4.9,96.5,96.5,96.5,96.5,,1.4,4.6,1.875,4.125,1.0,5.0,4.142857,,88.541664,86.67411,,,,5.0,4.888889,4.9,4.5,,,95.138885,95.55556,,,,9.4,,,9.2,7.9,8.1,7.5,9.3,,1.1,,,1.2,0.0,1.0,0.0,0.0,0.1,,,,,,,0.0,0.0,0.0,0.0,0.9,0.1,0.0,0.0,0.0,0.9,3.6666667,8.2,,,,,9.6,5.6,2.6,,,,,,,,,,,,,,,,,,,,,,,,,,,,,,,1.1666666,4.8333335,4.3333335,1.8333334,4.1666665,1.0,5.0,1.0,5.0,1.0,5.0,1.0,5.0,4.5,1.0,5.0,1.0,5.0
CHE_18102015_L1,Switzerland,CHE,2015.0,2015-10-18,Legislative,20.0,,1,1,2,4,62499.637,4,6,1,,74.45708,,,,78.743675,65.79835,87.13815,77.0772,84.96098,79.256516,66.296875,85.416664,77.1875,88.125,9.25,,2.3,3.7,2.0,4.0,1.5,4.5,,,,,76.666664,76.666664,,,,4.55,4.45,4.5882354,4.7894735,91.17647,89.86068,91.17647,89.86068,,2.4545455,3.5454545,1.9166666,4.0833335,4.3333335,74.242424,74.68434,74.242424,74.68434,,1.2666667,4.733333,1.2666667,4.733333,1.2666667,4.733333,,,93.333336,93.33333,,,,1.1,4.9,3.7368422,3.5263157,1.5294118,4.470588,1.1666666,4.8333335,,,,81.76471,82.335396,,,,3.65,2.1176472,3.8823528,3.4666667,4.0,1.75,,,,53.0,58.7451,,,,2.5,1.625,1.2777778,2.8333333,3.1666667,1.4,4.6,,,42.0,40.84722,,,,1.1052631,4.894737,1.4444444,4.5555553,3.7368422,4.4,3.5,4.5555553,3.7777777,,,,,,83.71212,81.84454,,,,4.6666665,4.8,4.6666665,1.2142857,4.785714,1.25,4.75,93.46154,93.34524,93.46154,93.34524,,1.1764706,4.8235292,1.0,5.0,1.0,5.0,3.7272727,,90.97222,90.94251,,,,4.75,4.65,4.5,4.7,,,92.1875,91.25,,,,8.842105,,,8.9,8.05,7.45,6.65,8.7,,,,,2.8,0.1,1.0,0.05,0.0,0.0,,,,,,,0.0,0.0,0.0,0.05,0.7,0.0,0.0,0.0,0.0,0.8,3.6,7.8,,4.7,7.8,8.45,,,,,,,,,,,,,,,,,,,,,,,,,,,,,,,,,,,,,,,,,,,,,,,,,,,
CHE_20102019_L1,Switzerland,CHE,2019.0,2019-10-20,Legislative,9.0,,1,1,2,4,72033.92944045876,4,6,1,,81.698456,,,,85.966644,79.34524,85.763885,84.70982,94.047615,86.7255,77.88194,87.19136,85.15625,95.37037,9.625,,1.5555556,4.4444447,1.7777778,4.2222223,1.2222222,4.7777777,,,,,87.03704,87.03704,,,,5.0,4.888889,4.888889,5.0,98.611115,98.611115,98.611115,98.611115,,1.6666666,4.3333335,1.0,5.0,1.3333334,63.888885,63.88889,63.888885,63.88889,,1.0,5.0,1.0,5.0,1.0,5.0,,,100.0,100.0,,,,1.0,5.0,4.0,4.428571,1.75,4.25,1.125,4.875,,,,87.14286,87.76785,,,,4.375,1.5714285,4.428571,4.3333335,4.25,3.0,,,,90.0,76.934525,,,,5.0,2.857143,1.5714285,1.625,4.375,1.5,4.5,1.125,4.875,90.0,66.51786,91.666664,71.57738,,1.0,5.0,1.0,5.0,4.0,4.375,3.3333333,4.0,1.25,,,,,,83.333336,82.11806,,,,5.0,4.625,5.0,1.0,5.0,1.0,5.0,97.0,98.125,97.0,98.125,,1.25,4.75,1.0,5.0,1.0,5.0,4.285714,,93.75,93.97321,,,,5.0,5.0,5.0,5.0,,,100.0,100.0,,,,9.5,,,9.25,8.875,8.5,6.0,9.25,,,,,1.625,0.0,0.8888889,0.0,0.0,0.0,,,,,,,0.0,0.0,0.0,0.0,0.44444445,0.44444445,0.0,0.0,0.0,0.7777778,3.625,7.0,,,,,9.875,4.625,1.25,,,,,,,,,,,,,,,1.125,1.125,1.4,1.4,4.5,3.125,3.125,4.571429,3.1666667,3.1666667,2.875,4.428571,2.125,2.125,2.0,2.0,,,,,,,,,,,,,,,,,,
CHE_22102023_L1,Switzerland,CHE,2023.0,2023-10-22,Legislative,9.0,,1,1,2,4,83020.0,4,6,1,,87.11917,91.83673,82.63073,95.96774,79.84561,77.072586,73.01422,82.26962,87.02602,79.21586,76.577934,72.26852,82.25309,85.763885,9.222222,,2.4444444,3.5555556,2.1111112,3.8888888,1.2222222,4.7777777,4.0,3.6666667,3.3333333,4.2222223,76.85185,76.85185,75.0,73.01587,,4.7777777,4.7777777,4.875,4.888889,96.875,95.74653,96.875,95.74653,,2.5,3.5,1.75,4.25,4.25,75.0,75.0,75.0,75.0,,1.4285715,4.571429,1.4285715,4.571429,1.4285715,4.571429,1.2857143,4.714286,89.28571,89.28571,90.17857,90.17857,,1.125,4.875,4.5555553,4.375,1.7777778,4.2222223,1.3333334,4.6666665,4.2222223,1.8888888,4.111111,89.28571,88.47222,86.734695,85.81349,,4.111111,1.875,4.125,3.875,4.2222223,2.6666667,2.2857144,3.7142856,4.2222223,70.0,70.0,72.32143,71.20181,,4.0,3.0,3.125,1.8888888,4.111111,1.8571428,4.142857,1.1111112,4.888889,68.75,66.894844,72.916664,71.9494,,1.2222222,4.7777777,1.25,4.75,4.3333335,4.6666665,4.3333335,4.888889,2.7777777,3.6666667,2.3333333,3.3333333,1.375,4.625,94.44444,90.625,77.5,70.10417,,4.888889,4.888889,4.6666665,2.0,4.0,1.4,4.6,91.25,90.22222,91.25,90.22222,,1.2222222,4.7777777,1.3333334,4.6666665,1.1111112,4.888889,4.6,4.571429,91.25,93.333336,90.0,92.52381,,4.75,4.888889,4.714286,4.7777777,1.2222222,4.7777777,94.64286,94.56845,94.28571,94.54365,,9.111111,,,8.666667,8.444445,7.5555553,6.888889,9.0,,0.0,0.0,0.0,1.3333334,,1.0,,,,,,,,,,0.0,0.0,0.0,0.0,0.7777778,0.22222222,0.0,0.0,0.0,1.0,4.4444447,8.555555,,,,,4.625,5.125,1.875,,,,,,,,,,,,,,,,,,,,,,,,,,,,,,,,,,,,,,,,,,,,,,,,
SYR_03062014_P1,Syria,SYR,2014.0,2014-06-03,Presidential,8.0,,7,7,0,2,,3,7,0,,20.574587,,,,19.75777,11.227679,35.664684,5.46875,26.669973,19.213326,8.9713545,34.635418,5.46875,27.777777,1.75,,4.25,1.75,4.875,1.125,4.625,1.375,,,,,14.583333,10.416666,,,,2.0,2.25,1.5714285,2.7142856,28.125,28.348213,28.125,28.348213,,5.0,1.0,5.0,1.0,2.3333333,11.111111,11.111111,11.111111,11.111111,,4.75,1.25,4.75,1.25,4.5,1.5,,,12.5,8.333333,,,,4.714286,1.2857143,2.4,2.0,5.0,1.0,4.8333335,1.1666666,,,,21.666666,14.261905,,,,1.625,5.0,1.0,1.25,1.25,3.142857,,,,16.428572,16.339285,,,,1.3333334,1.1666666,1.1428572,3.2,2.8,4.875,1.125,,,15.0,12.839286,,,,4.0,2.0,4.1666665,1.8333334,3.1666667,1.125,1.5,3.5714285,1.6,,,,,,39.583336,29.985119,,,,2.0,4.0,1.8333334,4.0,2.0,4.6666665,1.3333334,28.75,30.833334,28.75,30.833334,,2.1666667,3.8333333,2.142857,3.857143,2.142857,3.857143,1.6666666,,52.5,57.589287,,,,1.375,2.75,2.125,2.125,,,27.34375,27.34375,,,,6.625,,,2.25,1.75,1.875,1.375,1.75,,,,,2.875,0.0,1.0,0.125,0.0,0.0,,,,,,,0.0,0.0,0.0,0.0,0.25,0.75,0.0,0.0,0.0,0.5,4.25,8.0,,3.375,8.125,6.75,,,,,,,,,,,,,,,,,,,,,,,,,,,,,,,,,,,,,,,,,,,,,,,,,,,
SYR_13042016_L1,Syria,SYR,2016.0,2016-04-13,Legislative,8.0,,7,7,0,2,,3,7,0,,17.214287,18.877552,,,14.840154,14.891369,17.559525,11.830357,15.079365,15.230035,14.479167,20.399305,10.9375,15.104167,1.375,,4.142857,1.8571428,4.875,1.125,4.75,1.25,,,,,10.714286,10.267857,,,,1.7142857,1.5,1.0,2.0,6.25,13.839286,6.25,13.839286,,4.4,1.6,4.4,1.6,2.2,20.0,20.0,20.0,20.0,,4.857143,1.1428572,5.0,1.0,4.0,2.0,,,8.333333,9.523809,,,,4.375,1.625,2.5,2.7142856,4.3333335,1.6666666,4.571429,1.4285715,,,,25.833334,24.672619,,,,1.625,4.875,1.125,1.5714285,1.125,2.5714285,,,,18.333334,15.089286,,,,1.125,1.125,1.0,4.2,1.8,4.75,1.25,4.0,2.0,7.0,6.5,11.666666,9.583333,,4.285714,1.7142857,4.25,1.75,2.8333333,1.5714285,1.5,1.6666666,1.5,,,,,,22.222221,20.982143,,,,2.142857,3.6,1.3333334,4.8333335,1.1666666,4.6666665,1.3333334,20.0,22.880953,20.0,22.880953,,2.1666667,3.8333333,1.3333334,4.6666665,2.0,4.0,1.5,,57.8125,62.5,,,,1.375,2.0,1.4285715,1.75,,,18.75,15.959822,,,,7.875,,,1.5,1.625,1.25,1.125,1.25,,,,,2.857143,0.125,1.0,0.125,0.0,0.0,,,,,,,0.0,0.0,0.0,0.0,0.125,0.0,0.0,0.0,0.0,0.375,3.75,8.625,,3.75,7.0,7.125,,,,,1.75,4.75,4.75,26.0,1.0,15.625,15.625,16.375,16.375,,,,,,,,,,,,,,,,,,,,,,,,,,,,,,,,,,,,,,
SYR_19072020_L1,Syria,SYR,2020.0,2020-07-19,Legislative,7.0,,7,7,0,1,,3,7,0,,21.79847,,,,12.412202,13.220238,21.018518,4.1666665,11.243386,13.335813,10.089286,20.13889,4.1666665,15.277778,1.1666666,,4.6666665,1.3333334,4.857143,1.1428572,4.714286,1.2857143,,,,,6.944444,6.3492064,,,,2.0,2.142857,1.1428572,1.5714285,17.857143,17.857143,17.857143,17.857143,,3.0,3.0,3.5,2.5,2.75,43.75,43.75,43.75,43.75,,5.0,1.0,4.8,1.2,4.3333335,1.6666666,,,8.333333,7.222222,,,,5.0,1.0,2.0,1.6666666,4.2,1.8,4.6666665,1.3333334,,,,16.0,14.0,,,,1.0,4.3333335,1.6666666,1.0,1.0,2.1666667,,,,9.166667,9.166667,,,,1.0,1.0,1.0,3.8333333,2.1666667,4.5,1.5,3.5,2.5,8.333333,8.333333,13.194445,13.194445,,4.0,2.0,4.3333335,1.6666666,2.3333333,1.0,2.0,1.8333334,1.25,,,,,,26.38889,20.13889,,,,1.6666666,3.2,1.2,4.0,2.0,4.6,1.4,12.5,22.333334,12.5,22.333334,,1.8,4.2,2.6,3.4,3.25,2.75,1.2,,48.4375,47.1875,,,,1.1666666,2.0,1.3333334,1.3333334,,,11.458333,11.458333,,,,9.666667,,,1.1666666,1.0,1.1666666,1.0,1.0,,,,,1.5,0.14285715,0.85714287,0.0,0.0,0.0,,,,,,,0.0,0.0,0.0,0.0,0.0,0.85714287,0.0,0.0,0.0,0.14285715,3.6666667,9.0,,,,,9.5,4.8333335,1.3333334,,,,,,,,,,,,,,,,,,,,,,,,,,,,,,,,,,,,,,,,,,,,,,,,
SYR_26052021_P1,Syria,SYR,2021.0,2021-05-26,Presidential,5.0,,7,7,0,1,,3,7,0,,14.955358,,,,18.333334,14.999999,31.388887,20.0,6.944445,17.496529,15.958333,28.472221,20.0,5.555556,1.0,,4.0,2.0,4.75,1.25,4.5,1.5,,,,,8.333333,14.583333,,,,1.4,1.5,1.0,1.2,4.6875,6.875,4.6875,6.875,,5.0,1.0,4.25,1.75,1.0,6.25,6.25,6.25,6.25,,5.0,1.0,4.2,1.8,4.0,2.0,,,0.0,14.999999,,,,5.0,1.0,2.4,2.4,4.25,1.75,4.5,1.5,,,,28.333334,20.25,,,,1.2,4.0,2.0,2.0,2.0,2.6,,,,24.0,24.0,,,,1.25,1.2,1.2,4.3333335,1.6666666,4.0,2.0,3.6,2.4,15.0,11.583333,18.75,15.486111,,4.2,1.8,4.0,2.0,2.0,2.0,3.0,2.75,1.0,,,,,,33.333332,31.458334,,,,1.2,3.25,1.0,4.75,1.25,4.75,1.25,7.5,14.75,7.5,14.75,,3.5,2.5,2.0,4.0,3.0,3.0,1.3333334,,62.5,42.708332,,,,1.6,1.75,1.4,1.0,,,12.5,10.9375,,,,9.4,,,1.0,1.0,1.0,1.0,1.0,,,,,1.0,0.0,0.8,0.2,0.0,0.0,,,,,,,0.0,0.0,0.0,0.0,0.2,0.8,0.0,0.0,0.0,0.4,5.4,9.8,,,,,9.6,4.6,1.4,,,,,,,,,,,,,,,,,,,,,,,,,,,,,,,,,,,,,,,,,,,,,,,,
SYR_15072024_L1,Syria,SYR,2024.0,2024-07-15,Legislative,5.0,,7,7,0,1,4455.0,3,7,0,,18.409863,,18.43414,,13.27257,13.006945,31.958334,0.0,8.125,13.552083,11.208333,34.25,0.0,8.75,1.0,,5.0,1.0,5.0,1.0,5.0,1.0,3.0,1.8,3.2,2.0,0.0,0.0,22.321428,21.428572,,1.6,2.4,1.0,1.4,15.0,15.0,15.0,15.0,,3.0,3.0,2.3333333,3.6666667,4.6666665,69.44444,69.44444,69.44444,69.44444,,5.0,1.0,5.0,1.0,4.0,2.0,5.0,1.0,8.333333,8.333333,6.25,6.25,,5.0,1.0,2.4,1.4,4.6,1.4,5.0,1.0,1.0,4.0,2.0,12.5,11.0,10.714286,11.428572,,1.0,5.0,1.0,1.0,1.0,1.5,5.0,1.0,1.0,,2.5,,1.7857143,,1.0,1.0,1.0,4.25,1.75,4.6,1.4,3.75,2.25,3.3333333,5.75,6.25,10.0,,4.0,2.0,4.75,1.25,3.4,1.0,1.3333334,2.3333333,1.3333334,4.5,1.5,1.75,2.3333333,3.6666667,,22.152779,,20.583334,,1.25,2.6,1.4,5.0,1.0,5.0,1.0,13.333333,11.25,13.333333,11.25,,2.75,3.25,2.75,3.25,2.2,3.8,1.0,1.2,18.75,45.625,15.0,37.5,,1.0,1.2,1.0,1.2,2.5,3.5,2.5,2.5,12.5,14.5,,8.2,1.0,,1.25,1.0,1.0,1.0,1.0,,,,,1.0,1.0,1.0,1.0,,,6.0,5.0,0.0,5.0,1.0,1.2,0.0,0.0,0.0,0.0,0.0,1.0,0.0,0.0,0.0,1.0,5.0,9.75,,3.0,4.0,1.0,,,,,,,,,,,,,,,,,,,,,,,,,,,,,,,,,,,,,,,,,,,,,,,,,,,
TWN_16012016_P1,Taiwan,TWN,2016.0,2016-01-16,Presidential,14.0,,1,2,2,4,,3,3,0,,72.905754,67.05539,,,71.94177,65.65934,58.856075,73.66071,89.590965,72.40451,65.75893,60.515873,73.66071,89.68254,9.142858,,3.2142856,2.7857144,2.2857144,3.7142856,1.6428572,4.357143,,,,,65.47619,65.47619,,,,4.857143,4.714286,4.714286,4.785714,94.19643,94.19643,94.19643,94.19643,,2.4615386,3.5384614,2.1538463,3.8461537,3.3076923,64.10256,64.10256,64.10256,64.10256,,1.7857143,4.214286,1.5384616,4.4615383,1.6923077,4.3076925,,,82.69231,83.19597,,,,1.2857143,4.714286,4.5,4.285714,2.5714285,3.4285715,1.3571428,4.642857,,,,82.85714,82.85714,,,,3.142857,2.0714285,3.9285715,3.2857144,3.142857,3.909091,,,,58.18182,62.045456,,,,3.357143,3.142857,2.4285715,2.7142856,3.2857144,3.0714285,2.9285715,2.4285715,3.5714285,50.714287,50.714287,52.97619,52.97619,,1.3571428,4.642857,1.7692307,4.230769,4.071429,4.357143,3.8333333,1.7692307,1.0769231,,,,,,70.416664,70.43651,,,,4.714286,4.785714,4.714286,1.2857143,4.714286,1.2142857,4.785714,93.57143,93.57143,93.57143,93.57143,,1.7142857,4.285714,1.5384616,4.4615383,1.1538461,4.8461537,4.285714,,87.98077,86.74451,,,,4.428571,4.6153846,4.5384617,4.5,,,87.5,88.01511,,,,9.357142,,,5.785714,6.357143,5.285714,6.285714,8.214286,,,,,3.0,0.071428575,1.0,0.0,0.0,0.071428575,,,,,,,0.0,0.0,0.0,0.071428575,0.35714287,0.0,0.0,0.071428575,0.0,0.5714286,3.7142856,8.857142,,4.642857,7.571429,7.785714,,,,,4.357143,1.7857143,1.7857143,4.714286,4.571429,3.357143,3.357143,3.5,3.5,,,,,,,,,,,,,,,,,,,,,,,,,,,,,,,,,,,,,,
TWN_11012020_P1,Taiwan,TWN,2020.0,2020-01-11,Presidential,3.0,,1,1,2,4,,3,3,0,,81.29252,78.82653,,,78.854164,77.22222,69.44444,68.75,100.0,78.854164,77.22222,69.44444,68.75,100.0,9.333333,,2.3333333,3.6666667,2.0,4.0,1.0,5.0,,,,,80.55556,80.55556,,,,4.6666665,5.0,4.6666665,5.0,95.833336,95.833336,95.833336,95.833336,,1.6666666,4.3333335,3.0,3.0,4.3333335,72.22222,72.22222,72.22222,72.22222,,1.0,5.0,1.0,5.0,1.0,5.0,,,100.0,100.0,,,,1.0,5.0,5.0,4.6666665,2.0,4.0,1.0,5.0,,,,93.333336,93.333336,,,,2.3333333,2.0,4.0,3.6666667,3.3333333,5.0,,,,65.0,66.666664,,,,3.3333333,3.3333333,3.6666667,2.3333333,3.6666667,2.0,4.0,2.0,4.0,65.0,65.0,66.666664,66.666664,,1.0,5.0,1.0,5.0,5.0,4.3333335,3.6666667,2.0,1.0,,,,,,79.166664,79.166664,,,,5.0,5.0,5.0,1.0,5.0,1.0,5.0,100.0,100.0,100.0,100.0,,1.6666666,4.3333335,2.6666667,3.3333333,1.0,5.0,5.0,,85.416664,85.416664,,,,5.0,5.0,5.0,5.0,,,100.0,100.0,,,,10.0,,,7.6666665,7.0,5.6666665,7.3333335,9.0,,,,,1.0,0.0,1.0,0.0,0.0,0.0,,,,,,,0.0,0.0,0.0,0.0,0.6666667,0.33333334,0.0,0.0,0.0,0.6666667,4.0,9.0,,,,,9.333333,8.0,6.0,,,,,,,,,,,,,,,,,,,,,,,,,,,,,,,,,,,,,,,,,,,,,,,,
TWN_13012024_P1,Taiwan,TWN,2024.0,2024-01-13,Presidential,4.0,,1,1,2,4,,3,3,0,,74.40476,70.15306,75.0336,62.903225,69.81771,65.85648,66.25,60.87963,86.28472,70.02604,66.423615,68.020836,59.375,86.28472,9.5,,2.75,3.25,2.25,3.75,1.0,5.0,5.0,3.0,4.0,5.0,75.0,75.0,75.0,78.57143,,5.0,5.0,5.0,5.0,100.0,100.0,100.0,100.0,,2.5,3.5,4.0,2.0,3.25,47.916664,47.916664,47.916664,47.916664,,1.5,4.5,1.5,4.5,1.5,4.5,2.0,4.0,87.5,87.5,84.375,84.375,,2.5,3.5,4.75,4.0,3.25,2.75,1.25,4.75,4.25,1.5,4.5,73.75,73.75,76.78571,76.78571,,2.75,2.3333333,3.6666667,3.75,3.25,2.5,4.75,1.25,3.25,50.0,54.583332,41.071426,47.916664,,4.0,3.5,3.0,2.25,3.75,2.6666667,3.3333333,2.6666667,3.3333333,65.0,62.916668,60.416664,62.15278,,1.25,4.75,1.25,4.75,4.5,4.5,3.3333333,1.25,1.0,2.5,3.5,2.6666667,2.25,3.75,68.05556,71.18056,55.0,57.5,,4.75,5.0,5.0,1.25,4.75,1.25,4.75,96.25,96.25,96.25,96.25,,1.5,4.5,1.25,4.75,1.0,5.0,4.25,4.25,90.625,90.625,88.75,88.75,,4.5,4.75,4.5,4.5,1.25,4.75,89.0625,89.0625,90.0,90.0,,10.0,1.0,,8.0,8.0,6.25,6.25,9.5,,0.0,0.0,0.0,1.0,1.0,1.0,,,,5.75,4.0,0.25,5.0,,2.75,0.0,0.0,0.0,0.0,0.25,0.75,0.0,0.0,0.0,1.0,3.5,8.0,,3.0,4.5,1.5,,,,,,,,,,,,,,,,,,,,,,,,,,,,,,,,,,,,,,,,,,,,,,,,,,,
TJK_06112013_P1,Tajikistan,TJK,2013.0,2013-11-06,Presidential,8.0,,6,6,0,1,2525.6855,3,5,0,,30.786564,,,,30.907534,26.795633,42.98611,20.647322,33.201057,31.099176,25.742188,36.75595,22.65625,38.62847,2.875,,4.625,1.375,4.375,1.625,4.0,2.0,,,,,17.857143,16.666666,,,,2.5,2.2,2.0,2.7142856,28.125,33.839287,28.125,33.839287,,3.25,2.75,3.25,2.75,2.6,41.666668,42.5,41.666668,42.5,,4.5,1.5,4.5,1.5,3.3333333,2.6666667,,,25.0,22.222223,,,,4.375,1.625,2.2857144,2.75,3.375,2.625,4.428571,1.5714285,,,,30.833334,29.285715,,,,2.125,4.571429,1.4285715,1.625,2.5714285,3.2,,,,25.0,29.75,,,,2.1666667,2.1666667,2.142857,3.6666667,2.3333333,4.25,1.75,,,21.25,27.797619,,,,3.0,3.0,4.3333335,1.6666666,3.8,1.875,4.5,3.0,2.4,,,,,,,49.34028,,,,2.4,3.75,2.0,2.8333333,3.1666667,3.0,3.0,25.0,46.583332,25.0,46.583332,,3.4285715,2.5714285,1.8571428,4.142857,1.5714285,4.428571,1.5,,54.6875,54.017857,,,,1.5714285,3.4,2.142857,2.2857144,,,35.0,33.75,,,,7.0,,,3.375,3.375,2.5,3.0,2.75,,,,,2.5714285,0.125,0.75,0.5,0.25,0.125,,,,,,,0.0,0.0,0.0,0.0,0.125,0.875,0.0,0.0,0.0,0.25,4.375,8.5,,3.375,6.875,8.5,,,,,,,,,,,,,,,,,,,,,,,,,,,,,,,,,,,,,,,,,,,,,,,,,,,
TJK_01032015_L1,Tajikistan,TJK,2015.0,2015-03-01,Legislative,8.0,,6,6,0,1,2811.5137,3,5,0,,31.958618,16.836735,,,29.703869,20.963293,41.066467,19.642857,37.142857,29.536674,19.882812,47.02381,19.642857,40.27778,3.142857,,4.25,1.75,4.5,1.5,4.0,2.0,,,,,18.75,18.75,,,,3.5714285,3.0,1.8333334,2.857143,42.708332,45.386906,42.708332,45.386906,,3.8333333,2.1666667,3.5,2.5,2.6666667,36.11111,36.11111,36.11111,36.11111,,4.2,1.8,3.8,2.2,3.8,2.2,,,22.916666,26.666666,,,,4.285714,1.7142857,2.4285715,2.2857144,4.0,2.0,4.6666665,1.3333334,,,,25.0,23.809525,,,,1.8571428,4.428571,1.5714285,1.6666666,2.142857,3.0,,,,25.0,26.190475,,,,1.6666666,1.6666666,1.8,4.0,2.0,4.6666665,1.3333334,,,13.75,17.333332,,,,3.3333333,2.6666667,4.4,1.6,3.4285715,1.8571428,3.75,3.0,2.5,,,,,,39.583332,42.926586,,,,2.6,3.5714285,2.25,3.2,2.8,3.75,2.25,43.333332,42.357143,43.333332,42.357143,,3.2857144,2.7142856,2.6,3.4,1.8,4.2,2.25,,48.4375,53.526787,,,,1.7142857,3.6,2.0,2.5714285,,,36.25,36.785713,,,,5.857143,,,2.5,2.5,2.1666667,2.8333333,2.1666667,,,,,3.0,0.0,0.75,0.25,0.0,0.0,,,,,,,0.0,0.0,0.0,0.0,0.125,0.0,0.0,0.0,0.0,0.25,4.428571,8.0,,4.571429,6.571429,7.0,,,,,,,,,,,,,,,,,,,,,,,,,,,,,,,,,,,,,,,,,,,,,,,,,,,
TJK_01032020_L1,Tajikistan,TJK,2020.0,2020-03-01,Legislative,3.0,,7,6,0,2,3854.190435075577,3,5,0,,25.637756,,,,27.08912,16.805557,53.35648,14.583333,23.61111,28.185764,17.604168,55.092594,14.583333,25.462963,1.3333334,,3.6666667,2.3333333,4.6666665,1.3333334,4.3333335,1.6666666,,,,,19.444443,19.444443,,,,1.6666666,3.0,1.3333334,2.0,25.0,25.0,25.0,25.0,,4.0,2.0,5.0,1.0,3.0,16.666666,25.0,16.666666,25.0,,3.0,3.0,3.5,2.5,4.0,2.0,,,50.0,37.5,,,,4.6666665,1.3333334,3.0,2.0,5.0,1.0,4.0,2.0,,,,21.666666,21.666666,,,,1.3333334,5.0,1.0,1.3333334,1.6666666,3.6666667,,,,20.0,20.0,,,,1.3333334,1.0,1.3333334,3.3333333,2.6666667,4.6666665,1.3333334,2.3333333,3.6666667,5.0,13.333333,14.583334,22.222221,,2.0,4.0,3.3333333,2.6666667,3.6666667,2.0,2.6666667,3.0,1.3333334,,,,,,50.0,50.0,,,,2.0,3.3333333,1.6666666,3.0,3.0,4.5,1.5,30.0,32.5,30.0,32.5,,2.3333333,3.6666667,1.5,4.5,1.0,5.0,2.0,,68.75,69.791664,,,,1.3333334,3.0,1.0,1.6666666,,,18.75,18.75,,,,9.0,,,1.6666666,2.6666667,2.6666667,2.3333333,1.0,,,,,1.3333334,0.0,1.0,0.33333334,0.33333334,0.33333334,,,,,,,0.0,0.0,0.0,0.0,0.0,1.0,0.0,0.0,0.0,0.0,2.6666667,9.0,,,,,10.0,5.3333335,1.0,,,,,,,,,,,,,,,,,,,,,,,,,,,,,,,,,,,,,,,,,,,,,,,,
TZA_25102015_P1,Tanzania,TZA,2015.0,2015-10-25,Presidential,14.0,,3,3,1,1,2652.1956,1,1,0,,42.068943,40.918365,,,45.85034,39.39446,33.424908,55.357143,55.22487,46.959324,39.07738,36.904762,55.357143,56.498016,5.357143,,3.642857,2.357143,3.857143,2.142857,3.5,2.5,,,,,33.333332,33.333332,,,,3.0,3.7692308,3.2857144,3.5,60.096153,59.718407,60.096153,59.718407,,3.1538463,2.8461537,3.25,2.75,2.6923077,45.13889,44.07051,45.13889,44.07051,,4.0,2.0,3.7857144,2.2142856,3.3076923,2.6923077,,,31.944445,32.554947,,,,3.0714285,2.9285715,3.357143,4.0,3.1538463,2.8461537,3.0714285,2.9285715,,,,55.833332,55.302197,,,,2.4285715,3.7142856,2.2857144,2.5384614,2.642857,3.6923077,,,,41.25,42.93956,,,,1.8571428,2.1538463,1.7142857,3.857143,2.142857,4.214286,1.7857143,,,22.307692,23.26923,,,,3.2142856,2.7857144,3.6923077,2.3076923,3.642857,4.071429,3.0,1.75,1.75,,,,,,46.52778,48.15705,,,,3.0,2.2857144,3.2142856,2.142857,3.857143,2.142857,3.857143,56.923077,56.07143,56.923077,56.07143,,4.642857,1.3571428,3.142857,2.857143,2.642857,3.357143,2.6666667,,36.979168,38.988094,,,,2.2857144,3.7142856,2.6666667,2.642857,,,45.3125,45.684525,,,,9.142858,,,6.285714,4.928571,5.571429,6.857143,4.571429,,,,,3.0,0.14285715,0.9285714,0.14285715,0.071428575,0.0,,,,,,,0.0,0.14285715,0.0,0.071428575,0.35714287,0.0,0.071428575,0.0,0.0,0.5714286,5.0,8.571428,,5.928571,6.785714,6.571429,,,,,,,,,,,,,,,,,,,,,,,,,,,,,,,,,,,,,,,,,,,,,,,,,,,
TZA_28102020_P1,Tanzania,TZA,2020.0,2020-10-28,Presidential,5.0,,5,5,1,2,2779.68359375,1,1,0,,28.82653,28.061224,,,31.564236,27.541666,29.54861,40.0,29.166666,30.506947,24.041666,29.375,40.0,28.61111,3.0,,4.6,1.4,4.6,1.4,4.2,1.8,,,,,13.333333,13.333333,,,,2.0,3.0,1.8,2.0,31.25,30.0,31.25,30.0,,3.3333333,2.6666667,3.3333333,2.6666667,3.0,44.444443,44.444447,44.444443,44.444447,,4.5,1.5,4.25,1.75,3.5,2.5,,,25.0,22.916666,,,,4.6,1.4,3.0,3.3333333,2.75,3.25,4.8,1.2,,,,35.0,35.916668,,,,1.8,4.2,1.8,1.6,2.2,3.5,,,,27.5,29.5,,,,2.25,2.0,1.6666666,3.25,2.75,4.5,1.5,3.75,2.25,26.666666,25.833334,27.777777,26.73611,,4.0,2.0,4.0,2.0,2.6,3.4,2.0,2.5,1.0,,,,,,25.0,35.416668,,,,2.0,2.6,2.0,3.5,2.5,4.0,2.0,28.333334,30.5,28.333334,30.5,,4.2,1.8,3.4,2.6,2.6,3.4,2.4,,38.75,38.75,,,,1.6,3.2,1.8,1.6,,,26.25,26.25,,,,8.6,,,5.0,3.8,5.0,5.0,3.0,,,,,1.0,0.0,1.0,0.0,0.0,0.0,,,,,,,0.2,0.2,0.0,0.0,0.6,0.4,0.0,0.0,0.0,0.6,3.8,8.8,,,,,8.2,5.4,2.0,,,,,,,,,,,,,,,,,,,,,,,,,,,,,,,,,,,,,,,,,,,,,,,,
THA_02022014_L1,Thailand,THA,2014.0,2014-02-02,Legislative,15.0,,4,4,1,3,15646.578,3,3,0,,50.83394,52.210884,,,53.39623,53.415314,61.253433,51.236263,47.679897,51.54109,53.0625,55.694447,50.0,47.407406,4.928571,,2.2,3.8,2.0666666,3.9333334,1.6666666,4.3333335,,,,,75.55556,75.55556,,,,1.8666667,3.5714285,2.2666667,3.1333334,41.517857,42.738094,41.517857,42.738094,,2.0833333,3.9166667,1.8333334,4.1666665,3.6153846,72.22222,72.48932,72.22222,72.48932,,2.5384614,3.4615386,2.5833333,3.4166667,2.5,3.5,,,65.0,61.485043,,,,2.2142856,3.7857144,4.0666666,3.6,4.357143,1.6428572,3.4666667,2.5333333,,,,52.857143,53.142857,,,,2.0,2.2307692,3.7692308,3.142857,2.2142856,3.3333333,,,,46.666668,47.298534,,,,3.4,2.909091,2.4166667,3.0666666,2.9333334,2.8,3.2,,,39.166668,49.295456,,,,4.285714,1.7142857,2.75,3.25,3.1333334,3.2142856,3.0,4.6153846,1.3333334,,,,,,54.166668,53.863705,,,,3.8461537,1.7692307,3.9,2.25,3.75,2.1111112,3.8888888,60.0,60.771366,60.0,60.771366,,4.4,1.6,3.0,3.0,4.5384617,1.4615384,2.2727273,,24.305555,27.08916,,,,1.9333333,3.2307692,2.3076923,1.9333333,,,31.25,33.78205,,,,9.2,,,2.6666667,4.733333,3.9333334,2.2666667,3.2666667,,,,,2.7142856,0.06666667,0.8666667,0.13333334,0.13333334,0.0,,,,,,,0.0,0.0,0.0,0.06666667,0.33333334,0.6666667,0.0,0.0,0.0,0.33333334,3.6,8.0,,4.0,7.866667,7.2,,,,,,,,,,,,,,,,,,,,,,,,,,,,,,,,,,,,,,,,,,,,,,,,,,,
THA_24032019_L1,Thailand,THA,2019.0,2019-03-24,Legislative,4.0,,6,4,1,3,19216.842935242446,3,3,0,,,,,,37.598377,25.625,57.060184,28.125,39.583332,34.470486,25.208332,48.09028,28.125,36.458332,2.5,,3.75,2.25,5.0,1.0,4.75,1.25,,,,,12.5,12.5,,,,2.25,2.75,2.0,3.6666667,43.75,41.666668,43.75,41.666668,,3.0,3.0,3.0,3.0,3.5,54.166668,54.166668,54.166668,54.166668,,3.0,3.0,3.0,3.0,3.5,2.5,,,45.833332,45.833332,,,,5.0,1.0,3.75,3.0,4.3333335,1.6666666,4.75,1.25,,,,21.666666,28.333332,,,,2.5,4.0,2.0,2.0,3.0,4.0,,,,42.5,42.5,,,,2.0,2.0,2.25,4.0,2.0,3.75,2.25,3.3333333,2.6666667,20.0,27.5,16.666666,29.86111,,3.5,2.5,3.0,3.0,3.25,2.0,,4.0,1.0,,,,,,,,,,,3.75,3.25,3.3333333,4.0,2.0,4.5,1.5,37.5,44.166668,37.5,44.166668,,3.75,2.25,3.75,2.25,2.5,3.5,2.25,,39.0625,39.0625,,,,1.0,3.25,2.0,2.0,,,26.5625,26.5625,,,,7.25,,,2.0,2.25,4.0,1.75,2.75,,,,,2.0,0.0,1.0,0.0,0.0,0.0,,,,,,,0.0,0.0,0.0,0.0,0.0,1.0,0.0,0.0,0.0,0.0,2.5,9.0,,,,,5.75,3.5,2.25,,,,,,,,,,,,,,,2.5,2.5,2.75,2.75,3.0,1.5,1.5,3.75,1.0,1.0,2.75,3.0,3.25,3.25,2.5,2.5,,,,,,,,,,,,,,,,,,
THA_14052023_L1,Thailand,THA,2023.0,2023-05-14,Legislative,6.0,,5,5,1,3,20752.0,3,3,0,,48.43537,51.02041,50.40323,53.830647,50.970776,40.886574,60.39236,62.5,40.104164,51.752026,41.556713,60.069447,62.5,42.881943,5.2,,2.8333333,3.1666667,3.5,2.5,4.0,2.0,3.0,1.8333334,3.6666667,4.0,38.88889,38.88889,47.02381,47.02381,,4.0,3.8333333,3.1666667,3.5,65.625,65.625,65.625,65.625,,3.3333333,2.6666667,3.5,2.5,3.1666667,44.444443,44.444443,44.444443,44.444443,,2.75,3.25,2.2,3.8,3.3333333,2.6666667,2.8,3.2,52.77778,55.97222,54.166668,55.729168,,4.1666665,1.8333334,3.5,3.0,3.4,2.6,3.0,3.0,2.5,3.5,2.5,42.0,44.666668,40.0,42.61905,,2.6666667,2.6666667,3.3333333,2.6,3.1666667,3.5,3.5,2.5,3.3333333,51.0,51.333332,49.285713,50.357143,,2.75,2.8333333,2.0,2.8333333,3.1666667,3.6666667,2.3333333,3.0,3.0,42.5,40.416668,42.708336,42.01389,,2.4,3.6,3.2,2.8,3.4,4.3333335,4.0,4.0,1.75,2.2,3.8,1.8333334,2.6,3.4,68.05556,67.22222,54.166668,52.916668,,3.6666667,2.1666667,3.6666667,3.0,3.0,3.2,2.8,58.75,51.5,58.75,51.5,,2.6,3.4,2.6,3.4,1.8,4.2,2.6,2.5,60.0,60.0,53.75,55.5,,2.2,2.6,1.8,1.8,2.0,4.0,27.5,27.5,37.0,37.0,,9.0,,,2.0,2.0,4.6,1.2,2.2,,0.0,0.0,0.0,1.0,1.0,1.0,1.0,,1.0,,,,,,,0.0,0.0,0.0,0.0,0.33333334,0.5,0.0,0.0,0.0,1.0,3.4,8.4,,,,,5.6,5.6,3.4,,,,,,,,,,,,,,,,,,,,,,,,,,,,,,,,,,,,,,,,,,,,,,,,
TLS_22072017_L1,Timor-Leste,TLS,2017.0,2017-07-22,Legislative,9.0,,3,3,1,2,2290.347266,3,3,0,,61.38666,61.734695,,,65.0939,52.242065,63.66154,69.04762,75.424385,66.2934,51.28472,66.358025,72.22222,75.30864,8.111111,,3.1111112,2.8888888,3.2222223,2.7777777,2.1111112,3.8888888,,,,,54.62963,54.62963,,,,4.3333335,4.2222223,4.111111,4.111111,79.861115,79.861115,79.861115,79.861115,,2.5,3.5,2.0,4.0,3.6666667,68.333336,68.05556,68.333336,68.05556,,3.4285715,2.5714285,2.75,3.25,3.142857,2.857143,,,46.428574,47.32143,,,,1.75,4.25,3.2222223,3.5555556,3.875,2.125,2.4444444,3.5555556,,,,59.285713,58.541668,,,,2.857143,3.142857,2.857143,3.0,3.5555556,2.7142856,,,,46.666668,49.920635,,,,3.0,2.4285715,2.142857,2.875,3.125,3.25,2.75,2.8333333,3.1666667,49.0,42.232143,49.166668,44.22123,,2.375,3.625,3.0,3.0,4.375,4.6666665,3.75,3.8888888,1.5555556,,,,,,69.791664,72.10648,,,,4.111111,4.2222223,4.3333335,1.625,4.375,1.7777778,4.2222223,81.25,81.31944,81.25,81.31944,,2.2222223,3.7777777,2.0,4.0,1.3333334,4.6666665,3.7777777,,76.388885,76.388885,,,,3.8888888,4.2222223,3.8888888,4.2222223,,,76.388885,76.388885,,,,7.888889,,,6.111111,5.888889,5.4444447,5.5555553,7.2222223,,,,,2.0,0.5555556,0.7777778,0.0,0.33333334,0.44444445,,,,,,,0.0,0.0,0.0,0.0,0.11111111,0.44444445,0.0,0.33333334,0.11111111,0.22222222,4.3333335,8.666667,,,,,9.0,6.111111,2.2222223,,,,,4.2222223,,,,,,2.5555556,24.88889,35.22222,35.22222,13.0,13.0,,,,,,,,,,,,,,,,,,,,,,,,,,,,,,,,
TLS_20032017_P1,Timor-Leste,TLS,2017.0,2017-03-20,Presidential,15.0,,3,3,1,2,2290.3472,3,3,0,,64.14324,47.959183,,,66.32925,55.621613,67.48397,64.6978,77.513596,67.02373,56.011574,68.888885,65.416664,77.77778,7.4666667,,2.4615386,3.5384614,2.642857,3.357143,2.0666666,3.9333334,,,,,63.46154,65.24115,,,,4.0666666,3.7857144,3.9230769,4.266667,75.0,75.263275,75.0,75.263275,,2.6,3.4,2.6,3.4,3.4,60.0,60.000004,60.0,60.000004,,3.2,2.8,2.2,3.8,2.125,3.875,,,65.625,62.291664,,,,1.6666666,4.3333335,3.0,3.5,3.0,3.0,1.9285715,4.071429,,,,66.5,64.52381,,,,2.9230769,3.0,3.0,3.3636363,3.2727273,2.375,,,,40.833332,49.672203,,,,2.8888888,2.2727273,1.9,3.0714285,2.9285715,3.5,2.5,2.5,3.5,36.25,37.45094,40.625,41.625782,,2.2307692,3.7692308,2.1,3.9,4.133333,4.214286,2.5,4.0666666,1.4615384,,,,,,70.833336,69.097984,,,,4.076923,3.9285715,4.076923,1.7692307,4.230769,1.5454545,4.4545455,81.111115,78.83866,81.111115,78.83866,,1.6923077,4.3076925,1.6923077,4.3076925,1.6666666,4.3333335,3.909091,,82.638885,80.361305,,,,3.642857,3.9285715,3.6923077,3.9333334,,,70.3125,69.98168,,,,8.071428,,,5.3333335,5.4666667,5.733333,5.6666665,6.266667,,,,,2.8,0.4,0.8666667,0.2,0.26666668,0.33333334,,,,,,,0.0,0.0,0.0,0.0,0.13333334,0.6666667,0.0,0.2,0.06666667,0.2,3.8,8.666667,,,,,8.733334,5.6,1.8666667,,,,,4.3076925,,,,,,47.2,41.866665,16.533333,22.6,14.866667,14.866667,,,,,,,,,,,,,,,,,,,,,,,,,,,,,,,,
TLS_12052018_L1,Timor-Leste,TLS,2018.0,2018-05-12,Legislative,8.0,,2,3,2,2,6570.1015625,3,3,0,,68.81802,,,,73.344284,59.22123,71.655914,72.61905,89.88095,71.8023,56.132812,69.87847,71.09375,90.104164,8.875,,2.875,3.125,2.5,3.5,1.625,4.375,,,,,66.666664,66.666664,,,,4.5,4.375,4.571429,4.571429,88.39286,87.61161,88.39286,87.61161,,1.5,4.5,1.5,4.5,3.5,79.166664,79.166664,79.166664,79.166664,,3.0,3.0,2.25,3.75,2.6666667,3.3333333,,,62.5,59.02778,,,,1.7142857,4.285714,3.375,3.142857,3.5,2.5,1.875,4.125,,,,66.666664,62.142857,,,,3.2857144,2.6666667,3.3333333,3.5714285,3.25,2.6,,,,58.333332,55.20238,,,,3.0,2.8333333,2.142857,2.857143,3.142857,3.2857144,2.7142856,2.3333333,3.6666667,44.0,44.166664,57.291664,47.916664,,2.0,4.0,2.25,3.75,4.375,4.5,2.7142856,4.3333335,1.5,,,,,,75.0,73.63591,,,,4.714286,4.625,4.625,1.125,4.875,1.1428572,4.857143,95.0,93.48215,95.0,93.48215,,3.625,2.375,1.875,4.125,1.25,4.75,4.428571,,74.10714,72.99107,,,,4.428571,4.5,4.625,4.857143,,,91.07143,90.06696,,,,8.875,,,6.25,6.25,5.625,6.625,8.625,,,,,2.5714285,0.375,0.625,0.0,0.5,0.375,,,,,,,0.0,0.0,0.0,0.0,0.0,0.375,0.0,0.5,0.125,0.125,3.75,8.75,,,,,9.5,6.25,3.5,,,,,,,,,,,,,,,2.75,2.75,3.5714285,3.5714285,4.0,1.5714285,1.5714285,3.1666667,1.1666666,1.1666666,4.142857,3.25,2.3333333,2.3333333,3.75,3.75,,,,,,,,,,,,,,,,,,
TLS_19042022_P2,Timor-Leste,TLS,2022.0,2022-04-19,Presidential,3.0,,2,3,2,2,5528.58052334426,3,3,0,,,,,,78.85561,74.21875,71.18055,80.208336,89.81481,80.42535,76.5625,70.37037,85.416664,89.35185,9.0,,2.0,4.0,2.0,4.0,1.6666666,4.3333335,,,,,77.77778,77.77778,,,,4.3333335,4.3333335,4.6666665,4.6666665,87.5,87.5,87.5,87.5,,,,,,,,,,,,3.6666667,2.3333333,3.3333333,2.6666667,2.0,4.0,,,50.0,50.0,,,,1.3333334,4.6666665,3.6666667,3.5,1.6666666,4.3333335,1.6666666,4.3333335,,,,70.0,77.5,,,,3.5,2.0,4.0,3.5,4.0,1.0,,,,,55.0,,,,4.0,3.0,,2.0,4.0,3.0,3.0,2.0,4.0,,,,,,1.0,5.0,1.0,5.0,4.5,4.6666665,2.0,4.0,1.0,,,,,,79.16667,79.861115,,,,4.3333335,4.3333335,4.3333335,1.0,5.0,1.0,5.0,92.5,90.0,92.5,90.0,,1.0,5.0,1.0,5.0,1.0,5.0,4.3333335,,95.833336,95.833336,,,,4.0,4.0,4.3333335,4.5,,,81.25,80.208336,,,,8.333333,,,6.0,6.3333335,6.3333335,6.0,7.6666665,,1.6666666,,,2.3333333,1.0,0.6666667,0.0,1.0,0.33333334,,,,,,,0.0,0.0,0.0,0.0,0.0,0.6666667,0.0,0.33333334,0.0,0.0,3.3333333,9.0,,,,,10.0,6.3333335,1.6666666,,,,,,,,,,,,,,,,,,,,,,,,,,,,,,,2.0,4.0,3.0,2.5,3.5,2.0,4.0,1.0,5.0,1.0,5.0,1.5,4.5,3.0,2.0,4.0,2.0,4.0
TLS_21052023_L1,Timor-Leste,TLS,2023.0,2023-05-21,Legislative,4.0,,2,3,2,2,5454.0,3,3,0,,62.216553,,63.407257,,63.289925,57.04861,60.0,63.194443,72.916664,65.12153,58.59375,66.041664,63.194443,72.65625,7.6666665,,3.0,3.0,3.25,2.75,1.75,4.25,3.75,3.0,4.5,4.0,58.333336,58.333336,65.17857,65.17857,,4.0,4.0,4.0,4.5,78.125,78.125,78.125,78.125,,2.0,4.0,2.0,4.0,4.0,75.0,75.0,75.0,75.0,,4.0,2.0,3.0,3.0,3.3333333,2.6666667,3.0,3.0,36.11111,38.88889,39.583332,41.666668,,2.75,3.25,4.0,4.3333335,4.0,2.0,1.6666666,4.3333335,3.6666667,3.0,3.0,70.0,64.583336,67.85714,62.79762,,3.75,2.75,3.25,4.0,3.6666667,4.3333335,4.5,1.5,3.5,75.0,70.0,67.85714,60.714287,,4.0,3.0,2.0,2.5,3.5,4.0,2.0,3.0,3.0,,47.5,,47.916668,,3.5,2.5,4.0,2.0,3.5,4.25,3.0,4.0,1.0,3.5,2.5,3.6666667,3.0,3.0,,55.208332,,46.041668,,4.0,3.6666667,4.0,1.3333334,4.6666665,1.3333334,4.6666665,80.0,80.0,80.0,80.0,,2.0,4.0,2.5,3.5,1.5,4.5,4.0,3.6666667,75.0,75.0,72.5,73.333336,,4.0,4.0,3.6666667,4.0,2.0,4.0,75.0,72.916664,75.0,73.333336,,7.3333335,,,5.3333335,6.6666665,6.6666665,5.3333335,7.0,,,,,1.0,1.0,1.0,1.0,1.0,1.0,,,,,,,0.0,0.0,0.0,0.0,0.0,0.75,0.0,0.0,0.0,,3.6666667,9.0,,,,,5.6666665,6.3333335,3.0,,,,,,,,,,,,,,,,,,,,,,,,,,,,,,,,,,,,,,,,,,,,,,,,
TGO_25072013_L1,Togo,TGO,2013.0,2013-07-25,Legislative,4.0,,4,4,1,1,1319.6591,1,2,0,,35.54422,33.163265,,,38.914932,30.833334,37.5,44.270832,43.055557,37.608505,30.468752,33.854168,43.75,42.36111,3.5,,4.25,1.75,4.25,1.75,3.5,2.5,,,,,25.0,25.0,,,,2.5,3.0,2.0,2.75,39.0625,39.0625,39.0625,39.0625,,4.25,1.75,4.25,1.75,3.0,29.166668,29.166668,29.166668,29.166668,,4.25,1.75,4.25,1.75,4.3333335,1.6666666,,,16.666666,18.055555,,,,3.6666667,2.3333333,2.75,2.75,3.0,3.0,3.5,2.5,,,,40.0,41.666668,,,,2.3333333,2.75,3.25,2.25,2.6666667,4.0,,,,50.0,47.5,,,,2.0,2.0,2.0,4.0,2.0,4.0,2.0,,,25.0,25.0,,,,4.0,2.0,4.0,2.0,3.5,2.75,3.0,3.0,3.25,,,,,,50.0,42.708332,,,,2.0,2.5,2.3333333,3.0,3.0,3.0,3.0,42.5,39.166668,42.5,39.166668,,4.0,2.0,3.5,2.5,3.0,3.0,2.75,,37.5,39.0625,,,,3.0,3.3333333,2.0,3.25,,,59.375,47.395832,,,,5.3333335,,,3.75,2.75,2.25,1.75,2.5,,,,,3.0,0.25,0.75,0.0,0.25,0.0,,,,,,,0.0,0.0,0.0,0.0,0.5,0.5,0.0,0.0,0.0,0.5,3.3333333,9.0,,3.6666667,8.333333,9.333333,,,,,,,,,,,,,,,,,,,,,,,,,,,,,,,,,,,,,,,,,,,,,,,,,,,
TGO_25042015_P1,Togo,TGO,2015.0,2015-04-25,Presidential,6.0,,4,4,1,1,1438.2484,1,2,0,,37.236393,54.591835,,,39.100697,44.180553,36.180557,44.375,31.666666,39.31568,42.79514,37.84722,43.75,32.87037,2.3333333,,3.0,3.0,3.6666667,2.3333333,3.1666667,2.8333333,,,,,43.055553,43.055553,,,,2.3333333,3.4,2.6,2.6,40.625,43.333332,40.625,43.333332,,3.8333333,2.1666667,4.0,2.0,2.0,26.38889,26.38889,26.38889,26.38889,,4.0,2.0,4.1666665,1.8333334,3.4,2.6,,,30.0,28.61111,,,,2.25,3.75,3.5,3.0,2.25,3.75,3.5,2.5,,,,56.666668,57.5,,,,3.5,4.0,2.0,3.0,3.1666667,3.0,,,,52.0,48.333332,,,,2.2,2.25,1.8,3.1666667,2.8333333,4.3333335,1.6666666,,,30.0,28.75,,,,3.25,2.75,4.0,2.0,3.3333333,2.8,1.5,2.8,2.25,,,,,,62.5,38.26389,,,,3.0,3.0,2.1666667,3.6,2.4,4.0,2.0,33.75,37.833332,33.75,37.833332,,4.3333335,1.6666666,4.1666665,1.8333334,2.3333333,3.6666667,2.0,,32.5,32.291668,,,,1.6666666,3.75,2.2,1.8333334,,,37.5,34.0625,,,,7.8333335,,,2.5,1.6666666,1.6666666,1.5,2.1666667,,,,,2.8333333,0.0,0.8333333,0.0,0.16666667,0.0,,,,,,,0.0,0.0,0.0,0.0,0.16666667,0.0,0.0,0.0,0.0,0.6666667,4.3333335,8.5,,7.6666665,8.666667,9.333333,,,,,,,,,,,,,,,,,,,,,,,,,,,,,,,,,,,,,,,,,,,,,,,,,,,
TGO_22022020_P1,Togo,TGO,2020.0,2020-02-22,Presidential,4.0,,5,4,1,1,2223.3169563651363,1,2,0,,34.183674,37.5,,,41.11111,30.416666,36.863426,51.5625,45.601852,39.331596,30.416666,38.541668,45.3125,43.055557,3.6666667,,4.25,1.75,4.75,1.25,3.25,2.75,,,,,22.916666,22.916666,,,,2.75,3.75,2.0,3.25,48.4375,48.4375,48.4375,48.4375,,4.5,1.5,4.5,1.5,1.5,12.5,12.5,12.5,12.5,,4.0,2.0,3.75,2.25,3.0,3.0,,,41.666664,35.416664,,,,4.25,1.75,4.5,4.5,3.5,2.5,3.5,2.5,,,,53.75,53.75,,,,2.25,4.0,2.0,2.5,2.5,3.0,,,,36.25,36.25,,,,1.75,1.75,1.5,3.75,2.25,4.5,1.5,4.0,2.0,18.75,18.75,19.791666,19.791666,,2.0,4.0,3.6666667,2.3333333,4.0,4.0,1.0,2.3333333,1.0,,,,,,48.61111,48.61111,,,,2.6666667,3.0,2.0,3.3333333,2.6666667,2.6666667,3.3333333,43.333332,43.333332,43.333332,43.333332,,5.0,1.0,4.6666665,1.3333334,3.3333333,2.6666667,2.6666667,,22.916666,22.916668,,,,1.3333334,3.6666667,1.6666666,2.3333333,,,31.25,31.25,,,,6.6666665,,,3.0,3.3333333,3.0,3.0,2.6666667,,,,,2.0,0.0,0.5,0.25,0.0,0.0,,,,,,,0.0,0.0,0.0,0.0,0.25,0.5,0.0,0.0,0.0,0.5,3.3333333,9.666667,,,,,7.6666665,4.3333335,1.3333334,,,,,,,,,,,,,,,,,,,,,,,,,,,,,,,,,,,,,,,,,,,,,,,,
TON_27112014_L1,Tonga,TON,2014.0,2014-11-27,Legislative,4.0,,2,2,2,2,5299.5874,5,3,0,,66.96429,,,,68.46644,66.80555,59.375,68.75,78.93518,70.95052,68.17708,69.791664,68.75,77.083336,9.0,,1.5,4.5,1.5,4.5,2.0,4.0,,,,,87.5,83.33333,,,,3.75,3.75,3.5,3.75,67.1875,67.1875,67.1875,67.1875,,2.0,4.0,1.3333334,4.6666665,3.25,66.666664,74.30556,66.666664,74.30556,,3.5,2.5,2.25,3.75,2.0,4.0,,,66.66667,60.416668,,,,1.3333334,4.6666665,3.5,4.0,2.75,3.25,1.25,4.75,,,,77.5,75.833336,,,,3.0,3.5,2.5,3.75,3.75,3.0,,,,45.0,55.0,,,,2.0,2.5,2.3333333,3.3333333,2.6666667,2.3333333,3.6666667,,,15.0,40.833336,,,,1.25,4.75,1.0,5.0,4.75,4.75,4.0,1.5,1.5,,,,,,79.166664,78.125,,,,4.75,4.5,4.75,2.0,4.0,1.5,4.5,92.5,87.5,92.5,87.5,,4.0,2.0,1.3333334,4.6666665,2.0,4.0,4.6666665,,81.25,70.83333,,,,4.0,4.25,3.6666667,4.5,,,83.333336,77.604164,,,,9.25,,,8.25,6.5,6.5,7.0,9.0,,,,,2.3333333,0.25,0.5,0.25,0.0,0.0,,,,,,,0.0,0.0,0.0,0.0,0.25,0.75,0.0,0.0,0.0,0.5,5.0,9.25,,3.5,5.5,4.75,,,,,,,,,,,,,,,,,,,,,,,,,,,,,,,,,,,,,,,,,,,,,,,,,,,
TON_16112017_L1,Tonga,TON,2017.0,2017-11-16,Legislative,7.0,,2,2,2,3,5752.310637,5,3,0,,57.67177,48.97959,,,60.107967,53.86111,54.050926,64.583336,67.93651,57.81746,57.77778,60.648148,64.583336,63.690475,8.142858,,2.6,3.4,2.6,3.4,1.8333334,4.1666665,,,,,65.0,66.388885,,,,4.0,4.1666665,4.3333335,4.3333335,80.208336,80.208336,80.208336,80.208336,,2.6,3.4,2.4,3.6,2.8,56.666668,56.666668,56.666668,56.666668,,3.0,3.0,3.3333333,2.6666667,2.6666667,3.3333333,,,50.0,50.0,,,,2.0,4.0,3.0,2.5,2.8,3.2,2.0,4.0,,,,53.75,58.5,,,,3.5,3.1666667,2.8333333,2.3333333,3.5,3.0,,,,49.0,50.833332,,,,3.0,2.75,2.6666667,3.0,3.0,3.6666667,2.3333333,2.5,3.5,52.5,43.75,54.166668,46.875,,2.1666667,3.8333333,2.75,3.25,4.1666665,4.0,3.0,2.75,1.6666666,,,,,,56.25,62.5,,,,3.8333333,4.1666665,4.1666665,2.0,4.0,2.4,3.6,75.0,73.833336,75.0,73.833336,,2.5,3.5,2.0,4.0,1.5,4.5,3.0,,66.25,68.75,,,,4.142857,4.285714,3.857143,4.285714,,,78.57143,78.57143,,,,8.0,,,7.571429,6.142857,6.285714,5.8333335,7.142857,,,,,2.857143,0.2857143,0.85714287,0.0,0.14285715,0.14285715,,,,,,,0.0,0.0,0.0,0.14285715,0.14285715,0.71428573,0.0,0.0,0.0,0.14285715,3.2857144,8.428572,,,,,8.428572,7.142857,4.571429,,,,,3.857143,,,,,,57.714287,44.142857,3.7142856,3.7142856,2.3333333,2.3333333,,,,,,,,,,,,,,,,,,,,,,,,,,,,,,,,
TON_18112021_L1,Tonga,TON,2021.0,2021-11-18,Legislative,4.0,,2,2,2,3,,5,3,0,,30.924034,24.489796,,,32.45949,25.729166,32.060184,23.4375,48.61111,33.55903,27.291668,34.20139,23.4375,49.305557,3.75,,3.75,2.25,4.0,2.0,4.5,1.5,,,,,22.916666,22.916666,,,,3.0,3.0,3.25,3.5,54.6875,54.6875,54.6875,54.6875,,3.6666667,2.3333333,3.6666667,2.3333333,3.0,38.88889,38.88889,38.88889,38.88889,,3.3333333,2.6666667,3.0,3.0,3.6666667,2.3333333,,,41.666668,41.666668,,,,3.5,2.5,1.5,1.6666666,4.0,2.0,3.75,2.25,,,,25.0,24.583334,,,,1.75,4.0,2.0,2.0,2.0,2.75,,,,27.5,27.5,,,,1.6666666,1.6666666,1.75,4.25,1.75,3.3333333,2.6666667,4.3333335,1.6666666,17.5,22.5,16.666666,21.527779,,2.6666667,3.3333333,3.3333333,2.6666667,3.5,2.0,2.0,1.5,1.5,,,,,,33.333336,37.5,,,,3.0,3.25,3.25,3.75,2.25,4.0,2.0,38.333332,43.75,38.333332,43.75,,4.0,2.0,3.0,3.0,2.5,3.5,3.25,,48.4375,48.4375,,,,2.3333333,2.3333333,2.0,2.0,,,29.166666,29.166666,,,,7.5,,,5.5,3.5,3.0,3.0,3.75,,,,,1.0,0.25,1.0,0.0,0.0,0.0,,,,,,,0.0,0.0,0.0,0.0,0.0,0.75,0.0,0.25,0.0,0.0,3.0,8.0,,,,,8.5,4.0,2.5,,,,,,,,,,,,,,,,,,,,,,,,,,,,,,,,,,,,,,,,,,,,,,,,
TTO_10082020_L1,Trinidad and Tobago,TTO,2020.0,2020-08-10,Legislative,7.0,,2,2,2,4,26125.153291498165,2,9,0,,52.684242,33.67347,,,55.976353,56.537697,43.32672,63.392857,60.648148,61.10491,59.3006,53.86905,63.392857,67.85714,6.857143,,2.5714285,3.4285715,2.3333333,3.6666667,2.142857,3.857143,,,,,65.27778,66.26984,,,,3.857143,4.571429,3.5714285,4.0,75.0,75.0,75.0,75.0,,3.0,3.0,3.4285715,2.5714285,3.0,47.22222,46.42857,47.22222,46.42857,,3.6,2.4,2.8,3.2,3.0,3.0,,,46.666668,46.666668,,,,1.8571428,4.142857,4.0,4.0,3.0,3.0,1.8571428,4.142857,,,,70.0,71.42857,,,,3.0,2.857143,3.142857,3.4285715,3.142857,2.8333333,,,,46.666668,52.738094,,,,2.25,3.2,1.6,2.5714285,3.4285715,3.8333333,2.1666667,2.8333333,3.1666667,32.5,38.226192,34.375,40.88294,,2.7142856,3.2857144,2.8333333,3.1666667,4.571429,4.0,2.6,1.8,1.4,,,,,,47.916664,55.93254,,,,3.7142856,4.0,4.0,4.3333335,1.6666666,3.1666667,2.8333333,35.0,56.07143,35.0,56.07143,,3.142857,2.857143,2.6666667,3.3333333,1.5,4.5,3.6666667,,61.25,64.73214,,,,3.857143,3.857143,3.3333333,3.7142856,,,64.583336,67.2619,,,,9.0,,,6.571429,5.428571,5.714286,6.285714,6.142857,,,,,1.2857143,0.14285715,1.0,0.14285715,0.14285715,0.14285715,,,,,,,0.0,0.0,0.0,0.14285715,0.5714286,0.2857143,0.0,0.0,0.0,0.85714287,5.285714,8.142858,,,,,7.0,6.142857,5.142857,,,,,,,,,,,,,,,,,,,,,,,,,,,,,,,,,,,,,,,,,,,,,,,,
TUN_21122014_P2,Tunisia,TUN,2014.0,2014-12-21,Presidential,4.0,,3,3,1,3,11325.528,1,8,0,,67.21938,,,,68.02662,61.631943,65.625,70.3125,74.53704,71.16536,66.953125,70.3125,70.3125,77.083336,8.25,,2.6666667,3.3333333,1.75,4.25,1.5,4.5,,,,,72.22222,75.69444,,,,4.25,4.5,4.75,4.25,85.9375,85.9375,85.9375,85.9375,,3.0,3.0,1.6666666,4.3333335,4.25,66.666664,71.52778,66.666664,71.52778,,4.0,2.0,2.6666667,3.3333333,2.0,4.0,,,50.0,52.77778,,,,1.25,4.75,3.6666667,3.3333333,3.0,3.0,1.5,4.5,,,,67.5,71.25,,,,2.25,2.0,4.0,3.25,2.5,3.6666667,,,,51.666668,53.333332,,,,3.6666667,3.6666667,2.0,3.25,2.75,3.0,3.0,,,50.0,50.416668,,,,2.0,4.0,2.6666667,3.3333333,4.5,4.5,4.0,3.75,3.5,,,,,,73.61111,75.34722,,,,4.6666665,4.5,4.3333335,1.5,4.5,1.75,4.25,83.333336,86.25,83.333336,86.25,,2.5,3.5,2.75,3.25,2.25,3.75,3.3333333,,60.416668,61.458336,,,,4.5,4.5,4.3333335,4.5,,,87.5,86.458336,,,,7.75,,,8.25,6.75,6.25,7.25,9.0,,,,,3.0,0.0,1.0,0.0,0.0,0.0,,,,,,,0.0,0.0,0.0,0.0,0.5,0.5,0.0,0.25,0.0,0.5,5.25,7.5,,4.25,8.75,8.0,,,,,,,,,,,,,,,,,,,,,,,,,,,,,,,,,,,,,,,,,,,,,,,,,,,
TUN_26102014_L1,Tunisia,TUN,2014.0,2014-10-26,Legislative,13.0,,3,3,1,3,11325.528,1,8,0,,66.21562,64.03061,,,67.928925,64.06313,57.989265,71.666664,77.996635,69.02844,65.3766,60.73718,72.916664,77.5641,7.6923075,,2.0,4.0,1.75,4.25,2.0,4.0,,,,,77.77778,77.083336,,,,4.0,4.076923,3.9230769,4.0,73.958336,75.0,73.958336,75.0,,2.0,4.0,1.8888888,4.111111,4.0,76.041664,75.92593,76.041664,75.92593,,3.9,2.1,3.2727273,2.7272727,3.0,3.0,,,40.74074,40.227272,,,,1.75,4.25,4.0833335,4.0,2.5,3.5,1.8181819,4.181818,,,,75.0,75.07576,,,,3.1,2.3,3.7,3.4,3.2727273,3.7777777,,,,63.125,61.252525,,,,3.909091,3.1,2.0,3.1818182,2.8181818,3.25,2.75,,,42.857143,47.886364,,,,2.1666667,3.8333333,3.4545455,2.5454545,3.75,4.3333335,3.5,3.75,1.8888888,,,,,,64.28571,65.46717,,,,4.090909,3.8333333,4.2727275,1.6666666,4.3333335,1.4545455,4.5454545,81.0,80.37879,81.0,80.37879,,2.0,4.0,1.7272727,4.2727275,1.1666666,4.8333335,4.1,,83.125,82.53788,,,,3.8333333,3.75,3.9,3.9166667,,,70.0,71.25,,,,7.3846154,,,6.1538463,5.5384617,6.4615383,7.4615383,6.6923075,,,,,2.8,0.15384616,1.0,0.15384616,0.07692308,0.0,,,,,,,0.0,0.0,0.0,0.0,0.30769232,0.61538464,0.07692308,0.07692308,0.07692308,0.3846154,4.3076925,8.230769,,4.769231,5.1538463,5.5384617,,,,,,,,,,,,,,,,,,,,,,,,,,,,,,,,,,,,,,,,,,,,,,,,,,,
TUN_06102019_L1,Tunisia,TUN,2019.0,2019-10-06,Legislative,5.0,,2,3,2,2,11902.862011883062,1,8,0,,53.061226,48.469387,,,58.043404,44.083332,67.326385,56.875,63.88889,57.241318,44.9375,65.138885,55.0,63.88889,7.4,,3.0,3.0,3.0,3.0,2.8,3.2,,,,,51.666664,51.666664,,,,3.2,4.0,3.0,3.8,60.9375,62.5,60.9375,62.5,,2.75,3.25,2.75,3.25,2.5,50.0,50.0,50.0,50.0,,2.75,3.25,2.5,3.5,2.5,3.5,,,60.416668,60.416668,,,,2.8,3.2,3.4,3.4,3.4,2.6,2.5,3.5,,,,56.25,55.5,,,,2.5,3.4,2.6,2.0,2.0,3.0,,,,37.5,35.5,,,,2.0,3.2,2.0,3.8,2.2,3.75,2.25,3.8,2.2,30.0,33.25,31.944445,32.708332,,2.0,4.0,2.25,3.75,4.0,4.0,3.5,4.2,1.5,,,,,,73.611115,72.708336,,,,4.0,3.8,4.25,2.0,4.0,2.6,3.4,73.75,72.25,73.75,72.25,,3.2,2.8,2.6,3.4,1.8,4.2,3.2,,60.0,60.0,,,,3.6,4.0,3.6,3.8,,,68.75,68.75,,,,7.8,,,4.6,4.4,4.8,5.4,6.8,,,,,1.4,0.0,1.0,0.2,0.0,0.0,,,,,,,0.0,0.0,0.0,0.0,0.4,0.6,0.0,0.0,0.0,0.4,5.4,7.4,,,,,9.0,5.6,2.6,,,,,,,,,,,,,,,2.8,2.8,2.0,2.0,4.2,3.0,3.0,3.8,2.2,2.2,3.8,2.4,3.4,3.4,4.0,4.0,,,,,,,,,,,,,,,,,,
TUN_13102019_P2,Tunisia,TUN,2019.0,2019-10-13,Presidential,3.0,,2,3,2,2,11902.862011883062,1,8,0,,53.061226,53.061226,,,54.78588,38.47222,53.472225,69.791664,57.40741,53.95544,39.895836,45.601852,72.916664,57.40741,6.0,,3.3333333,2.6666667,4.0,2.0,2.5,3.5,,,,,54.166664,43.055557,,,,2.5,4.0,4.0,4.0,65.625,65.625,65.625,65.625,,4.0,2.0,4.0,2.0,2.5,29.166666,29.166666,29.166666,29.166666,,3.0,3.0,3.0,3.0,3.0,3.0,,,50.0,50.0,,,,3.0,3.0,3.6666667,3.6666667,2.3333333,3.6666667,3.0,3.0,,,,60.0,60.0,,,,3.0,2.5,3.5,2.0,3.0,3.6666667,,,,50.0,50.833332,,,,2.6666667,1.5,1.6666666,4.0,2.0,4.0,2.0,4.0,2.0,25.0,24.166666,29.166666,24.305555,,3.0,3.0,3.0,3.0,4.0,4.3333335,3.0,3.5,1.5,,,,,,70.833336,61.805557,,,,3.0,3.0,3.0,2.6666667,3.3333333,2.6666667,3.3333333,60.0,53.333332,60.0,53.333332,,3.0,3.0,2.6666667,3.3333333,1.6666666,4.3333335,2.6666667,,58.333332,58.333332,,,,3.0,3.5,3.0,3.3333333,,,56.25,55.208332,,,,8.333333,,,5.3333335,3.0,3.3333333,4.3333335,6.6666665,,,,,1.3333334,0.0,0.6666667,0.0,0.0,0.33333334,,,,,,,0.0,0.0,0.0,0.0,0.33333334,0.6666667,0.0,0.0,0.0,0.33333334,4.6666665,9.666667,,,,,10.0,5.3333335,1.3333334,,,,,,,,,,,,,,,3.5,3.5,3.5,3.5,1.5,4.5,4.5,3.5,2.0,2.0,2.0,2.0,4.5,4.5,4.5,4.5,,,,,,,,,,,,,,,,,,
TUR_10082014_P1,Turkey,TUR,2014.0,2014-08-10,Presidential,12.0,,3,4,1,3,23111.441,3,6,1,,51.76984,59.69388,,,50.31613,39.90404,63.93308,38.020832,59.406567,50.293694,38.55903,64.75694,38.020832,59.837963,6.5,,3.6666667,2.3333333,4.0,2.0,2.1666667,3.8333333,,,,,43.055553,43.055553,,,,3.0,4.4166665,3.1818182,3.3333333,60.795456,62.073864,60.795456,62.073864,,2.8,3.2,3.4,2.6,3.2,50.0,50.0,50.0,50.0,,2.7,3.3,2.4,3.6,3.0,3.0,,,55.208332,57.5,,,,2.6,3.4,2.8333333,3.3333333,3.8333333,2.1666667,2.3636363,3.6363637,,,,53.333332,51.848484,,,,1.6666666,4.4166665,1.5833334,1.6666666,1.8333334,3.6666667,,,,27.083334,27.083334,,,,2.090909,1.8181819,1.8333334,2.75,3.25,4.3333335,1.6666666,,,27.727272,28.295454,,,,2.4545455,3.5454545,3.2222223,2.7777777,4.3333335,3.4166667,2.4444444,4.090909,1.75,,,,,,64.28571,60.869106,,,,3.75,4.4166665,3.75,2.5,3.5,2.8333333,3.1666667,66.0,67.916664,66.0,67.916664,,2.9166667,3.0833333,1.9,4.1,1.5,4.5,3.5454545,,75.0,70.179924,,,,2.75,3.25,3.0833333,3.3333333,,,52.604168,52.604168,,,,9.090909,,,4.0,2.75,3.5,5.0833335,4.9166665,,,,,2.8333333,0.16666667,0.8333333,0.083333336,0.0,0.0,,,,,,,0.0,0.0,0.0,0.083333336,0.5833333,0.41666666,0.0,0.0,0.0,0.75,4.3333335,9.333333,,3.5833333,5.8333335,5.5833335,,,,,,,,,,,,,,,,,,,,,,,,,,,,,,,,,,,,,,,,,,,,,,,,,,,
TUR_01112015_L1,Turkey,TUR,2015.0,2015-11-01,Legislative,20.0,,3,4,1,3,24054.178,3,6,1,,45.57218,54.42177,,,46.329075,32.501656,55.892673,35.3125,61.609478,46.173176,31.532986,57.083332,35.3125,60.76389,5.0,,4.6,1.4,4.15,1.85,2.95,3.05,,,,,27.5,27.5,,,,3.15,3.95,2.9,3.6,60.0,60.0,60.0,60.0,,3.2666667,2.7333333,3.0833333,2.9166667,2.4285715,45.454544,42.32143,45.454544,42.32143,,3.25,2.75,2.8421052,3.1578948,2.875,3.125,,,49.444443,50.274124,,,,2.0,4.0,2.55,3.0,4.1,1.9,3.8888888,2.1111112,,,,44.117645,42.805557,,,,1.5,4.55,1.45,1.55,1.65,3.9,,,,25.25,25.25,,,,2.1,1.7647059,1.4210526,2.8947368,3.1052632,4.8,1.2,,,19.0,22.955109,,,,3.9,2.1,3.764706,2.235294,3.9,3.35,2.75,4.4,1.1333333,,,,,,53.27381,53.063725,,,,2.9473684,4.25,3.4444444,2.4705882,3.5294118,2.85,3.15,62.333332,61.606125,62.333332,61.606125,,3.2,2.8,2.0,4.0,1.6315789,4.368421,3.75,,67.708336,68.240135,,,,2.55,3.7,2.45,2.55,,,45.3125,45.3125,,,,9.2,,,2.6,2.3,3.95,4.6,4.35,,,,,2.8947368,0.05,0.95,0.0,0.0,0.1,,,,,,,0.0,0.05,0.0,0.15,0.8,0.0,0.0,0.0,0.0,0.95,3.6,9.0,,4.2,7.75,8.25,,,,,,,,,,,,,,,,,,,,,,,,,,,,,,,,,,,,,,,,,,,,,,,,,,,
TUR_07062015_L1,Turkey,TUR,2015.0,2015-06-07,Legislative,12.0,,3,4,1,3,24054.178,3,6,1,,47.529095,46.17347,,,50.667088,34.49179,57.938763,42.708332,67.529465,51.007668,34.470486,59.02778,42.708332,67.82407,6.6666665,,4.9166665,1.0833334,4.1666665,1.8333334,3.25,2.75,,,,,22.222221,22.222221,,,,3.6666667,4.1666665,3.3333333,3.6666667,67.708336,67.708336,67.708336,67.708336,,3.6666667,2.3333333,3.4166667,2.5833333,2.6363637,37.121212,37.941917,37.121212,37.941917,,3.1818182,2.8181818,3.0833333,2.9166667,3.0,3.0,,,44.166664,47.7904,,,,2.1818182,3.8181818,2.6666667,3.0833333,3.75,2.25,3.0833333,2.9166667,,,,50.0,48.674244,,,,1.5,4.5,1.5,1.5,1.9166666,4.181818,,,,28.636364,27.992424,,,,2.4166667,1.8181819,1.6363636,2.9166667,3.0833333,4.8333335,1.1666666,,,24.09091,25.60606,,,,3.1666667,2.8333333,3.6363637,2.3636363,3.8333333,3.9166667,2.1818182,4.4166665,1.1818181,,,,,,55.303032,56.439392,,,,3.25,4.5,4.0,2.3333333,3.6666667,2.25,3.75,70.833336,70.833336,70.833336,70.833336,,3.0,3.0,2.5454545,3.4545455,1.2727273,4.7272725,3.909091,,68.125,69.318184,,,,2.5833333,3.6363637,3.1666667,2.8333333,,,49.43182,51.373108,,,,9.166667,,,2.75,2.75,3.9166667,4.8333335,4.3333335,,,,,2.5,0.083333336,1.0,0.0,0.0,0.083333336,,,,,,,0.0,0.083333336,0.0,0.16666667,0.6666667,0.0,0.0,0.0,0.0,0.9166667,4.25,8.583333,,4.6666665,8.0,8.583333,,,,,,,,,,,,,,,,,,,,,,,,,,,,,,,,,,,,,,,,,,,,,,,,,,,
TUR_24062018_P1,Turkey,TUR,2018.0,2018-06-24,Presidential,15.0,,5,6,0,3,25129.33984375,3,6,1,,33.723354,33.41837,,,36.714096,20.614775,59.83949,26.666666,39.73545,36.41609,20.895832,59.49074,26.666666,38.61111,3.5333333,,4.5333333,1.4666667,4.4,1.6,3.8,2.2,,,,,18.88889,18.88889,,,,2.2,3.0,1.9333333,2.4666667,35.0,35.0,35.0,35.0,,4.0,2.0,3.6923077,2.3076923,2.6923077,33.333332,33.333332,33.333332,33.333332,,2.6,3.4,2.9285715,3.0714285,3.0769231,2.9230769,,,54.48718,53.287544,,,,4.0666666,1.9333333,2.5333333,2.4666667,4.214286,1.7857143,4.6666665,1.3333334,,,,23.928572,25.261904,,,,1.1333333,4.866667,1.1333333,1.1333333,1.2,3.5,,,,15.714286,15.5,,,,1.7333333,1.8666667,1.4285715,3.2666667,2.7333333,4.4666667,1.5333333,3.7857144,2.2142856,21.071428,21.47619,22.619047,22.956348,,3.6666667,2.3333333,4.1666665,1.8333334,3.8,3.0,4.076923,4.4666667,1.4545455,,,,,,57.8125,56.292736,,,,2.5333333,3.9333334,2.3846154,3.3333333,2.6666667,3.6666667,2.3333333,50.5,44.25641,50.5,44.25641,,3.3333333,2.6666667,2.4615386,3.5384614,1.5384616,4.4615383,2.857143,,60.416668,59.52381,,,,1.4,3.1333334,2.3333333,1.7333333,,,28.75,28.75,,,,9.333333,,,2.3333333,1.9333333,3.0666666,3.6,2.2666667,,,,,2.7142856,0.13333334,0.93333334,0.06666667,0.0,0.06666667,,,,,,,0.0,0.0,0.0,0.0,0.8666667,0.13333334,0.06666667,0.0,0.0,0.8666667,3.5333333,8.933333,,,,,8.066667,4.866667,3.1333334,,,,,,,,,,,,,,,3.5333333,3.5333333,3.9333334,3.9333334,2.4666667,2.2666667,2.2666667,3.1333334,2.4545455,2.4545455,1.4,1.3333334,4.571429,4.571429,3.857143,3.857143,,,,,,,,,,,,,,,,,,
TUR_28052023_P2,Turkey,TUR,2023.0,2023-05-28,Presidential,5.0,,5,6,0,3,33061.0,3,6,1,,41.836735,41.836735,41.06855,45.16129,38.703125,24.79861,50.5,36.11111,43.40278,36.925346,23.340277,50.75,36.11111,37.5,4.5,,4.6,1.4,4.0,2.0,2.6,3.4,2.8,1.4,3.0,4.2,31.666666,31.666666,40.0,40.0,,2.2,3.2,2.6,2.6,41.25,41.25,41.25,41.25,,3.0,3.0,3.3333333,2.6666667,3.5,54.166664,51.38889,54.166664,51.38889,,3.8,2.2,3.8,2.2,4.25,1.75,3.6,2.4,18.75,26.25,20.3125,28.4375,,3.6,2.4,2.4,2.6,4.0,2.0,3.8,2.2,2.6,4.0,2.0,33.0,33.0,32.857143,32.857143,,1.0,4.8,1.2,1.4,1.6,3.8,4.2,1.8,2.6,20.0,20.0,22.857143,22.857143,,1.2,1.2,1.2,3.75,2.25,5.0,1.0,4.0,2.0,10.0,9.25,12.5,11.875,,3.4,2.6,4.0,2.0,4.0,3.4,3.5,4.0,1.0,3.25,2.75,2.75,3.2,2.8,57.291668,56.25,51.666668,44.5,,3.25,3.25,3.5,1.6666666,4.3333335,3.25,2.75,61.666668,60.416668,61.666668,60.416668,,3.5,2.5,2.0,4.0,1.5,4.5,3.75,3.25,67.1875,67.1875,65.0,65.0,,2.5,3.75,3.25,2.5,2.0,4.0,50.0,50.0,55.0,55.0,,9.75,,,4.5,3.0,4.25,4.0,3.5,,0.0,0.0,0.0,1.5,,1.0,,,,,,,,,,0.0,0.0,0.0,0.0,0.6,0.2,0.0,0.0,0.0,1.0,3.75,8.0,,,,,5.75,4.75,3.0,,,,,,,,,,,,,,,,,,,,,,,,,,,,,,,,,,,,,,,,,,,,,,,,
TKM_15122013_L1,Turkmenistan,TKM,2013.0,2013-12-15,Legislative,8.0,,7,7,0,3,13697.555,3,5,0,,40.026726,,,,33.22776,23.733631,50.92014,16.964287,41.292988,33.586155,23.58073,53.385418,16.40625,40.97222,2.25,,4.0,2.0,4.714286,1.2857143,3.75,2.25,,,,,25.0,21.130953,,,,3.5714285,3.3333333,2.0,3.2857144,48.958332,51.190475,48.958332,51.190475,,2.8,3.2,3.6,2.4,2.6,43.333332,43.333332,43.333332,43.333332,,3.5,2.5,3.6666667,2.3333333,3.4,2.6,,,41.666668,36.944443,,,,4.714286,1.2857143,3.25,2.625,4.1666665,1.8333334,4.8333335,1.1666666,,,,25.0,25.803572,,,,1.75,4.285714,1.7142857,2.0,1.75,1.3333334,,,,14.0,17.738096,,,,2.142857,1.625,1.1428572,3.142857,2.857143,4.285714,1.7142857,,,20.0,22.410713,,,,2.6,3.4,4.2,1.8,3.375,1.625,2.5,3.8333333,1.25,,,,,,54.166668,43.88889,,,,2.857143,3.75,1.6,4.2,1.8,3.1666667,2.8333333,20.0,39.20238,20.0,39.20238,,2.0,4.0,1.5,4.5,1.5,4.5,2.5,,71.25,71.875,,,,1.5714285,3.25,1.875,2.375,,,27.678572,31.696428,,,,7.0,,,2.375,3.125,3.0,3.25,2.75,,,,,2.857143,0.125,0.75,0.125,0.125,0.375,,,,,,,0.0,0.0,0.0,0.0,0.25,0.75,0.0,0.0,0.0,0.25,4.5,7.375,,2.625,5.75,4.875,,,,,,,,,,,,,,,,,,,,,,,,,,,,,,,,,,,,,,,,,,,,,,,,,,,
TKM_12022017_P1,Turkmenistan,TKM,2017.0,2017-02-12,Presidential,10.0,,7,7,0,3,16880.406,3,5,0,,28.894861,32.908165,,,21.036224,21.137566,42.69097,3.125,17.191359,20.909721,19.333334,44.51389,3.125,16.666666,1.4,,3.5714285,2.4285715,4.3333335,1.6666666,3.9,2.1,,,,,30.952381,26.626984,,,,2.9,2.7777777,1.4444444,2.5,35.9375,35.13889,35.9375,35.13889,,3.4,2.6,3.5,2.5,2.6666667,41.666668,39.72222,41.666668,39.72222,,3.875,2.125,4.1666665,1.8333334,4.0,2.0,,,22.222221,24.652779,,,,4.5555553,1.4444444,2.1,1.9,4.7,1.3,3.7777777,2.2222223,,,,20.555555,19.833334,,,,1.1,5.0,1.0,1.7,1.4,1.5,,,,8.5,8.5,,,,1.7777778,1.4444444,1.3333334,3.75,2.25,4.4,1.6,3.1666667,2.8333333,18.125,17.027779,25.833334,21.828703,,2.8333333,3.1666667,4.125,1.875,3.7,1.2,2.8333333,2.875,1.1666666,,,,,,29.166666,40.208332,,,,1.8888888,4.111111,1.5555556,4.5555553,1.4444444,4.5555553,1.4444444,28.125,27.222221,28.125,27.222221,,1.75,4.25,1.375,4.625,1.25,4.75,1.2,,66.25,67.65625,,,,1.2,3.0,1.2,2.1111112,,,21.527779,21.944445,,,,7.9,,,1.3333334,1.6666666,1.2222222,2.0,1.5555556,,,,,2.9,0.0,0.8,0.0,0.1,0.0,,,,,,,0.0,0.0,0.0,0.0,0.1,0.8,0.0,0.1,0.0,0.1,4.1,7.888889,,,,,9.1,3.7,1.4,,,,,2.1111112,,,,,,1.5,21.7,11.2,1.3333334,13.0,13.0,,,,,,,,,,,,,,,,,,,,,,,,,,,,,,,,
TKM_25032018_L1,Turkmenistan,TKM,2018.0,2018-03-25,Legislative,4.0,,7,7,0,3,16389.0234375,3,5,0,,,,,,30.827549,23.368057,52.546295,11.979166,35.416668,32.089844,24.713541,59.02778,15.625,37.5,1.75,,4.0,2.0,4.5,1.5,4.0,2.0,,,,,25.0,20.833334,,,,3.5,3.3333333,2.0,3.0,50.0,48.958332,50.0,48.958332,,3.0,3.0,4.0,2.0,3.0,41.666664,41.666668,41.666664,41.666668,,2.6666667,3.3333333,3.0,3.0,3.5,2.5,,,41.666664,48.61111,,,,4.75,1.25,2.5,2.75,4.6666665,1.3333334,4.5,1.5,,,,32.5,21.666666,,,,1.6666666,4.25,1.75,2.6666667,2.3333333,2.0,,,,17.5,27.083332,,,,2.5,1.0,2.0,4.0,2.0,4.3333335,1.6666666,3.5,2.5,5.0,20.833334,8.333333,23.61111,,2.3333333,3.6666667,4.5,1.5,4.0,1.25,2.0,3.6666667,2.0,,,,,,45.833332,42.01389,,,,1.0,4.0,1.5,3.5,2.5,4.5,1.5,15.0,27.5,15.0,27.5,,1.6666666,4.3333335,1.5,4.5,1.25,4.75,,,,,,,,1.0,3.25,1.5,3.0,,,31.25,29.6875,,,,7.0,,,1.25,1.5,1.0,2.25,1.5,,,,,2.75,0.0,0.75,0.0,0.0,0.0,,,,,,,0.0,0.0,0.0,0.0,0.0,1.0,0.0,0.0,0.0,0.0,4.0,9.0,,,,,10.0,3.0,1.25,,,,,,,,,,,,,,,3.3333333,3.3333333,2.3333333,2.3333333,2.25,2.0,2.0,1.5,2.0,2.0,2.0,1.6666666,4.0,4.0,3.0,3.0,,,,,,,,,,,,,,,,,,
TKM_12032022_P1,Turkmenistan,TKM,2022.0,2022-03-12,Presidential,2.0,,7,7,0,3,,3,5,0,,,,,,15.833333,1.8749996,39.23611,0.0,22.222221,13.172743,2.34375,33.680557,0.0,16.666668,2.0,,5.0,1.0,5.0,1.0,4.5,1.5,,,,,0.0,4.1666665,,,,3.5,2.5,1.0,1.5,28.125,28.125,28.125,28.125,,,,5.0,1.0,3.0,,,,,,5.0,1.0,5.0,1.0,5.0,1.0,,,0.0,0.0,,,,5.0,1.0,2.0,1.5,5.0,1.0,5.0,1.0,,,,10.0,7.5,,,,1.0,5.0,1.0,1.0,1.0,3.0,,,,10.0,10.0,,,,1.0,1.0,1.0,5.0,1.0,5.0,1.0,5.0,1.0,0.0,0.0,,0.0,,4.0,2.0,5.0,1.0,2.5,1.0,5.0,4.0,1.0,,,,,,45.833332,39.583332,,,,1.0,5.0,1.0,4.5,1.5,5.0,1.0,20.0,22.5,20.0,22.5,,1.5,4.5,1.0,5.0,1.0,5.0,3.0,,87.5,84.375,,,,2.5,2.5,1.0,2.0,,,25.0,25.0,,,,8.0,,,1.0,1.5,1.0,1.0,1.0,,2.0,,,1.0,0.0,1.0,0.0,0.0,0.0,,,,,,,0.0,0.0,0.0,0.0,0.0,1.0,0.0,0.0,0.0,0.0,4.0,8.5,,,,,9.0,5.0,6.0,,,,,,,,,,,,,,,,,,,,,,,,,,,,,,,1.0,5.0,3.0,3.0,3.0,1.0,5.0,3.0,3.0,1.0,5.0,2.0,4.0,3.0,2.0,4.0,1.0,5.0
TKM_26032023_L1,Turkmenistan,TKM,2023.0,2023-03-26,Legislative,4.0,,7,7,0,3,,3,5,0,,24.489796,24.489796,25.504032,25.403225,19.091434,23.101852,27.916668,9.375001,15.972222,16.944445,15.260416,29.6875,6.4814825,15.885417,1.3333334,,5.0,1.0,5.0,1.0,5.0,1.0,3.0,1.5,1.0,2.25,0.0,0.0,13.392858,13.392858,,1.75,2.0,1.75,2.0,21.875,21.875,21.875,21.875,,4.0,2.0,4.0,2.0,2.0,25.0,25.0,25.0,25.0,,4.5,1.5,4.5,1.5,4.5,1.5,4.0,2.0,12.5,12.5,15.625,15.625,,5.0,1.0,3.3333333,2.6666667,4.5,1.5,4.0,2.0,1.3333334,2.0,4.0,27.5,27.5,32.142857,31.547619,,1.0,5.0,1.0,1.6666666,1.3333334,1.6666666,3.0,3.0,1.0,8.333333,8.333333,8.928572,13.095238,,1.3333334,1.3333334,1.3333334,3.5,2.5,4.5,1.5,5.0,1.0,17.5,15.0,8.333333,12.5,,1.0,5.0,3.6666667,2.3333333,4.3333335,1.3333334,2.0,3.6666667,2.0,4.0,2.0,1.0,4.0,2.0,41.666668,52.77778,30.0,34.166668,,1.3333334,3.3333333,1.6666666,4.6666665,1.3333334,4.6666665,1.3333334,20.0,20.0,20.0,20.0,,1.3333334,4.6666665,1.3333334,4.6666665,1.0,5.0,2.3333333,1.3333334,79.166664,79.166664,65.0,65.0,,1.0,1.3333334,1.0,1.0,2.0,4.0,2.0833333,2.0833335,16.666666,16.666666,,7.6666665,,,1.3333334,1.6666666,1.6666666,2.3333333,1.3333334,,,,,1.0,,1.0,,,,,,,,,,0.0,0.0,0.0,0.0,0.0,0.75,0.0,0.0,0.0,,3.3333333,9.0,,,,,1.0,2.3333333,1.3333334,,,,,,,,,,,,,,,,,,,,,,,,,,,,,,,,,,,,,,,,,,,,,,,,
UGA_18022016_P1,Uganda,UGA,2016.0,2016-02-18,Presidential,12.0,,6,5,0,1,1848.7867,1,1,0,,36.148518,36.47959,,,36.914677,31.972855,21.10743,50.473484,44.10494,38.620514,32.491318,26.909723,51.5625,43.51852,3.4166667,,3.5,2.5,4.0,2.0,3.5833333,2.4166667,,,,,32.63889,32.63889,,,,1.8333334,3.3333333,2.3333333,2.1666667,35.416668,35.416668,35.416668,35.416668,,3.7777777,2.2222223,4.0,2.0,2.0,26.851852,26.851852,26.851852,26.851852,,3.8181818,2.1818182,3.7272727,2.2727273,3.4444444,2.5555556,,,34.25926,33.417507,,,,3.1666667,2.8333333,3.6666667,3.75,2.8333333,3.1666667,4.0833335,1.9166666,,,,51.666668,51.666668,,,,2.8333333,4.090909,1.9090909,2.0,3.0,3.6666667,,,,41.0,42.045456,,,,1.9090909,1.4166666,1.4166666,4.1666665,1.8333334,4.6666665,1.3333334,3.9166667,2.0833333,15.454545,14.545455,17.80303,16.635101,,4.181818,1.8181819,4.3,1.7,2.9166667,3.6666667,2.625,1.1666666,1.125,,,,,,25.0,32.888256,,,,2.5454545,4.0,2.6666667,2.4,3.6,2.5555556,3.4444444,56.666668,56.28283,56.666668,56.28283,,4.4166665,1.5833334,3.25,2.75,2.6666667,3.3333333,2.9166667,,41.145832,41.145832,,,,1.8333334,3.75,2.5833333,2.3333333,,,40.625,40.625,,,,8.5,,,5.75,4.3333335,3.5,3.6666667,3.5,,,,,2.8181818,0.16666667,0.8333333,0.16666667,0.0,0.083333336,,,,,,,0.0,0.0,0.0,0.0,0.16666667,0.0,0.0,0.0,0.0,0.41666666,3.909091,6.8333335,,5.3333335,8.333333,8.666667,,,,,2.3333333,4.1666665,4.1666665,3.25,1.8333334,4.5,4.5,4.5833335,4.5833335,,,,,,,,,,,,,,,,,,,,,,,,,,,,,,,,,,,,,,
UGA_14012021_P1,Uganda,UGA,2021.0,2021-01-14,Presidential,3.0,,6,5,0,1,2397.761004793073,1,1,0,,,,,,22.743055,31.25,19.791666,21.875,18.055557,31.111113,42.5,21.875,21.875,19.444445,1.5,,3.6666667,2.3333333,3.3333333,2.6666667,3.6666667,2.3333333,,,,,36.11111,36.11111,,,,1.6666666,4.0,1.6666666,1.6666666,31.25,31.25,31.25,31.25,,2.0,4.0,2.0,4.0,3.0,66.666664,66.666664,66.666664,66.666664,,4.5,1.5,4.5,1.5,5.0,1.0,,,0.0,8.333333,,,,5.0,1.0,3.0,3.0,3.0,3.0,3.0,3.0,,,,40.0,40.0,,,,2.0,4.5,1.5,1.5,4.0,4.0,,,,40.0,40.0,,,,2.5,1.0,1.0,4.0,2.0,5.0,1.0,4.5,1.5,12.5,12.5,12.5,12.5,,4.5,1.5,5.0,1.0,3.0,2.0,,,2.0,,,,,,,,,,,1.5,4.0,1.5,4.5,1.5,4.5,1.5,25.0,25.0,25.0,25.0,,3.5,2.5,4.5,1.5,4.5,1.5,1.5,,18.75,18.75,,,,1.5,4.0,3.0,1.5,,,37.5,37.5,,,,8.5,,,4.0,2.0,4.0,3.0,3.0,,,,,2.0,0.0,0.6666667,0.0,0.0,0.0,,,,,,,0.0,0.33333334,0.0,0.0,0.33333334,0.33333334,0.0,0.0,0.0,0.33333334,3.0,6.0,,,,,10.0,6.0,1.0,,,,,,,,,,,,,,,,,,,,,,,,,,,,,,,,,,,,,,,,,,,,,,,,
UKR_28102012_L1,Ukraine,UKR,2012.0,2012-10-28,Legislative,14.0,,4,3,1,2,8475.4717,4,5,0,,38.635483,35.544216,,,43.922466,30.787546,51.209553,50.240383,43.45238,43.79278,30.528275,50.29762,50.892857,43.45238,,,3.2142856,2.7857144,4.071429,1.9285715,3.2142856,2.7857144,,,,,37.5,37.5,,,,2.5714285,3.4285715,2.142857,2.642857,42.410713,42.410713,42.410713,42.410713,,3.5,2.5,3.4444444,2.5555556,2.8,38.88889,40.462963,38.88889,40.462963,,3.9166667,2.0833333,3.75,2.25,3.5833333,2.4166667,,,31.060606,31.25,,,,4.071429,1.9285715,3.1538463,3.2307692,3.8333333,2.1666667,3.2857144,2.7142856,,,,41.25,40.970695,,,,2.1538463,3.6153846,2.3846154,2.0,2.3846154,3.7857144,,,,38.46154,38.543957,,,,2.25,2.1666667,1.5384616,4.1538463,1.8461539,4.285714,1.7142857,,,23.125,22.577839,,,,2.75,3.25,4.1538463,1.8461539,3.7857144,3.75,3.5,3.6923077,1.6666666,,,,,,53.333332,57.60073,,,,2.7142856,2.0714285,2.0,2.9285715,3.0714285,3.0714285,2.9285715,38.92857,38.92857,38.92857,38.92857,,4.142857,1.8571428,3.857143,2.142857,2.357143,3.642857,2.7142856,,39.732143,39.732143,,,,1.7857143,3.642857,2.5714285,2.2142856,,,38.839287,38.839287,,,,8.5,,,3.2142856,3.5,4.214286,4.5,3.7142856,,,,,2.8461537,0.071428575,0.78571427,0.071428575,0.0,0.0,,,,,,,0.0,0.0,0.0,0.0,0.42857143,0.5,0.071428575,0.0,0.0,0.5714286,5.071429,7.785714,,,,,,,,,,,,,,,,,,,,,,,,,,,,,,,,,,,,,,,,,,,,,,,,,,,,,,,
UKR_26102014_L1,Ukraine,UKR,2014.0,2014-10-26,Legislative,13.0,,4,3,1,2,8683.6406,4,5,0,,50.360287,43.239796,,,54.31288,44.53882,53.375095,53.846153,65.491455,54.728233,45.56891,53.685898,53.846153,65.811966,6.076923,,2.9230769,3.0769231,2.6923077,3.3076923,2.3076923,3.6923077,,,,,58.974358,58.974358,,,,3.4615386,3.8461537,3.2307692,3.7692308,64.42308,64.42308,64.42308,64.42308,,3.0,3.0,2.7,3.3,3.0,50.925926,52.5,50.925926,52.5,,4.0,2.0,3.0769231,2.9230769,2.6153846,3.3846154,,,43.055553,44.23077,,,,3.2307692,2.7692308,3.8461537,3.5384614,3.1538463,2.8461537,3.3076923,2.6923077,,,,53.46154,53.46154,,,,2.7692308,3.3846154,2.6153846,2.7692308,3.0,3.6666667,,,,50.0,49.102566,,,,2.8,2.5555556,1.8333334,3.6923077,2.3076923,3.6666667,2.3333333,,,31.25,34.149574,,,,3.2307692,2.7692308,3.7692308,2.2307692,3.3333333,3.6153846,3.3636363,4.0,1.3333334,,,,,,59.090908,55.468143,,,,3.6666667,3.3846154,3.2727273,2.1666667,3.8333333,2.2307692,3.7692308,67.5,64.632866,67.5,64.632866,,2.8461537,3.1538463,2.3846154,3.6153846,1.6153846,4.3846154,3.5,,68.229164,66.58654,,,,2.9230769,3.9230769,3.1666667,3.3076923,,,57.8125,58.253204,,,,8.307693,,,2.3846154,3.9230769,4.0,5.3076925,4.6153846,,,,,3.0,0.15384616,0.9230769,0.15384616,0.0,0.0,,,,,,,0.0,0.0,0.0,0.0,0.53846157,0.3846154,0.15384616,0.0,0.15384616,0.84615386,5.3076925,8.615385,,4.769231,7.0,6.8461537,,,,,,,,,,,,,,,,,,,,,,,,,,,,,,,,,,,,,,,,,,,,,,,,,,,
UKR_25052014_P1,Ukraine,UKR,2014.0,2014-05-25,Presidential,13.0,,4,3,1,2,8683.6406,4,5,0,,55.717434,61.22449,,,60.508114,54.92258,56.10917,64.42308,66.57764,60.705795,56.81891,55.128204,64.42308,66.45299,7.769231,,2.4444444,3.5555556,2.0,4.0,2.0769231,3.9230769,,,,,67.59259,70.65527,,,,3.4615386,4.1538463,3.7692308,3.8461537,70.19231,70.19231,70.19231,70.19231,,2.7142856,3.2857144,2.375,3.625,3.0,58.333332,57.589287,58.333332,57.589287,,4.0,2.0,3.4166667,2.5833333,2.7,3.3,,,38.333332,40.694443,,,,2.1538463,3.8461537,3.6153846,3.9230769,3.0,3.0,2.9166667,3.0833333,,,,59.545456,62.339745,,,,2.9230769,2.3076923,3.6923077,3.1538463,3.0,3.5833333,,,,55.833332,56.76282,,,,2.8,2.5,1.8333334,2.5833333,3.4166667,3.4,2.6,,,40.0,40.75,,,,3.1538463,2.8461537,2.6363637,3.3636363,2.8461537,3.8461537,3.0833333,4.0,1.5454545,,,,,,58.333332,58.27263,,,,3.8461537,4.230769,4.076923,2.6153846,3.3846154,2.5384614,3.4615386,70.0,70.0,70.0,70.0,,2.0,4.0,1.6153846,4.3846154,1.5384616,4.4615383,3.6666667,,75.0,78.205124,,,,3.7692308,4.076923,3.5833333,3.7692308,,,68.229164,69.99199,,,,8.923077,,,3.0,5.5384617,3.8461537,6.3076925,5.8461537,,,,,3.0,0.30769232,0.7692308,0.07692308,0.07692308,0.0,,,,,,,0.0,0.0,0.15384616,0.07692308,0.61538464,0.3846154,0.07692308,0.0,0.07692308,0.9230769,5.5384617,8.384615,,5.4615383,6.6923075,7.6153846,,,,,,,,,,,,,,,,,,,,,,,,,,,,,,,,,,,,,,,,,,,,,,,,,,,
UKR_21042019_P2,Ukraine,UKR,2019.0,2019-04-21,Presidential,10.0,,3,3,1,2,13345.3828125,4,5,0,,52.15791,56.802723,,,54.19155,47.4375,51.898148,54.375,63.055557,54.78125,49.125,52.569443,54.375,63.055557,6.5,,2.3,3.7,2.2,3.8,2.8,3.2,,,,,64.166664,64.166664,,,,3.5,3.9,3.3,3.8,65.625,65.625,65.625,65.625,,2.6666667,3.3333333,2.5,3.5,3.1666667,58.333332,58.333332,58.333332,58.333332,,4.111111,1.8888888,3.4444444,2.5555556,2.7142856,3.2857144,,,42.857143,39.41799,,,,2.5,3.5,3.7,3.7,3.375,2.625,3.1,2.9,,,,52.5,57.125,,,,2.4,2.9,3.1,2.6,2.3,4.0,,,,46.666668,47.0,,,,2.25,2.8,1.6,3.5,2.5,3.9,2.1,3.2,2.8,28.125,31.25,30.729166,33.541668,,2.1,3.9,3.6666667,2.3333333,3.2,3.6,3.2222223,3.5,1.375,,,,,,60.9375,57.314816,,,,3.625,3.5,3.4,2.3,3.7,2.5,3.5,60.625,63.625,60.625,63.625,,2.9,3.1,2.4,3.6,2.0,4.0,3.3,,62.5,62.5,,,,2.9,3.7,3.2,3.4,,,57.5,57.5,,,,8.8,,,2.6,3.7,3.9,5.9,5.6,,,,,1.2,0.0,1.0,0.1,0.0,0.1,,,,,,,0.0,0.0,0.0,0.1,0.5,0.5,0.0,0.0,0.0,0.8,4.8,8.3,,,,,9.0,5.4,2.7,,,,,,,,,,,,,,,3.5,3.5,3.7,3.7,3.0,3.4,3.4,3.6,2.5714285,2.5714285,3.5,2.3,3.3,3.3,3.7777777,3.7777777,,,,,,,,,,,,,,,,,,
GBR_07052015_L1,United Kingdom,GBR,2015.0,2015-05-07,Legislative,10.0,,1,1,2,4,41767.289,4,6,1,,60.964455,41.32653,,,66.95052,56.320602,77.15278,49.375,84.953705,67.59462,56.072918,79.375,49.375,85.55556,8.222222,,4.2,1.8,3.6,2.4,2.7777777,3.2222223,,,,,37.037037,36.851852,,,,4.2,4.3,4.5,4.6,85.0,85.0,85.0,85.0,,4.111111,1.8888888,3.125,2.875,3.25,41.666668,41.782406,41.666668,41.782406,,3.5,2.5,2.6666667,3.3333333,2.0,4.0,,,60.416668,56.944443,,,,1.5555556,4.4444447,3.1,3.0,2.5,3.5,2.0,4.0,,,,66.666664,65.22222,,,,1.5,2.8,3.2,3.2,2.1,2.5,,,,31.25,37.5,,,,3.5,2.5555556,3.5,3.0,3.0,2.0,4.0,,,54.166668,57.77778,,,,1.6,4.4,2.142857,3.857143,4.4,3.6,4.0,4.571429,1.25,,,,,,68.75,78.45238,,,,4.3,4.6666665,4.5,1.8,4.2,1.6666666,4.3333335,81.0,85.0,81.0,85.0,,1.9,4.1,3.3333333,2.6666667,1.4444444,4.5555553,4.3333335,,71.875,72.84722,,,,4.2222223,3.75,4.25,4.3333335,,,78.125,78.47222,,,,8.555555,,,7.888889,5.6666665,6.4444447,6.6666665,8.111111,,,,,2.5555556,0.0,0.8,0.1,0.0,0.0,,,,,,,0.0,0.0,0.0,0.0,0.4,0.0,0.0,0.0,0.0,0.4,3.5555556,8.222222,,4.888889,8.444445,9.222222,,,,,,,,,,,,,,,,,,,,,,,,,,,,,,,,,,,,,,,,,,,,,,,,,,,
GBR_08062017_L1,United Kingdom,GBR,2017.0,2017-06-08,Legislative,43.0,,1,1,2,4,42608.918,4,6,1,,65.54018,66.954475,,,70.866905,61.05138,73.46577,64.68023,84.27025,71.12262,60.83091,73.74031,64.68023,85.23902,8.55814,,3.860465,2.139535,3.372093,2.627907,2.5581396,3.4418604,,,,,43.41085,43.41085,,,,4.2325583,4.3488374,4.6904764,4.6976743,87.5,87.30966,87.5,87.30966,,3.6,2.4,2.7,3.3,3.4146342,51.495728,50.955284,51.495728,50.955284,,4.075,1.925,3.3947368,2.6052632,2.7,3.3,,,41.666668,40.252193,,,,1.5476191,4.452381,3.5348837,3.4186046,2.0238094,3.9761906,1.6190476,4.3809524,,,,74.0,73.81506,,,,2.0,2.5813954,3.4186046,3.7441862,2.7674417,2.7,,,,46.333332,48.15116,,,,3.4054055,2.3414633,2.9512196,2.860465,3.139535,2.55,3.45,1.525,4.475,53.28125,51.438114,58.75,57.34426,,1.45,4.55,2.4054055,3.5945945,4.5348835,4.4651165,4.5151515,4.214286,1.2631578,,,,,,83.47222,82.808464,,,,4.6744184,4.7906976,4.6976743,1.4814814,4.5185184,1.3666667,4.633333,93.26923,91.57321,93.26923,91.57321,,1.5853659,4.414634,2.5897436,3.4102564,1.2682927,4.731707,3.967742,,78.57143,78.27712,,,,4.5348835,4.139535,4.189189,4.3488374,,,84.12162,82.57778,,,,9.325582,,,8.209302,5.837209,6.976744,6.976744,8.488372,,,,,2.8837209,0.069767445,0.9767442,0.0,0.0,0.046511628,,,,,,,0.0,0.0,0.0,0.0,0.7209302,0.25581396,0.023255814,0.0,0.0,0.76744187,3.5581396,8.4651165,,,,,9.116279,4.976744,2.2093024,,,,,4.5,,,,,,53.930233,34.744186,2.9534883,3.0232558,4.5116277,4.5116277,,,,,,,,,,,,,,,,,,,,,,,,,,,,,,,,
GBR_12122019_L1,United Kingdom,GBR,2019.0,2019-12-12,Legislative,7.0,,1,1,2,4,49041.46354754509,4,6,0,,70.759636,80.61224,,,75.182045,65.718254,76.683205,72.32143,86.005295,75.02976,64.702385,76.78571,72.32143,86.309525,8.571428,,3.142857,2.857143,3.6666667,2.3333333,2.0,4.0,,,,,52.77778,51.587303,,,,4.571429,4.428571,4.714286,4.571429,89.28571,89.28571,89.28571,89.28571,,3.1666667,2.8333333,2.5,3.5,3.1666667,54.166668,54.166668,54.166668,54.166668,,3.1666667,2.8333333,2.6666667,3.3333333,1.8,4.2,,,65.0,61.38889,,,,1.4285715,4.571429,3.0,3.0,1.8,4.2,1.5,4.5,,,,75.0,71.35714,,,,2.7142856,2.0,4.0,3.7142856,3.4285715,2.2,,,,52.0,55.285713,,,,4.3333335,3.2,3.2,2.5714285,3.4285715,1.8,4.2,1.4285715,4.571429,78.333336,66.809525,81.94444,70.55556,,1.4285715,4.571429,1.3333334,4.6666665,4.428571,4.428571,3.8,4.0,1.2,,,,,,83.333336,82.89683,,,,4.571429,4.142857,4.571429,1.6666666,4.3333335,1.5714285,4.428571,83.333336,85.2381,83.333336,85.2381,,1.7142857,4.285714,1.8333334,4.1666665,1.2857143,4.714286,4.4,,85.0,84.791664,,,,4.571429,4.3333335,4.285714,4.428571,,,85.416664,85.11905,,,,8.0,,,8.714286,5.714286,7.142857,6.6666665,9.142858,,,,,1.2857143,0.0,1.0,0.0,0.0,0.0,,,,,,,0.0,0.0,0.0,0.0,0.5714286,0.42857143,0.0,0.0,0.0,0.5714286,3.7142856,7.1666665,,,,,9.285714,4.857143,2.2857144,,,,,,,,,,,,,,,2.0,2.0,2.142857,2.142857,3.142857,2.6,2.6,3.6666667,1.5,1.5,3.857143,3.6666667,2.8333333,2.8333333,3.6666667,3.6666667,,,,,,,,,,,,,,,,,,
GBR_04072024_L1,United Kingdom,GBR,2024.0,2024-07-04,Legislative,11.0,,1,1,2,4,54542.0,4,6,1,,69.90068,,66.70802,,63.739372,67.22727,56.040043,60.511364,71.1788,63.73264,66.540405,56.098484,60.98485,71.306816,8.272727,,3.1818182,2.8181818,2.7272727,3.2727273,3.2727273,2.7272727,3.2727273,2.5,2.7,3.090909,48.484848,48.484848,46.42857,47.792206,,4.3636365,4.3636365,4.5454545,4.5454545,86.36364,86.36364,86.36364,86.36364,,2.2727273,3.7272727,1.9090909,4.090909,3.909091,72.72727,72.72727,72.72727,72.72727,,3.8181818,2.1818182,2.9,3.1,1.8,4.2,3.909091,2.090909,58.333332,54.015152,53.75,47.329544,,1.6363636,4.3636365,4.090909,4.0,2.2,3.8,1.5454545,4.4545455,3.1818182,3.3636363,2.6363637,78.0,78.545456,69.28571,69.74026,,2.8181818,2.4545455,3.5454545,4.2,3.090909,2.25,3.125,2.875,2.909091,53.75,54.522728,46.428574,52.459415,,3.0,2.5454545,3.6666667,2.8,3.2,2.2,3.8,1.3636364,4.6363635,58.57143,56.060604,64.88095,61.868687,,1.6,4.4,1.5714285,4.428571,3.8181818,4.2727275,4.0,4.4545455,1.5555556,4.2,1.8,2.1818182,4.0,2.0,80.208336,80.725105,57.5,53.38961,,4.4545455,4.3636365,4.4545455,1.25,4.75,1.3333334,4.6666665,87.5,88.44697,87.5,88.44697,,1.3636364,4.6363635,1.6,4.4,1.2,4.8,4.0,3.4444444,86.458336,86.47727,77.5,81.40404,,4.7272725,4.4545455,3.8888888,4.3636365,1.8888888,4.111111,84.02778,83.964645,84.28571,82.72727,,9.272727,2.0,,8.272727,7.090909,7.7272725,6.8,8.909091,,0.0,0.0,0.0,1.2727273,1.0,1.0,1.0,,1.0,6.0,4.5454545,0.09090909,5.0,1.0,4.6363635,0.0,0.0,0.0,0.0,0.8181818,0.09090909,0.0,0.0,0.0,1.0,4.0,8.2,,5.6,4.5454545,1.2,,,,,,,,,,,,,,,,,,,,,,,,,,,,,,,,,,,,,,,,,,,,,,,,,,,
USA_06112012_P1,United States,USA,2012.0,2012-11-06,Presidential,15.0,,1,1,2,4,51450.121,2,9,1,,60.72718,58.333332,,,68.42208,54.71154,69.598976,72.083336,77.294464,68.27952,54.09028,69.44444,72.083336,77.5,,,3.8666666,2.1333334,3.3333333,2.6666667,3.2,2.8,,,,,38.333332,38.333332,,,,3.6,3.8,3.8,4.0666666,70.416664,70.416664,70.416664,70.416664,,4.2,1.8,4.4666667,1.5333333,1.6,16.11111,16.11111,16.11111,16.11111,,4.076923,1.9230769,3.3846154,2.6153846,2.8461537,3.1538463,,,39.583332,39.102566,,,,1.9333333,4.0666666,3.7333333,3.2,1.6,4.4,1.5,4.5,,,,76.07143,74.5,,,,3.5333333,2.0,4.0,3.4666667,3.6666667,3.0769231,,,,64.61539,63.71795,,,,2.5384614,2.6,2.4666667,3.4666667,2.5333333,2.3846154,3.6153846,,,43.75,43.76923,,,,1.5333333,4.4666667,2.357143,3.642857,3.3333333,4.0,4.25,4.266667,1.7777778,,,,,,74.242424,74.83135,,,,4.4,4.6,4.6666665,2.1,3.9,1.7692307,4.230769,82.0,83.98718,82.0,83.98718,,1.7333333,4.266667,1.75,4.25,1.2142857,4.785714,4.142857,,83.333336,84.03274,,,,3.6666667,4.0666666,4.0666666,4.133333,,,74.583336,74.583336,,,,9.230769,,,7.6666665,7.6,5.733333,7.4,7.5333333,,,,,2.857143,0.0,1.0,0.06666667,0.06666667,0.13333334,,,,,,,0.0,0.0,0.0,0.0,0.8,0.2,0.0,0.0,0.0,0.8666667,3.3846154,7.8,,,,,,,,,,,,,,,,,,,,,,,,,,,,,,,,,,,,,,,,,,,,,,,,,,,,,,,
USA_04112014_L1,United States,USA,2014.0,2014-11-04,Legislative,9.0,,1,1,2,4,54598.551,2,9,1,,59.73032,58.928574,,,67.7857,57.22222,65.893684,70.138885,77.88801,67.78935,57.268517,66.89815,70.138885,76.85185,8.0,,3.8888888,2.1111112,3.5555556,2.4444444,3.8888888,2.1111112,,,,,30.555555,30.555555,,,,4.111111,3.7777777,3.7777777,4.3333335,75.0,75.0,75.0,75.0,,4.4444447,1.5555556,4.5555553,1.4444444,1.3333334,11.111111,11.111111,11.111111,11.111111,,4.625,1.375,3.857143,2.142857,2.4285715,3.5714285,,,34.52381,34.07738,,,,1.6666666,4.3333335,4.0,3.75,2.0,4.0,1.2222222,4.7777777,,,,78.125,79.30556,,,,3.6666667,2.0,4.0,4.0,4.0,3.1111112,,,,66.875,68.888885,,,,3.375,2.4444444,3.0,4.0,2.0,2.4444444,3.5555556,,,49.375,46.875,,,,1.8888888,4.111111,2.1111112,3.8888888,3.4444444,3.7777777,4.2222223,4.111111,1.7777778,,,,,,73.14815,73.14815,,,,4.4444447,4.6666665,4.5555553,2.5714285,3.4285715,2.6666667,3.3333333,78.57143,77.14286,78.57143,77.14286,,2.8888888,3.1111112,1.7777778,4.2222223,1.3333334,4.6666665,4.5,,78.90625,78.125,,,,3.7777777,4.111111,3.7777777,3.8888888,,,72.22222,72.22222,,,,9.444445,,,7.5555553,7.6666665,5.2222223,6.4444447,6.7777777,,,,,2.75,0.11111111,1.0,0.0,0.0,0.11111111,,,,,,,0.0,0.0,0.0,0.11111111,0.8888889,0.11111111,0.0,0.0,0.11111111,1.0,3.3333333,7.5555553,,5.7777777,7.3333335,5.6666665,,,,,,,,,,,,,,,,,,,,,,,,,,,,,,,,,,,,,,,,,,,,,,,,,,,
USA_08112016_P1,United States,USA,2016.0,2016-11-08,Presidential,10.0,,1,1,2,4,57466.789,2,9,1,,56.228943,54.84694,,,68.97298,60.257275,68.82137,71.875,74.93827,68.60156,58.572918,67.986115,71.875,75.97222,6.6,,3.8888888,2.1111112,3.1,2.9,3.6,2.4,,,,,32.407406,36.75926,,,,3.5,4.0,3.9,4.1,72.22222,71.875,72.22222,71.875,,4.2,1.8,4.6,1.4,1.7,15.833333,15.833333,15.833333,15.833333,,4.2222223,1.7777778,3.1,2.9,2.625,3.375,,,41.666664,42.10648,,,,2.1111112,3.8888888,3.8,4.0,1.3333334,4.6666665,1.0,5.0,,,,81.25,81.77778,,,,2.3,2.0,4.0,3.2,2.5,2.2,,,,46.0,46.0,,,,3.1111112,3.2,3.0,3.0,3.0,2.2857144,3.7142856,1.125,4.875,54.285713,55.126984,63.333332,62.084988,,2.5555556,3.4444444,2.3333333,3.6666667,3.2,4.6,4.375,4.2,2.0,,,,,,72.916664,72.858795,,,,4.3,4.0,4.4,2.8333333,3.1666667,2.2,3.8,75.0,73.333336,75.0,73.333336,,3.9,2.1,4.5,1.5,2.5,3.5,4.2,,45.625,45.625,,,,3.4,3.7,4.111111,4.1,,,70.138885,70.69444,,,,9.3,,,8.0,7.2,5.2,7.2,7.4,,,,,2.5,0.0,0.8,0.2,0.1,0.1,,,,,,,0.0,0.0,0.0,0.0,0.8,0.0,0.0,0.0,0.0,0.8,3.8,6.8,,6.5,8.2,8.6,,,,,4.5,2.9,2.9,4.5,3.7,11.1,11.1,12.3,12.3,,,,,,,,,,,,,,,,,,,,,,,,,,,,,,,,,,,,,,
USA_06112018_L1,United States,USA,2018.0,2018-11-06,Legislative,40.0,,2,1,2,4,59532.0,2,9,1,,63.199135,63.456635,,,69.65097,60.9079,71.73479,64.76401,81.19719,68.89041,59.849827,71.5625,64.53125,80.78704,6.15,,3.1794872,2.8205128,3.2564104,2.7435896,2.6666667,3.3333333,,,,,49.145298,49.145298,,,,3.875,4.025,4.361111,4.4871793,80.208336,79.67682,80.208336,79.67682,,3.5384614,2.4615386,3.4736843,2.5263157,2.4102564,36.842106,36.65092,36.842106,36.65092,,3.7777777,2.2222223,3.2258065,2.7741935,2.2222223,3.7777777,,,51.136364,48.11828,,,,1.9117647,4.0882354,3.9473684,3.9736843,2.3888888,3.6111112,1.6060606,4.3939395,,,,75.5,75.07169,,,,3.5945945,2.3823528,3.6176472,3.7272727,3.7105262,2.7692308,,,,61.904762,62.09636,,,,3.375,3.3157895,2.935484,3.0263157,2.9736843,2.5,3.5,,,49.705883,55.49979,,,,1.7222222,4.2777777,2.0285714,3.9714286,3.675,3.575,3.96875,4.3235292,1.625,,,,,,74.833336,74.13119,,,,4.1714287,3.6666667,4.2222223,1.7272727,4.2727275,1.7727273,4.2272725,82.72727,77.80159,82.72727,77.80159,,2.7894738,3.2105262,2.3611112,3.6388888,1.4324324,4.5675673,4.129032,,72.09821,72.16259,,,,3.9230769,3.85,3.8823528,3.85,,,72.79412,71.908936,,,,8.342105,,,6.725,5.225,4.4054055,,6.325,,,,,1.175,0.2,0.95,0.1,0.025,0.1,,,,,,,0.025,0.0,0.0,0.025,0.9,0.075,0.0,0.0,0.075,1.0,3.3589745,8.0,,5.65,6.1,7.125,,,,,,,,,,,,,,,,,,,,,,,,,,,,,,,,,,,,,,,,,,,,,,,,,,,
USA_03112020_P1,United States,USA,2020.0,2020-11-03,Presidential,5.0,,2,2,2,4,63027.67952671527,2,9,1,,55.187073,50.0,,,64.01852,51.65278,62.291668,75.83333,66.296295,63.78472,53.75,62.083332,73.75,65.55556,8.0,,3.4,2.6,2.4,3.6,3.2,2.8,,,,,50.0,50.0,,,,4.4,4.4,4.4,4.8,87.5,87.5,87.5,87.5,,4.4,1.6,4.0,2.0,1.6,18.333332,18.333332,18.333332,18.333332,,4.6666665,1.3333334,3.75,2.25,2.75,3.25,,,27.777777,31.944445,,,,2.2,3.8,3.0,2.8,1.8,4.2,1.8,4.2,,,,65.0,65.0,,,,3.0,2.2,3.8,3.2,3.8,2.6,,,,56.25,57.0,,,,2.25,2.4,2.0,3.2,2.8,2.6666667,3.3333333,1.8,4.2,31.666666,38.916668,38.88889,45.76389,,2.4,3.6,2.25,3.75,3.25,4.6666665,3.6666667,4.0,3.0,,,,,,66.666664,70.55556,,,,4.75,3.8,4.6,2.3333333,3.6666667,2.0,4.0,80.0,79.083336,80.0,79.083336,,5.0,1.0,3.4,2.6,4.2,1.8,2.2,,22.5,22.5,,,,4.4,4.2,4.2,4.8,,,85.0,85.0,,,,9.0,,,7.6,6.75,6.0,7.2,8.8,,,,,2.2,0.2,1.0,0.2,0.0,0.0,,,,,,,0.0,0.0,0.0,0.0,0.8,0.4,0.0,0.0,0.0,0.6,3.4,8.25,,,,,9.2,7.0,4.2,,,,,,,,,,,,,,,,,,,,,,,,,,,,,,,,,,,,,,,,,,,,,,,,
USA_08112022_L1,United States,USA,2022.0,2022-11-08,Legislative,7.0,,2,2,2,4,69287.53658795197,2,9,1,,58.339005,54.2517,,,70.40956,56.416668,71.17064,69.19643,84.85449,70.51836,58.065475,70.43651,67.85714,85.71429,7.714286,,4.142857,1.8571428,3.857143,2.142857,3.4285715,2.5714285,,,,,29.761904,29.761904,,,,4.428571,4.142857,4.285714,4.714286,84.82143,84.82143,84.82143,84.82143,,4.428571,1.5714285,4.285714,1.7142857,2.0,19.047619,19.047619,19.047619,19.047619,,4.142857,1.8571428,2.6,3.4,1.8,4.2,,,50.0,53.809525,,,,1.4285715,4.571429,4.571429,4.0,2.142857,3.857143,1.4285715,4.571429,,,,82.85714,82.85714,,,,3.5714285,2.5,3.5,3.0,2.857143,1.6,,,,53.75,47.642857,,,,2.6,2.6,2.2,2.4285715,3.5714285,2.6,3.4,1.4285715,4.571429,47.5,46.857143,53.125,53.92857,,2.142857,3.857143,2.142857,3.857143,3.142857,4.0,3.6666667,4.428571,2.6,,,,,,68.75,70.63492,,,,4.285714,3.4285715,4.142857,2.5,3.5,1.6666666,4.3333335,66.25,73.45238,66.25,73.45238,,3.857143,2.142857,2.5714285,3.4285715,1.3333334,4.6666665,4.571429,,70.833336,67.559525,,,,3.5714285,4.428571,3.857143,4.142857,,,75.0,75.0,,,,9.285714,,,6.714286,6.1666665,5.6666665,6.714286,8.0,,1.4285715,,,1.2857143,0.0,1.0,0.14285715,0.0,0.0,,,,,,,0.0,0.0,0.14285715,0.0,0.5714286,0.42857143,0.0,0.0,0.0,0.5714286,4.142857,8.166667,,,,,8.714286,5.571429,2.7142856,,,,,,,,,,,,,,,,,,,,,,,,,,,,,,,2.0,4.0,3.142857,2.0,4.0,2.142857,3.857143,2.5714285,3.4285715,1.5714285,4.428571,1.8571428,4.142857,3.4285715,2.25,3.75,1.8,4.2
USA_05112024_P1,United States,USA,2024.0,2024-11-05,Presidential,31.0,,2,2,2,4,74578.0,2,9,1,,57.444195,54.209183,54.385952,53.93145,53.97421,49.42301,49.239147,49.178616,68.05606,53.787243,49.058018,48.72984,48.969532,68.39158,7.354839,,3.7333333,2.2666667,3.2,2.8,3.2580645,2.7419355,3.1724138,2.48,2.2666667,2.580645,40.27778,40.071686,41.220238,40.386883,,3.967742,3.8064516,4.0,4.16129,74.59677,74.59677,74.59677,74.59677,,4.451613,1.548387,4.129032,1.8709677,1.6666666,16.11111,17.383512,16.11111,17.383512,,3.8275862,2.1724138,2.8076923,3.1923077,2.3076923,3.6923077,4.448276,1.5517242,51.449276,50.475243,42.119564,41.304707,,2.5185184,3.4814816,3.6451614,3.586207,1.9,4.1,1.5,4.5,2.6206896,3.9310346,2.0689654,74.03846,71.56425,62.42857,60.723232,,2.1666667,2.3666666,3.6333334,3.0689654,2.7741935,2.1923077,4.4666667,1.5333333,2.6333334,42.8,44.177334,37.732918,39.293335,,2.52,2.6296296,2.4285715,3.612903,2.387097,2.925926,3.074074,2.0689654,3.9310346,37.857143,40.19686,42.65873,45.710026,,2.6666667,3.3333333,2.142857,3.857143,3.4333334,3.8064516,4.142857,4.233333,1.84,4.193548,1.8064516,2.3703704,3.142857,2.857143,72.36842,70.02688,49.0625,49.60104,,4.419355,4.0,4.451613,2.0,4.0,1.8333334,4.1666665,78.888885,80.18817,78.888885,80.18817,,2.310345,3.689655,2.689655,3.310345,1.6451613,4.354839,4.12,3.909091,70.38043,71.71774,72.35294,71.91965,,3.7,3.8275862,3.7096775,4.0,3.5357144,2.4642856,70.25862,70.232895,64.03846,63.507748,,9.366667,1.3,,5.419355,4.9310346,4.7391305,6.6,7.419355,,0.0,0.0,0.0,1.3870968,1.0,1.0,1.0,,1.0,6.0,3.892857,0.37931034,5.0,1.0,4.290323,0.0,0.0,0.0,0.06451613,0.8064516,0.19354838,0.0,0.0,0.0,1.0,3.3548386,7.866667,,4.322581,5.483871,2.1612904,,,,,,,,,,,,,,,,,,,,,,,,,,,,,,,,,,,,,,,,,,,,,,,,,,,
URY_30112014_P2,Uruguay,URY,2014.0,2014-11-30,Presidential,16.0,,1,1,2,3,20886.275,2,9,0,,74.35069,,,,74.43371,71.723,57.4991,77.34375,91.16898,76.87826,72.8776,64.97396,77.34375,92.31771,9.375,,1.5,4.5,1.3125,4.6875,1.3125,4.6875,,,,,89.88095,90.625,,,,4.866667,4.5,4.928571,4.9333334,95.08929,95.17857,95.08929,95.17857,,1.3333334,4.6666665,1.3333334,4.6666665,4.5,90.27778,90.27778,90.27778,90.27778,,1.8333334,4.1666665,1.5714285,4.428571,1.3636364,4.6363635,,,90.833336,85.26334,,,,1.125,4.875,3.142857,3.4615386,3.0,3.0,1.3333334,4.6666665,,,,71.818184,70.73031,,,,3.625,1.875,4.125,3.7333333,3.8125,2.142857,,,,57.857143,62.19345,,,,4.3076925,3.0833333,2.2307692,1.8666667,4.133333,2.9285715,3.0714285,,,56.666668,59.132782,,,,1.125,4.875,1.2857143,4.714286,4.25,4.3125,2.909091,1.1666666,1.0909091,,,,,,69.64285,67.61476,,,,4.6875,4.0,4.75,1.0666667,4.9333334,1.0625,4.9375,91.0,91.541664,91.0,91.541664,,1.125,4.875,1.0666667,4.9333334,1.0625,4.9375,4.3,,93.125,94.03646,,,,4.625,4.125,4.25,4.375,,,83.59375,83.59375,,,,8.866667,,,7.3846154,8.076923,8.0,5.1875,8.8125,,,,,2.875,0.1875,0.75,0.0625,0.0625,0.0625,,,,,,,0.0,0.0,0.0,0.0,0.375,0.4375,0.0,0.0,0.0,0.75,3.6875,8.6875,,4.875,8.0,8.0625,,,,,,,,,,,,,,,,,,,,,,,,,,,,,,,,,,,,,,,,,,,,,,,,,,,
URY_27102019_L1,Uruguay,URY,2019.0,2019-10-27,Legislative,17.0,,1,1,2,4,24004.821142448694,2,9,0,,82.0773,85.71429,,,83.347046,79.63794,67.99502,87.63021,98.125,85.19097,79.93873,75.776146,87.5,98.039215,9.8125,,1.1764706,4.8235292,1.1764706,4.8235292,1.0,5.0,,,,,97.05882,97.05882,,,,4.882353,4.9411764,5.0,5.0,98.89706,98.89706,98.89706,98.89706,,1.5,4.5,1.25,4.75,4.2222223,87.5,87.26852,87.5,87.26852,,1.2142857,4.785714,1.3125,4.6875,1.1875,4.8125,,,95.2381,94.047615,,,,1.125,4.875,3.8125,3.9166667,2.1333334,3.8666666,1.0625,4.9375,,,,80.0,82.041664,,,,3.9375,1.6666666,4.3333335,3.6875,3.9375,1.5,,,,52.5,61.979168,,,,4.4666667,3.4166667,2.9285715,1.6666666,4.3333335,2.142857,3.857143,1.0625,4.9375,68.181816,70.0119,73.106064,74.749504,,1.0625,4.9375,1.125,4.875,4.625,4.875,3.6,1.8181819,1.0,,,,,,76.190475,78.04451,,,,4.9375,4.5625,5.0,1.0,5.0,1.0,5.0,97.69231,97.5,97.69231,97.5,,1.2,4.8,1.75,4.25,1.0,5.0,4.9,,91.07143,93.4375,,,,4.9375,4.5,4.625,4.9375,,,93.75,93.75,,,,9.1875,,,8.5625,7.875,8.375,5.6875,9.25,,,,,1.4,0.11764706,0.9411765,0.0,0.05882353,0.1764706,,,,,,,0.0,0.0,0.0,0.0,0.4117647,0.5294118,0.0,0.0,0.0,0.7058824,3.5,8.75,,,,,9.6875,6.8125,2.875,,,,,,,,,,,,,,,2.2666667,2.2666667,2.375,2.375,4.4,3.1875,3.1875,4.3333335,3.0,3.0,3.357143,4.0,2.5,2.5,3.4615386,3.4615386,,,,,,,,,,,,,,,,,,
URY_24112019_P2,Uruguay,URY,2019.0,2019-11-24,Presidential,3.0,,1,1,2,4,24004.821142448694,2,9,1,,72.0238,,,,68.177086,68.888885,58.680553,72.916664,72.22222,72.11227,68.888885,67.013885,72.916664,79.62963,9.666667,,2.0,4.0,1.3333334,4.6666665,1.3333334,4.6666665,,,,,86.111115,86.111115,,,,4.3333335,4.3333335,5.0,5.0,91.666664,91.666664,91.666664,91.666664,,1.6666666,4.3333335,1.6666666,4.3333335,3.0,72.22222,72.22222,72.22222,72.22222,,1.3333334,4.6666665,1.0,5.0,1.0,5.0,,,100.0,97.22222,,,,1.0,5.0,3.6666667,3.6666667,3.0,3.0,1.3333334,4.6666665,,,,75.0,75.0,,,,3.3333333,3.0,3.0,3.0,3.3333333,2.0,,,,42.5,48.333332,,,,3.6666667,2.3333333,2.6666667,2.3333333,3.6666667,2.3333333,3.6666667,1.6666666,4.3333335,55.0,55.0,59.72222,59.72222,,1.0,5.0,1.3333334,4.6666665,4.3333335,4.6666665,3.5,1.0,1.0,,,,,,75.0,71.52778,,,,4.6666665,4.6666665,4.6666665,2.6666667,3.3333333,2.6666667,3.3333333,78.333336,78.333336,78.333336,78.333336,,1.3333334,4.6666665,1.3333334,4.6666665,1.0,5.0,3.0,,75.0,83.333336,,,,4.6666665,4.3333335,4.3333335,4.6666665,,,87.5,87.5,,,,9.333333,,,8.333333,6.6666665,7.6666665,5.3333335,9.333333,,,,,1.0,0.0,1.0,0.0,0.0,0.0,,,,,,,0.0,0.0,0.0,0.0,0.33333334,0.6666667,0.0,0.0,0.0,0.6666667,3.3333333,8.666667,,,,,10.0,6.0,1.6666666,,,,,,,,,,,,,,,3.0,3.0,3.3333333,3.3333333,4.0,3.3333333,3.3333333,4.0,2.3333333,2.3333333,4.0,3.0,3.3333333,3.3333333,3.0,3.0,,,,,,,,,,,,,,,,,,
URY_24112024_P2,Uruguay,URY,2024.0,2024-11-24,Presidential,9.0,,1,1,2,4,31019.0,3,5,0,,80.59099,,83.12452,,78.59995,76.983574,76.22354,67.234344,93.95833,79.266014,74.99228,80.84491,66.358025,94.86883,9.333333,,1.4285715,4.571429,1.125,4.875,1.0,5.0,5.0,4.8,5.0,4.7777777,95.2381,95.3869,97.61905,96.51502,,5.0,5.0,4.888889,5.0,99.30556,99.30556,99.30556,99.30556,,1.0,5.0,1.0,5.0,5.0,100.0,100.0,100.0,100.0,,2.0,4.0,1.2857143,4.714286,1.3333334,4.6666665,1.5555556,4.4444447,97.916664,86.507935,98.4375,86.40873,,1.0,5.0,3.1111112,3.375,2.0,4.0,1.1111112,4.888889,4.4444447,1.75,4.25,78.125,76.875,81.12245,78.81944,,3.8888888,3.0,3.0,3.4444444,3.7777777,2.0,3.142857,2.857143,3.4444444,55.0,55.555557,55.714287,55.045353,,4.5555553,3.25,2.1111112,1.8888888,4.111111,2.4444444,3.5555556,1.7777778,4.2222223,63.75,62.916668,66.666664,65.85648,,1.125,4.875,1.125,4.875,4.4444447,4.375,4.0,2.0,1.0,1.2857143,4.714286,2.0,1.6666666,4.3333335,76.04167,77.37269,58.75,64.042656,,5.0,5.0,5.0,1.0,5.0,1.125,4.875,100.0,99.375,100.0,99.375,,1.0,5.0,1.125,4.875,1.0,5.0,4.2,4.6666665,95.0,94.21875,94.0,93.70833,,4.7777777,4.7777777,4.5555553,4.7777777,1.0,5.0,93.05556,93.05556,94.44444,94.44444,,9.666667,1.2222222,,8.888889,7.7777777,8.444445,5.5555553,9.444445,,0.0,0.0,0.0,1.1111112,1.0,1.0,1.0,,1.0,5.4444447,3.3333333,0.22222222,5.0,1.0,4.111111,0.0,0.0,0.0,0.0,0.33333334,0.5555556,0.0,0.0,0.11111111,1.0,3.5555556,8.888889,,1.7777778,6.2222223,2.3333333,,,,,,,,,,,,,,,,,,,,,,,,,,,,,,,,,,,,,,,,,,,,,,,,,,,
UZB_29032015_P1,Uzbekistan,UZB,2015.0,2015-03-29,Presidential,12.0,,7,7,0,2,6069.21,3,5,0,,37.788345,,,,35.302185,26.467577,51.441498,18.75,44.549664,35.411602,27.699652,51.21528,18.75,43.981483,2.9166667,,4.090909,1.9090909,4.1666665,1.8333334,3.5,2.5,,,,,28.787878,27.0202,,,,3.2727273,3.0,1.9090909,3.6666667,48.863636,49.053032,48.863636,49.053032,,3.142857,2.857143,3.875,2.125,2.25,32.142857,35.267857,32.142857,35.267857,,3.7777777,2.2222223,3.5555556,2.4444444,3.75,2.25,,,29.166666,32.63889,,,,4.1666665,1.8333334,3.0,2.25,4.2727275,1.7272727,3.8333333,2.1666667,,,,31.5,29.886364,,,,1.8333334,4.3333335,1.6666666,2.0833333,1.75,2.3333333,,,,27.777779,23.333334,,,,2.0833333,1.375,1.6,3.6,2.4,4.090909,1.9090909,,,11.428572,21.837122,,,,2.0,4.0,4.0,2.0,3.6363637,1.75,3.5,3.2222223,2.4285715,,,,,,46.875,50.452442,,,,2.7,3.75,2.4444444,3.5454545,2.4545455,3.0,3.0,47.5,46.74495,47.5,46.74495,,1.6666666,4.3333335,1.75,4.25,1.6666666,4.3333335,2.2222223,,65.27778,69.61806,,,,2.0,3.0,1.9166666,2.9,,,34.72222,36.354168,,,,7.9166665,,,3.0833333,4.0,3.1666667,4.3333335,3.3333333,,,,,2.6666667,0.083333336,0.8333333,0.083333336,0.0,0.0,,,,,,,0.083333336,0.0,0.0,0.083333336,0.0,0.0,0.0,0.0,0.0,0.16666667,5.0,8.5,,4.1666665,6.5833335,7.3333335,,,,,,,,,,,,,,,,,,,,,,,,,,,,,,,,,,,,,,,,,,,,,,,,,,,
UZB_04012015_L2,Uzbekistan,UZB,2015.0,2015-01-04,Legislative,4.0,,7,7,0,2,6069.21,3,5,0,,36.876415,36.734695,,,27.552082,25.659723,49.65278,14.0625,20.833334,27.838541,23.072918,53.385418,14.0625,20.833334,1.75,,3.5,2.5,4.75,1.25,4.0,2.0,,,,,22.916668,22.916668,,,,4.0,3.75,2.25,2.5,53.125,53.125,53.125,53.125,,2.0,4.0,2.6666667,3.3333333,3.3333333,75.0,63.88889,75.0,63.88889,,3.5,2.5,3.5,2.5,3.5,2.5,,,37.5,37.5,,,,4.75,1.25,3.0,2.5,3.6666667,2.3333333,4.75,1.25,,,,30.0,26.666666,,,,2.5,4.75,1.25,1.5,1.5,2.5,,,,21.25,21.25,,,,1.3333334,1.3333334,1.5,3.3333333,2.6666667,4.25,1.75,,,18.333334,17.916668,,,,2.6666667,3.3333333,4.3333335,1.6666666,4.0,1.25,3.5,3.3333333,2.0,,,,,,50.0,46.180557,,,,2.6666667,4.5,1.6666666,4.25,1.75,4.0,2.0,50.0,37.916668,50.0,37.916668,,1.3333334,4.6666665,1.5,4.5,1.25,4.75,1.25,,72.916664,69.791664,,,,1.25,2.0,1.5,1.75,,,15.625,15.625,,,,7.75,,,2.0,3.5,3.25,4.5,3.0,,,,,3.0,0.25,1.0,0.0,0.25,0.0,,,,,,,0.0,0.0,0.0,0.0,0.0,0.0,0.0,0.0,0.0,0.0,4.25,8.5,,4.5,8.25,8.0,,,,,,,,,,,,,,,,,,,,,,,,,,,,,,,,,,,,,,,,,,,,,,,,,,,
UZB_04122016_P1,Uzbekistan,UZB,2016.0,2016-12-04,Presidential,6.0,,7,7,0,2,6514.3262,3,5,0,,36.30102,,,,30.747107,19.527779,52.32639,9.375,41.75926,30.122974,21.649305,52.199074,9.375,37.268517,2.0,,4.0,2.0,4.5,1.5,3.5,2.5,,,,,25.0,25.0,,,,3.6666667,4.1666665,2.1666667,3.1666667,57.291668,57.291668,57.291668,57.291668,,3.0,3.0,5.0,1.0,3.0,33.333332,33.333332,33.333332,33.333332,,3.5,2.5,3.5,2.5,3.3333333,2.6666667,,,41.666668,38.88889,,,,4.8333335,1.1666666,2.3333333,2.0,4.6666665,1.3333334,3.8,2.2,,,,21.0,20.166666,,,,1.3333334,4.1666665,1.8333334,2.0,1.6,1.2,,,,8.333333,14.833333,,,,2.0,1.5,1.25,3.6666667,2.3333333,4.6666665,1.3333334,2.25,3.75,25.0,17.083334,31.25,25.694445,,2.2,3.8,4.4,1.6,4.0,1.1666666,3.25,3.1666667,1.25,,,,,,47.22222,45.76389,,,,2.6666667,4.3333335,2.0,4.0,2.0,3.8,2.2,43.333332,41.0,43.333332,41.0,,1.2,4.8,1.25,4.75,1.0,5.0,3.0,,75.0,84.6875,,,,1.3333334,3.5,1.3333334,2.5,,,26.5625,29.166666,,,,6.8333335,,,1.5,2.8333333,1.6666666,2.5,1.3333334,,,,,2.6666667,0.0,0.8333333,0.0,0.0,0.0,,,,,,,0.0,0.0,0.0,0.0,0.0,0.0,0.0,0.0,0.0,0.0,4.0,8.666667,,3.3333333,6.5,6.6666665,,,,,1.8333334,3.0,3.0,50.666668,1.0,50.666668,50.666668,34.833332,34.833332,,,,,,,,,,,,,,,,,,,,,,,,,,,,,,,,,,,,,,
UZB_24102021_P1,Uzbekistan,UZB,2021.0,2021-10-24,Presidential,3.0,,7,6,0,2,8497.448307511615,3,5,0,,55.612244,55.612244,,,47.199074,40.069447,58.21759,35.416668,55.092594,45.78125,37.291668,57.63889,35.416668,52.77778,3.6666667,,4.0,2.0,3.3333333,2.6666667,3.6666667,2.3333333,,,,,33.333332,33.333332,,,,4.5,3.3333333,2.3333333,3.3333333,59.375,59.375,59.375,59.375,,4.0,2.0,3.5,2.5,4.0,45.833332,45.833332,45.833332,45.833332,,4.0,2.0,3.0,3.0,3.0,3.0,,,25.0,41.666668,,,,4.6666665,1.3333334,3.6666667,3.3333333,3.5,2.5,4.3333335,1.6666666,,,,40.0,37.5,,,,2.3333333,4.0,2.0,2.6666667,2.6666667,3.0,,,,42.5,38.333332,,,,4.0,3.0,3.0,2.3333333,3.6666667,3.6666667,2.3333333,2.5,3.5,75.0,55.0,75.0,56.25,,3.0,3.0,3.6666667,2.3333333,3.6666667,2.6666667,3.5,4.0,2.0,,,,,,60.416664,54.86111,,,,3.5,4.0,4.0,2.5,3.5,2.0,4.0,60.0,70.0,60.0,70.0,,2.6666667,3.3333333,2.0,4.0,2.0,4.0,3.0,,43.75,64.583336,,,,2.6666667,4.0,2.3333333,3.5,,,59.375,53.125,,,,7.0,,,3.6666667,5.3333335,4.3333335,5.3333335,4.3333335,,,,,1.3333334,0.0,1.0,0.33333334,0.0,0.0,,,,,,,0.0,0.33333334,0.0,0.0,0.0,0.6666667,0.0,0.0,0.0,0.33333334,5.3333335,6.0,,,,,6.0,4.6666665,3.3333333,,,,,,,,,,,,,,,,,,,,,,,,,,,,,,,,,,,,,,,,,,,,,,,,
UZB_09072023_P1,Uzbekistan,UZB,2023.0,2023-07-09,Presidential,4.0,,7,6,0,2,8448.0,3,5,0,,58.418365,67.34694,53.192204,69.354836,51.498844,43.63426,61.145836,44.270832,56.944443,51.184895,37.82986,66.041664,44.90741,54.166668,4.0,,2.6666667,3.3333333,3.5,2.5,3.5,2.5,3.5,3.25,4.5,3.75,52.77778,44.444443,60.714283,58.333332,,2.75,3.75,2.5,3.25,51.5625,51.5625,51.5625,51.5625,,3.0,3.0,3.0,3.0,2.0,47.22222,41.666664,47.22222,41.666664,,3.3333333,2.6666667,3.0,3.0,3.3333333,2.6666667,2.3333333,3.6666667,44.444443,44.444443,50.0,50.0,,3.6666667,2.3333333,3.3333333,3.6666667,4.0,2.0,3.0,3.0,2.6666667,3.0,3.0,46.666668,46.666668,46.428574,46.428574,,3.0,3.3333333,2.6666667,3.0,4.0,2.3333333,2.5,3.5,3.0,67.5,50.0,71.42857,51.785713,,2.6666667,2.0,1.6666666,2.6666667,3.3333333,3.3333333,2.6666667,3.0,3.0,32.5,36.666668,62.5,38.88889,,3.0,3.0,3.0,3.0,4.0,2.3333333,3.0,4.0,3.0,3.0,3.0,2.6666667,3.0,3.0,58.333336,55.555557,47.5,45.0,,3.5,4.3333335,4.3333335,2.6666667,3.3333333,3.0,3.0,70.0,67.5,70.0,67.5,,2.3333333,3.6666667,2.0,4.0,2.3333333,3.6666667,4.0,3.0,59.375,70.833336,62.5,66.666664,,2.6666667,3.3333333,3.0,4.0,2.3333333,3.6666667,71.875,56.25,67.5,58.333332,,6.0,,,4.0,3.6666667,3.3333333,3.3333333,3.3333333,,0.0,0.0,0.0,1.0,,1.0,,,,,,,,,,0.0,0.25,0.25,0.0,0.0,0.25,0.0,0.0,0.0,1.0,4.0,8.666667,,,,,4.0,5.6666665,4.0,,,,,,,,,,,,,,,,,,,,,,,,,,,,,,,,,,,,,,,,,,,,,,,,
UZB_27102024_L1,Uzbekistan,UZB,2024.0,2024-10-27,Legislative,3.0,,7,6,0,2,10008.0,2,9,0,,52.55102,56.632652,54.905914,58.467743,50.787037,48.24074,61.38889,43.518517,50.0,50.338543,47.89352,60.868053,42.59259,50.0,3.6666667,,2.6666667,3.3333333,3.0,3.0,3.0,3.0,3.0,2.6666667,3.3333333,3.6666667,52.777775,52.777775,53.571426,53.571426,,3.6666667,4.0,3.3333333,3.6666667,66.666664,66.666664,66.666664,66.666664,,2.3333333,3.6666667,2.6666667,3.3333333,3.3333333,61.11111,61.11111,61.11111,61.11111,,2.5,3.5,2.5,3.5,2.5,3.5,2.6666667,3.3333333,62.5,62.5,59.375,61.458332,,3.3333333,2.6666667,3.6666667,4.0,3.6666667,2.3333333,3.6666667,2.3333333,2.6666667,3.0,3.0,50.0,50.0,48.809525,48.809525,,3.6666667,4.0,2.0,3.3333333,3.3333333,3.3333333,3.0,3.0,3.0,53.333332,53.333332,58.928574,52.38095,,3.0,3.0,2.3333333,3.0,3.0,4.3333335,1.6666666,2.3333333,3.6666667,45.0,40.0,47.916664,44.444443,,2.0,4.0,2.0,4.0,3.3333333,2.3333333,3.5,3.3333333,3.0,3.0,3.0,3.5,2.6666667,3.3333333,62.5,60.416668,51.25,50.833332,,3.6666667,3.6666667,2.6666667,3.3333333,2.6666667,3.3333333,2.6666667,51.666668,51.666668,51.666668,51.666668,,2.6666667,3.3333333,2.3333333,3.6666667,2.3333333,3.6666667,3.0,3.0,60.416668,60.416668,58.333332,58.333332,,2.6666667,3.6666667,2.6666667,3.0,2.0,4.0,50.0,50.0,55.0,55.0,,5.6666665,3.0,,3.3333333,4.0,3.3333333,4.3333335,3.3333333,,0.0,0.0,0.0,1.6666666,,1.0,1.0,,,5.6666665,3.6666667,0.0,4.6666665,1.0,4.6666665,0.33333334,0.33333334,0.0,0.33333334,0.0,0.33333334,0.0,0.0,0.0,1.0,5.0,6.6666665,,3.3333333,5.0,3.0,,,,,,,,,,,,,,,,,,,,,,,,,,,,,,,,,,,,,,,,,,,,,,,,,,,
VUT_22012016_L1,Vanuatu,VUT,2016.0,2016-01-22,Legislative,8.0,,2,2,2,2,3081.3723,5,3,0,,60.516277,62.7551,,,67.42299,60.40377,53.162205,79.6875,76.43849,67.88086,61.367188,53.73264,79.6875,76.736115,7.125,,1.75,4.25,1.875,4.125,2.375,3.625,,,,,75.0,75.0,,,,3.625,3.5,4.0,3.875,68.75,68.75,68.75,68.75,,2.8,3.2,2.6,3.4,3.6,60.0,60.0,60.0,60.0,,4.375,1.625,4.125,1.875,3.4285715,2.5714285,,,27.380953,25.595238,,,,1.875,4.125,3.125,4.0,2.25,3.75,1.625,4.375,,,,71.875,71.875,,,,3.75,2.0,4.0,3.375,3.875,3.8333333,,,,70.0,69.166664,,,,3.5,3.1666667,1.75,3.2857144,2.7142856,3.6,2.4,2.75,3.25,42.5,42.654762,43.75,44.920635,,1.875,4.125,3.142857,2.857143,3.875,4.5,3.0,3.375,1.6666666,,,,,,61.805557,65.5506,,,,4.0,2.875,3.875,1.625,4.375,1.625,4.375,72.5,72.5,72.5,72.5,,3.375,2.625,1.8571428,4.142857,1.25,4.75,4.0,,71.42857,71.98661,,,,4.25,4.125,4.142857,4.0,,,76.78571,78.23661,,,,8.875,,,8.375,5.5,5.75,5.5,7.5,,,,,2.5,0.125,0.75,0.25,0.25,0.0,,,,,,,0.0,0.0,0.0,0.0,0.25,0.0,0.0,0.0,0.0,0.25,4.125,9.125,,5.625,7.0,8.25,,,,,3.75,14.0,14.0,4.25,4.0,15.5,15.5,3.625,3.625,,,,,,,,,,,,,,,,,,,,,,,,,,,,,,,,,,,,,,
VUT_19032020_L1,Vanuatu,VUT,2020.0,2020-03-19,Legislative,5.0,,2,2,2,2,3036.1167672719757,5,3,0,,58.262474,,,,61.270836,59.666668,43.333332,65.0,77.083336,61.77257,60.354168,44.51389,65.0,77.22222,7.6,,1.8,4.2,1.8,4.2,1.6,4.4,,,,,81.666664,81.666664,,,,4.2,3.8,4.0,4.2,76.25,76.25,76.25,76.25,,2.3333333,3.6666667,2.0,4.0,3.6666667,69.44444,69.44444,69.44444,69.44444,,4.0,2.0,3.8,2.2,2.6666667,3.3333333,,,47.22222,37.77778,,,,2.4,3.6,3.4,3.6,2.75,3.25,2.0,4.0,,,,67.5,64.25,,,,3.8,2.6,3.4,3.6,3.6,3.4,,,,64.0,64.0,,,,2.5,2.4,2.25,3.0,3.0,3.0,3.0,3.2,2.8,42.5,40.75,43.75,41.458332,,2.2,3.8,3.4,2.6,4.0,3.6,3.0,2.3333333,2.0,,,,,,59.72222,55.555553,,,,4.0,3.4,3.8,2.25,3.75,2.0,4.0,68.75,69.75,68.75,69.75,,3.0,3.0,2.0,4.0,1.6,4.4,4.2,,72.5,72.5,,,,3.8,3.8,3.8,3.8,,,70.0,70.0,,,,8.0,,,8.2,6.2,6.2,6.25,7.6,,,,,1.8,0.4,1.0,0.2,0.2,0.0,,,,,,,0.2,0.0,0.0,0.0,0.0,0.6,0.0,0.0,0.2,0.4,4.2,8.4,,,,,8.6,7.0,3.2,,,,,,,,,,,,,,,,,,,,,,,,,,,,,,,,,,,,,,,,,,,,,,,,
VUT_13102022_L1,Vanuatu,VUT,2022.0,2022-10-13,Legislative,2.0,,2,2,2,2,3057.411399940678,5,3,0,,,,,,61.5625,55.625,36.458336,75.0,79.16667,62.083336,55.625,38.541668,75.0,79.16667,8.5,,2.0,4.0,2.0,4.0,2.0,4.0,,,,,75.0,75.0,,,,4.0,4.0,4.0,4.0,75.0,75.0,75.0,75.0,,2.5,3.5,2.5,3.5,2.5,54.166664,54.166664,54.166664,54.166664,,4.5,1.5,4.0,2.0,3.5,2.5,,,25.0,25.0,,,,2.0,4.0,3.0,4.5,2.5,3.5,2.5,3.5,,,,67.5,67.5,,,,4.0,2.0,4.0,3.5,4.0,4.0,,,,72.5,72.5,,,,2.5,2.0,2.0,4.0,2.0,3.0,3.0,4.5,1.5,32.5,32.5,29.166666,29.166666,,2.0,4.0,2.5,3.5,4.0,4.0,2.0,2.0,2.0,,,,,,54.166668,56.25,,,,4.0,4.0,4.0,2.0,4.0,2.0,4.0,75.0,75.0,75.0,75.0,,4.0,2.0,2.0,4.0,1.5,4.5,4.5,,68.75,68.75,,,,4.0,4.0,,4.0,,,,,,,,7.0,,,7.5,7.0,7.0,7.0,7.5,,1.5,,,2.0,0.5,1.0,0.0,0.5,0.0,,,,,,,0.0,0.0,0.0,0.0,0.5,0.5,0.0,0.0,0.0,0.5,4.0,8.5,,,,,7.0,7.0,3.0,,,,,,,,,,,,,,,,,,,,,,,,,,,,,,,3.0,3.0,4.0,2.0,4.0,2.0,4.0,2.0,4.0,2.0,4.0,2.0,4.0,3.0,2.5,3.5,2.5,3.5
VEN_07102012_P1,Venezuela,VEN,2012.0,2012-10-07,Presidential,11.0,,5,5,1,3,18004.465,2,9,0,,51.811756,,,,54.418297,44.318813,64.47811,53.977272,54.89899,55.2107,44.327652,66.85606,53.977272,55.68182,,,3.1818182,2.8181818,3.3636363,2.6363637,2.7272727,3.2727273,,,,,47.727272,47.727272,,,,3.6363637,4.3636365,2.6363637,3.1818182,61.363636,61.363636,61.363636,61.363636,,2.875,3.125,3.375,2.625,2.875,44.04762,46.875,44.04762,46.875,,2.5,3.5,2.6363637,3.3636363,3.375,2.625,,,46.875,54.071968,,,,1.9090909,4.090909,4.3636365,4.6,3.3636363,2.6363637,3.090909,2.909091,,,,69.5,68.0,,,,2.090909,4.0,2.0,1.8181819,1.9090909,2.8888888,,,,26.666666,28.535353,,,,1.2,1.6666666,1.3,2.6666667,3.3333333,4.2,1.8,,,23.125,21.5,,,,2.6,3.4,2.8888888,3.1111112,4.3636365,4.2727275,3.5,3.8,1.6666666,,,,,,44.444447,68.53114,,,,4.1,4.6363635,3.9,3.2,2.8,2.9,3.1,71.25,67.681816,71.25,67.681816,,1.4545455,4.5454545,2.1818182,3.8181818,1.2727273,4.7272725,3.5,,82.03125,78.693184,,,,1.9090909,4.3636365,2.8181818,2.8181818,,,49.43182,49.43182,,,,8.727273,,,3.1818182,3.7272727,3.7272727,3.909091,4.090909,,,,,2.909091,0.0,1.0,0.09090909,0.0,0.09090909,,,,,,,0.0,0.0,0.0,0.09090909,0.27272728,0.72727275,0.0,0.0,0.0,0.27272728,4.6,7.7,,,,,,,,,,,,,,,,,,,,,,,,,,,,,,,,,,,,,,,,,,,,,,,,,,,,,,,
VEN_14042013_P1,Venezuela,VEN,2013.0,2013-04-14,Presidential,14.0,,5,5,1,3,18281.193,2,9,0,,35.972404,25.0,,,46.12304,40.931553,50.703465,50.0,42.857143,46.532738,41.934525,51.339287,50.0,42.857143,3.1111112,,3.9285715,2.0714285,3.7857144,2.2142856,3.2857144,2.7142856,,,,,33.333332,33.333332,,,,2.357143,3.142857,2.142857,2.2857144,37.05357,37.05357,37.05357,37.05357,,3.3636363,2.6363637,3.4,2.6,2.2727273,37.5,37.575756,37.5,37.575756,,3.0,3.0,3.2857144,2.7142856,3.5714285,2.4285715,,,43.055557,42.857143,,,,2.7692308,3.2307692,3.9285715,4.076923,3.0,3.0,3.6153846,2.3846154,,,,58.846153,58.104397,,,,2.2857144,4.0,2.0,2.357143,2.2142856,3.7692308,,,,35.384617,38.131866,,,,1.1818181,1.6666666,1.6153846,2.357143,3.642857,4.714286,1.2857143,,,17.5,21.962204,,,,3.7142856,2.2857144,3.5714285,2.4285715,4.285714,3.857143,2.909091,3.5,1.3,,,,,,55.303032,55.275974,,,,3.0714285,2.642857,2.3076923,3.7142856,2.2857144,3.642857,2.357143,34.615383,38.324177,34.615383,38.324177,,4.285714,1.7142857,3.0714285,2.9285715,4.214286,1.7857143,3.5714285,,37.5,37.5,,,,1.8571428,2.857143,2.2142856,1.9230769,,,27.403847,30.322802,,,,9.428572,,,2.5833333,2.5833333,2.5833333,3.2857144,3.142857,,,,,2.8888888,0.14285715,0.85714287,0.071428575,0.0,0.071428575,,,,,,,0.0,0.0,0.071428575,0.071428575,0.2857143,0.42857143,0.0,0.0,0.0,0.71428573,4.928571,8.785714,,4.3333335,4.111111,5.5555553,,,,,,,,,,,,,,,,,,,,,,,,,,,,,,,,,,,,,,,,,,,,,,,,,,,
VEN_06122015_L1,Venezuela,VEN,2015.0,2015-12-06,Legislative,22.0,,5,5,1,3,18281.193,2,9,0,,40.32943,40.612244,,,44.435074,34.667015,41.583683,51.988636,49.50096,45.443104,34.455494,45.454544,51.988636,49.873737,5.0454545,,4.090909,1.9090909,3.7727273,2.2272727,3.2272727,2.7727273,,,,,32.575756,32.575756,,,,3.090909,3.5,2.3181818,3.0,49.43182,49.43182,49.43182,49.43182,,3.55,2.45,3.5,2.5,2.15,34.166668,34.166668,34.166668,34.166668,,3.05,2.95,3.35,2.65,3.5714285,2.4285715,,,41.666668,41.904762,,,,3.909091,2.090909,3.7727273,3.6818182,2.590909,3.409091,3.7727273,2.2272727,,,,50.909092,50.909092,,,,1.8636364,4.181818,1.8181819,1.4545455,1.9090909,3.4210527,,,,28.68421,27.332537,,,,1.3684211,1.7777778,1.3809524,2.5,3.5,4.5454545,1.4545455,,,23.125,22.408484,,,,3.3,2.7,3.4736843,2.5263157,3.9545455,4.318182,2.7222223,2.3076923,1.1666666,,,,,,51.38889,52.20399,,,,3.9545455,2.2272727,3.9545455,3.952381,2.047619,3.3636363,2.6363637,47.38095,49.10173,47.38095,49.10173,,3.3809524,2.6190476,2.0,4.0,1.5714285,4.428571,3.3181818,,65.0,64.786255,,,,1.9090909,3.090909,3.1818182,2.2272727,,,40.05682,40.05682,,,,9.590909,,,2.8181818,2.7727273,4.7272725,3.590909,3.6363637,,,,,2.85,0.045454547,1.0,0.045454547,0.0,0.0,,,,,,,0.0,0.045454547,0.045454547,0.045454547,0.4090909,0.0,0.0,0.0,0.0,0.6818182,4.3636365,8.954545,,4.818182,6.8636365,7.818182,,,,,,,,,,,,,,,,,,,,,,,,,,,,,,,,,,,,,,,,,,,,,,,,,,,
VEN_20052018_P1,Venezuela,VEN,2018.0,2018-05-20,Presidential,17.0,,6,5,0,3,18281.193359375,2,9,0,,25.4423,25.0,,,21.859035,20.265152,30.246971,24.080883,12.843138,21.704453,19.987745,30.433006,23.897058,12.5,1.5882353,,4.1875,1.8125,4.7647057,1.2352941,4.5882354,1.4117647,,,,,12.5,12.16299,,,,1.1764706,2.8823528,1.2941177,1.2352941,16.17647,16.17647,16.17647,16.17647,,4.181818,1.8181819,4.181818,1.8181819,2.1818182,23.484848,23.484848,23.484848,23.484848,,4.3125,1.6875,4.2941175,1.7058823,3.8461537,2.1538463,,,19.230768,21.226904,,,,4.7647057,1.2352941,3.235294,3.1176472,4.1875,1.8125,4.529412,1.4705882,,,,30.3125,29.356617,,,,1.6470588,4.2941175,1.7058823,1.4117647,2.0,3.8823528,,,,28.235294,28.235294,,,,1.1333333,1.3571428,1.3529412,2.9375,3.0625,4.7647057,1.2352941,4.529412,1.4705882,16.071428,15.706058,15.773809,15.049166,,4.125,1.875,4.5333333,1.4666667,4.0588236,2.25,2.4,2.5625,1.4545455,,,,,,31.597221,35.88746,,,,2.5333333,2.5882354,2.2307692,4.470588,1.5294118,4.4117646,1.5882353,25.0,27.349924,25.0,27.349924,,4.3333335,1.6666666,2.6470587,3.3529413,2.0,4.0,1.6,,39.732143,41.37255,,,,1.117647,2.6470587,2.0,1.2941177,,,19.921875,19.117647,,,,9.176471,,,1.117647,1.2941177,5.0,1.5882353,1.5294118,,,,,2.75,0.11764706,0.9411765,0.23529412,0.11764706,0.1764706,,,,,,,0.0,0.0,0.0,0.0,0.11764706,0.8235294,0.0,0.05882353,0.0,0.64705884,4.5882354,8.6470585,,,,,8.6470585,4.1764708,1.3529412,,,,,,,,,,,,,,,3.4375,3.4375,2.625,2.625,2.3076923,3.0666666,3.0666666,2.7857144,2.357143,2.357143,3.0,1.9411764,3.8,3.8,4.3333335,4.3333335,,,,,,,,,,,,,,,,,,
VEN_06122020_L1,Venezuela,VEN,2020.0,2020-12-06,Legislative,5.0,,7,6,0,,,2,9,0,,26.088436,34.69388,,,19.777777,15.5,31.25,16.25,16.11111,20.211805,15.5,32.98611,16.25,16.11111,1.8,,5.0,1.0,4.8,1.2,4.6,1.4,,,,,5.0,5.0,,,,1.6,2.2,1.2,1.6,16.25,16.25,16.25,16.25,,3.2,2.8,3.4,2.6,2.4,40.0,40.0,40.0,40.0,,4.0,2.0,3.6,2.4,1.6666666,4.3333335,,,55.555553,47.77778,,,,4.8,1.2,2.2,1.8,4.4,1.6,4.6,1.4,,,,16.0,16.0,,,,2.0,3.8,2.2,1.4,2.5,3.6,,,,31.25,33.5,,,,1.2,1.2,1.2,3.6,2.4,4.8,1.2,3.8,2.2,11.0,11.0,14.166666,14.166666,,3.6,2.4,3.25,2.75,3.6,1.2,2.2,1.75,1.5,,,,,,37.5,32.916668,,,,3.4,2.4,3.2,4.8,1.2,4.6,1.4,33.0,33.0,33.0,33.0,,3.0,3.0,2.6,3.4,1.6,4.4,2.0,,56.25,55.0,,,,1.0,2.2,1.4,1.4,,,12.5,12.5,,,,8.8,,,1.4,1.4,1.6,1.6,1.6,,,,,1.0,0.2,0.8,0.2,0.0,0.0,,,,,,,0.0,0.0,0.0,0.0,0.0,1.0,0.0,0.0,0.0,0.8,4.2,8.8,,,,,9.8,5.0,1.4,,,,,,,,,,,,,,,,,,,,,,,,,,,,,,,,,,,,,,,,,,,,,,,,
VEN_28072024_P1,Venezuela,VEN,2024.0,2024-07-28,Presidential,10.0,,7,6,0,,,,,,,19.206585,22.959183,27.939867,24.596775,31.759094,24.418982,43.65906,42.916668,16.041666,31.960068,26.29861,42.583332,42.916668,16.041666,2.6,,3.9,2.1,4.3,1.7,4.1,1.9,2.5,1.5,3.4,2.3,22.5,22.5,30.0,30.0,,2.1,2.7,1.6,1.6,25.0,25.0,25.0,25.0,,4.1666665,1.8333334,4.0,2.0,1.5,19.444445,19.444445,19.444445,19.444445,,4.4444447,1.5555556,4.111111,1.8888888,3.0,3.0,4.3333335,1.6666666,35.416664,28.703703,29.6875,25.694445,,4.6,1.4,3.4,2.7,2.8,3.2,4.5555553,1.4444444,1.5,4.6,1.4,35.555557,35.72222,28.571428,28.730158,,1.8,4.2,1.8,1.6,2.0,3.5,4.3,1.7,2.5555556,28.5,28.5,26.984127,28.412699,,1.5,1.8,1.25,3.3,2.7,4.6,1.4,3.8,2.2,11.25,18.25,13.541666,20.208332,,4.125,1.875,3.125,2.875,3.0,3.7,3.6,2.1,1.5714285,2.625,3.375,2.7,3.4285715,2.5714285,61.111115,46.458336,52.5,39.49107,,2.9,1.6,1.4,4.1,1.9,3.9,2.1,24.5,24.5,24.5,24.5,,4.8,1.2,4.9,1.1,4.1,1.9,1.5,1.5,10.625,10.625,11.0,11.0,,1.4,2.4,1.9,1.7,2.7,3.3,21.25,21.25,28.5,28.5,,8.9,1.0,,2.2,1.9,2.5,2.2,2.1,,,,,1.4,1.0,1.0,,,,5.6,4.1,0.1,5.0,1.0,2.5,0.0,0.0,0.0,0.1,0.1,0.8,0.0,0.0,0.0,1.0,4.6,7.8,,3.2,5.8,1.8,,,,,,,,,,,,,,,,,,,,,,,,,,,,,,,,,,,,,,,,,,,,,,,,,,,
VNM_22052016_L1,Vietnam,VNM,2016.0,2016-05-22,Legislative,8.0,,7,5,0,2,6424.1338,3,3,0,,33.42019,34.948982,,,25.376488,22.666668,40.843254,18.75,19.246033,27.924261,19.33594,54.166664,18.75,19.444445,3.0,,4.2,1.8,5.0,1.0,4.0,2.0,,,,,18.333334,15.0,,,,3.0,3.7142856,2.125,2.0,46.875,42.745537,46.875,42.745537,,3.5,2.5,3.75,2.25,1.5,27.083332,27.083334,27.083332,27.083334,,4.0,2.0,3.6666667,2.3333333,3.6666667,2.3333333,,,30.555555,30.555553,,,,4.875,1.125,2.857143,2.7142856,3.75,2.25,4.714286,1.2857143,,,,30.0,26.160715,,,,1.375,4.625,1.375,1.4285715,2.0,2.875,,,,21.428572,20.267857,,,,1.2857143,1.5,1.5714285,3.0,3.0,3.25,2.75,2.4285715,3.5714285,32.0,25.535713,37.5,31.994047,,2.625,3.375,3.142857,2.857143,4.0,2.125,3.0,1.8,1.5,,,,,,41.666668,46.488094,,,,2.8333333,3.375,2.857143,4.5,1.5,4.285714,1.7142857,33.0,36.39881,33.0,36.39881,,3.0,3.0,2.3333333,3.6666667,1.7142857,4.285714,1.6666666,,50.0,53.86905,,,,1.625,3.0,1.7142857,3.0,,,28.125,33.370537,,,,7.375,,,3.625,3.625,4.0,4.625,3.0,,,,,2.75,0.0,1.0,0.0,0.0,0.0,,,,,,,0.0,0.0,0.0,0.0,0.375,0.0,0.0,0.0,0.0,0.5,5.125,8.125,,4.0,6.0,6.25,,,,,2.5,3.375,3.375,14.875,1.75,38.75,38.75,27.125,27.125,,,,,,,,,,,,,,,,,,,,,,,,,,,,,,,,,,,,,,
VNM_23052021_L1,Vietnam,VNM,2021.0,2021-05-23,Legislative,3.0,,7,6,0,2,11553.069924366397,3,3,0,,,,,,39.40972,42.708332,47.337963,25.0,42.59259,39.412617,41.90972,46.75926,25.0,43.98148,4.3333335,,5.0,1.0,5.0,1.0,3.3333333,2.6666667,,,,,8.333333,13.888888,,,,3.6666667,4.3333335,2.6666667,4.0,66.666664,66.666664,66.666664,66.666664,,,,4.0,2.0,2.5,,,,,,2.5,3.5,3.0,3.0,3.5,2.5,,,50.0,50.0,,,,5.0,1.0,4.0,3.6666667,3.0,3.0,4.0,2.0,,,,50.0,43.333332,,,,2.6666667,4.6666665,1.3333334,2.0,2.0,3.5,,,,30.0,32.5,,,,3.0,,4.0,1.0,5.0,2.5,3.5,2.0,4.0,,,,,,1.5,4.5,2.3333333,3.6666667,3.6666667,2.0,3.0,1.3333334,1.3333334,,,,,,54.166664,50.694443,,,,2.3333333,3.0,2.6666667,4.0,2.0,3.6666667,2.3333333,36.666668,36.666668,36.666668,36.666668,,4.0,2.0,1.5,4.5,1.5,4.5,2.0,,56.25,56.25,,,,2.0,4.0,2.0,3.0,,,43.75,43.75,,,,7.6666665,,,3.6666667,4.6666665,5.3333335,5.0,3.6666667,,,,,1.0,0.33333334,0.6666667,0.0,0.0,0.0,,,,,,,0.0,0.33333334,0.0,0.0,0.0,0.6666667,0.0,0.0,0.0,0.6666667,6.0,8.0,,,,,8.333333,5.6666665,2.3333333,,,,,,,,,,,,,,,,,,,,,,,,,,,,,,,,,,,,,,,,,,,,,,,,
ZMB_20012015_P1,Zambia,ZMB,2015.0,2015-01-20,Presidential,9.0,,3,4,1,2,3861.9893,1,1,0,,44.0543,48.214287,,,41.348022,41.109127,22.041172,43.489582,58.752205,40.26524,39.224537,27.083334,40.27778,54.475307,5.7777777,,2.7777777,3.2222223,3.2222223,2.7777777,2.6666667,3.3333333,,,,,52.77778,52.77778,,,,2.8888888,3.4444444,3.25,3.2222223,57.8125,55.03472,57.8125,55.03472,,2.3333333,3.6666667,2.2,3.8,3.8333333,70.0,69.166664,70.0,69.166664,,3.875,2.125,4.0,2.0,3.4,2.6,,,35.0,31.041666,,,,2.125,3.875,2.8888888,3.2857144,3.8888888,2.1111112,3.25,2.75,,,,50.0,49.553574,,,,1.3333334,4.125,1.875,1.7777778,2.4444444,3.5,,,,28.125,29.652779,,,,2.2857144,2.0,1.5555556,3.625,2.375,3.75,2.25,,,28.0,27.331348,,,,3.5714285,2.4285715,4.142857,1.8571428,3.3333333,3.875,1.75,1.2,1.3333334,,,,,,41.666664,35.183533,,,,3.375,3.0,3.0,2.142857,3.857143,2.4285715,3.5714285,60.0,59.017857,60.0,59.017857,,3.6666667,2.3333333,2.875,3.125,2.0,4.0,3.5,,55.208332,55.989582,,,,2.75,3.4444444,2.5555556,3.1111112,,,46.875,49.131943,,,,8.555555,,,5.888889,5.4444447,5.6666665,6.2222223,6.4444447,,,,,2.7777777,0.11111111,0.7777778,0.22222222,0.0,0.11111111,,,,,,,0.0,0.0,0.0,0.0,0.0,0.0,0.0,0.0,0.0,0.22222222,3.8888888,8.777778,,5.6666665,7.6666665,8.555555,,,,,,,,,,,,,,,,,,,,,,,,,,,,,,,,,,,,,,,,,,,,,,,,,,,
ZMB_11082016_P1,Zambia,ZMB,2016.0,2016-08-11,Presidential,12.0,,3,4,1,2,3922.3352,1,1,0,,45.41251,52.168365,,,46.94155,44.971592,40.706017,46.354168,55.73443,46.163918,45.651043,40.104168,46.354168,52.546295,4.75,,2.6666667,3.3333333,2.9166667,3.0833333,2.1666667,3.8333333,,,,,60.416668,60.416668,,,,2.5833333,3.6363637,2.75,3.0833333,51.704544,50.33144,51.704544,50.33144,,2.3333333,3.6666667,2.4444444,3.5555556,3.0,59.25926,60.185184,59.25926,60.185184,,3.5833333,2.4166667,3.1666667,2.8333333,3.2222223,2.7777777,,,44.444443,41.898148,,,,1.6363636,4.3636365,3.3333333,3.8333333,3.4444444,2.5555556,3.8333333,2.1666667,,,,57.5,56.262627,,,,1.6666666,3.9166667,2.0833333,2.3333333,2.0833333,3.3,,,,32.5,32.333332,,,,2.3,2.0,1.4,3.3333333,2.6666667,4.0,2.0,3.4166667,2.5833333,28.571428,26.833334,30.357141,28.958334,,3.7,2.3,3.5,2.5,3.3333333,3.8333333,3.4444444,2.4166667,2.1818182,,,,,,50.520832,49.282406,,,,3.2727273,2.1666667,2.7272727,2.3333333,3.6666667,2.125,3.875,58.75,53.541668,58.75,53.541668,,4.5833335,1.4166666,3.3333333,2.6666667,3.8333333,2.1666667,3.0,,32.8125,32.8125,,,,2.9166667,3.8181818,3.2727273,3.0833333,,,56.81818,56.81818,,,,8.666667,,,5.1666665,4.5833335,4.9166665,6.0,5.0833335,,,,,2.5454545,0.0,1.0,0.083333336,0.083333336,0.083333336,,,,,,,0.0,0.0,0.0,0.0,0.5,0.0,0.0,0.083333336,0.0,0.5833333,4.1666665,8.333333,,4.25,8.083333,9.083333,,,,,3.0833333,3.6666667,3.6666667,19.583334,2.6666667,19.333334,19.333334,11.833333,11.833333,,,,,,,,,,,,,,,,,,,,,,,,,,,,,,,,,,,,,,
ZMB_12082021_P1,Zambia,ZMB,2021.0,2021-08-12,Presidential,2.0,,4,4,1,2,2444.4782373025696,1,1,0,,37.755104,37.2449,,,40.01736,29.166666,23.958332,50.0,56.944443,39.67014,29.166666,22.569445,50.0,56.944443,4.5,,4.5,1.5,5.0,1.0,5.0,1.0,,,,,4.1666665,4.1666665,,,,2.0,2.5,3.0,2.5,37.5,37.5,37.5,37.5,,3.0,3.0,2.5,3.5,3.0,54.166664,54.166664,54.166664,54.166664,,4.0,2.0,4.0,2.0,4.0,2.0,,,25.0,25.0,,,,2.0,4.0,4.0,4.0,4.5,1.5,5.0,1.0,,,,47.5,47.5,,,,2.0,5.0,1.0,1.5,2.0,4.5,,,,30.0,30.0,,,,1.0,1.5,1.0,3.0,3.0,5.0,1.0,4.5,1.5,12.5,12.5,12.5,12.5,,3.5,2.5,4.0,2.0,4.0,4.5,3.5,1.0,1.0,,,,,,41.666668,47.916668,,,,3.5,2.0,3.5,1.5,4.5,1.5,4.5,65.0,65.0,65.0,65.0,,3.5,2.5,1.5,4.5,1.5,4.5,4.0,,71.875,71.875,,,,1.5,3.0,1.0,2.5,,,25.0,25.0,,,,9.0,,,4.0,6.5,4.5,7.0,4.0,,,,,1.0,0.0,0.5,0.5,0.0,0.0,,,,,,,0.0,0.0,0.0,0.5,0.0,0.5,0.0,0.0,0.0,0.0,5.0,7.0,,,,,9.5,5.5,3.0,,,,,,,,,,,,,,,,,,,,,,,,,,,,,,,,,,,,,,,,,,,,,,,,
ZWE_31072013_L1,Zimbabwe,ZWE,2013.0,2013-07-31,Legislative,13.0,,5,6,0,1,1967.4741,1,1,0,,33.79299,41.19898,,,32.201237,35.085712,20.036907,37.5,36.182335,32.763756,34.607372,21.554487,37.5,37.39316,3.6923077,,3.6923077,2.3076923,4.076923,1.9230769,4.0,2.0,,,,,26.923077,26.923077,,,,1.9230769,2.2307692,2.3846154,2.1538463,29.326923,29.326923,29.326923,29.326923,,4.076923,1.9230769,3.75,2.25,2.6153846,33.333332,31.570513,33.333332,31.570513,,4.5384617,1.4615384,4.4615383,1.5384616,4.1538463,1.8461539,,,15.384615,15.384615,,,,2.909091,3.090909,3.1538463,3.3846154,2.5833333,3.4166667,3.9230769,2.0769231,,,,51.0,50.614803,,,,1.9230769,4.3846154,1.6153846,1.7692307,2.0769231,4.1666665,,,,33.333332,32.75641,,,,1.8461539,2.1666667,1.8461539,3.6153846,2.3846154,4.076923,1.9230769,,,26.25,25.833334,,,,3.9166667,2.0833333,4.090909,1.9090909,2.7692308,3.2307692,3.5,1.0909091,1.0909091,,,,,,37.5,35.76389,,,,2.5833333,3.1538463,3.0,3.9166667,2.0833333,2.8461537,3.1538463,42.272728,44.871796,42.272728,44.871796,,4.6923075,1.3076923,2.2727273,3.7272727,1.5454545,4.4545455,2.6923077,,49.43182,51.136364,,,,2.0769231,2.6153846,2.25,2.1538463,,,29.6875,31.850962,,,,9.0,,,5.1538463,4.0,5.3333335,2.9166667,3.7692308,,,,,2.7777777,0.0,0.7692308,0.23076923,0.0,0.15384616,,,,,,,0.0,0.0,0.0,0.07692308,0.3846154,0.61538464,0.07692308,0.0,0.07692308,0.6923077,4.6923075,8.923077,,5.8461537,6.769231,7.181818,,,,,,,,,,,,,,,,,,,,,,,,,,,,,,,,,,,,,,,,,,,,,,,,,,,
ZWE_30072018_P1,Zimbabwe,ZWE,2018.0,2018-07-30,Presidential,10.0,,6,5,0,1,1899.7750244140625,1,1,0,,36.259922,31.938776,,,42.147858,35.975697,30.949074,50.0,51.666668,42.71528,36.3125,32.881943,50.0,51.666668,4.1,,3.9,2.1,3.6,2.4,3.6,2.4,,,,,32.5,32.5,,,,2.8,3.3,2.4,2.8,45.625,45.625,45.625,45.625,,3.375,2.625,3.1111112,2.8888888,2.7777777,40.625,44.09722,40.625,44.09722,,3.6,2.4,3.8,2.2,3.7777777,2.2222223,,,32.407406,31.851852,,,,2.6666667,3.3333333,3.1,3.8,3.2,2.8,2.9,3.1,,,,58.333332,55.666668,,,,2.3,3.7,2.3,1.8,2.7,4.4,,,,42.5,42.5,,,,1.8,1.7,1.2,3.9,2.1,4.7,1.3,4.0,2.0,15.5,15.5,17.083334,17.083334,,3.5,2.5,3.5,2.5,3.9,3.7,2.8,1.5555556,1.0,,,,,,43.981483,45.648148,,,,3.0,2.1,2.4444444,1.9,4.1,2.3,3.7,53.333332,51.72222,53.333332,51.72222,,4.7,1.3,2.6666667,3.3333333,4.2,1.8,3.0,,32.63889,33.958332,,,,2.2,3.6,2.4,2.6,,,42.5,42.5,,,,9.1,,,4.7,2.9,4.1,3.1,3.7,,,,,3.0,0.1,0.9,0.3,0.1,0.0,,,,,,,0.0,0.0,0.0,0.4,0.2,0.3,0.1,0.1,0.0,0.7,5.1,8.7,,,,,8.2,4.6,2.1,,,,,,,,,,,,,,,3.4,3.4,3.5,3.5,3.0,3.1,3.1,3.8,2.7777777,2.7777777,3.4444444,2.5,4.0,4.0,4.2,4.2,,,,,,,,,,,,,,,,,,
ZWE_23082023_P1,Zimbabwe,ZWE,2023.0,2023-08-23,Presidential,5.0,,6,5,0,2,3420.0,1,1,0,,17.57653,14.668367,19.274193,12.5,17.659721,15.722222,18.25,25.0,11.666667,17.881945,15.861111,19.0,25.0,11.666667,1.8,,4.4,1.6,4.2,1.8,3.8,2.2,2.4,1.0,1.8,1.6,21.666666,21.666666,17.857143,19.285713,,1.2,1.6,1.4,1.4,10.0,10.0,10.0,10.0,,4.8,1.2,4.8,1.2,1.2,5.0,5.0,5.0,5.0,,4.6,1.4,4.6,1.4,4.75,1.25,4.75,1.25,6.25,8.75,6.25,8.125,,3.6,2.4,2.4,2.6,4.4,1.6,4.8,1.2,2.2,4.0,2.0,26.0,26.0,26.428572,26.428572,,1.2,5.0,1.0,1.2,1.8,4.5,4.6,1.4,2.4,21.25,23.5,20.535713,23.214285,,1.2,1.25,1.25,4.6,1.4,4.8,1.2,4.6,1.4,5.0,6.5,5.208333,7.083333,,4.6,1.4,4.6,1.4,1.2,2.4,2.6,1.2,1.4,3.4,2.6,1.5,4.8,1.2,17.5,17.5,10.625,13.75,,2.2,1.8,1.4,4.4,1.6,4.6,1.4,17.0,17.0,17.0,17.0,,4.6,1.4,3.0,3.0,1.8,4.2,2.0,1.6,41.25,41.25,36.0,36.0,,2.0,2.4,1.4,1.4,2.0,4.0,20.0,20.0,31.0,31.0,,9.2,,,1.8,1.8,2.8,2.0,1.6,,0.0,0.0,0.0,1.4,1.0,1.0,1.0,,,,,,,,,0.0,0.0,0.0,0.2,0.4,0.4,0.0,0.0,0.0,1.0,4.0,8.8,,,,,3.0,2.8,1.2,,,,,,,,,,,,,,,,,,,,,,,,,,,,,,,,,,,,,,,,,,,,,,,,
